imdb_id,title,original_title,year,runtime_minutes,genres,average_rating,num_votes,imdb_url
tt0111161,The Shawshank Redemption,The Shawshank Redemption,1994,142.0,Drama,9.3,3182733,https://www.imdb.com/title/tt0111161
tt0109830,Forrest Gump,Forrest Gump,1994,142.0,Drama,8.8,2492584,https://www.imdb.com/title/tt0109830
tt1853728,Django Unchained,Django Unchained,2012,165.0,Drama,8.5,1879878,https://www.imdb.com/title/tt1853728
tt1130884,Shutter Island,Shutter Island,2010,138.0,Drama,8.2,1643391,https://www.imdb.com/title/tt1130884
tt0120815,Saving Private Ryan,Saving Private Ryan,1998,169.0,Drama,8.6,1636156,https://www.imdb.com/title/tt0120815
tt0482571,The Prestige,The Prestige,2006,130.0,Drama,8.5,1584861,https://www.imdb.com/title/tt0482571
tt0209144,Memento,Memento,2000,113.0,Drama,8.4,1433446,https://www.imdb.com/title/tt0209144
tt0120338,Titanic,Titanic,1997,194.0,Drama,8.0,1390424,https://www.imdb.com/title/tt0120338
tt0169547,American Beauty,American Beauty,1999,122.0,Drama,8.3,1278772,https://www.imdb.com/title/tt0169547
tt0081505,The Shining,The Shining,1980,146.0,Drama,8.4,1223724,https://www.imdb.com/title/tt0081505
tt0119217,Good Will Hunting,Good Will Hunting,1997,126.0,Drama,8.4,1214497,https://www.imdb.com/title/tt0119217
tt0338013,Eternal Sunshine of the Spotless Mind,Eternal Sunshine of the Spotless Mind,2004,108.0,Drama,8.3,1181398,https://www.imdb.com/title/tt0338013
tt2267998,Gone Girl,Gone Girl,2014,149.0,Drama,8.1,1166995,https://www.imdb.com/title/tt2267998
tt6751668,Parasite,Gisaengchung,2019,132.0,Drama,8.5,1160356,https://www.imdb.com/title/tt6751668
tt2582802,Whiplash,Whiplash,2014,106.0,Drama,8.5,1151867,https://www.imdb.com/title/tt2582802
tt0167404,The Sixth Sense,The Sixth Sense,1999,107.0,Drama,8.2,1142932,https://www.imdb.com/title/tt0167404
tt0180093,Requiem for a Dream,Requiem for a Dream,2000,102.0,Drama,8.3,972313,https://www.imdb.com/title/tt0180093
tt0246578,Donnie Darko,Donnie Darko,2001,113.0,Drama,8.0,911053,https://www.imdb.com/title/tt0246578
tt1454468,Gravity,Gravity,2013,91.0,Drama,7.7,899373,https://www.imdb.com/title/tt1454468
tt0947798,Black Swan,Black Swan,2010,108.0,Drama,8.0,888168,https://www.imdb.com/title/tt0947798
tt0480249,I Am Legend,I Am Legend,2007,101.0,Drama,7.2,876084,https://www.imdb.com/title/tt0480249
tt2543164,Arrival,Arrival,2016,116.0,Drama,7.9,861917,https://www.imdb.com/title/tt2543164
tt1205489,Gran Torino,Gran Torino,2008,116.0,Drama,8.1,861216,https://www.imdb.com/title/tt1205489
tt0093058,Full Metal Jacket,Full Metal Jacket,1987,116.0,Drama,8.2,850283,https://www.imdb.com/title/tt0093058
tt0405159,Million Dollar Baby,Million Dollar Baby,2004,132.0,Drama,8.1,765383,https://www.imdb.com/title/tt0405159
tt0457430,Pan's Labyrinth,El laberinto del fauno,2006,118.0,Drama,8.2,746090,https://www.imdb.com/title/tt0457430
tt0421715,The Curious Case of Benjamin Button,The Curious Case of Benjamin Button,2008,166.0,Drama,7.8,744491,https://www.imdb.com/title/tt0421715
tt1798709,Her,Her,2013,126.0,Drama,8.0,725951,https://www.imdb.com/title/tt1798709
tt0469494,There Will Be Blood,There Will Be Blood,2007,158.0,Drama,8.2,707275,https://www.imdb.com/title/tt0469494
tt0332280,The Notebook,The Notebook,2004,123.0,Drama,7.8,687802,https://www.imdb.com/title/tt0332280
tt6644200,A Quiet Place,A Quiet Place,2018,90.0,Drama,7.5,657368,https://www.imdb.com/title/tt6644200
tt1343092,The Great Gatsby,The Great Gatsby,2013,143.0,Drama,7.2,642176,https://www.imdb.com/title/tt1343092
tt0470752,Ex Machina,Ex Machina,2014,108.0,Drama,7.7,638522,https://www.imdb.com/title/tt0470752
tt1659337,The Perks of Being a Wallflower,The Perks of Being a Wallflower,2012,103.0,Drama,7.9,595204,https://www.imdb.com/title/tt1659337
tt0095953,Rain Man,Rain Man,1988,133.0,Drama,8.0,585112,https://www.imdb.com/title/tt0095953
tt10811166,The Kashmir Files,The Kashmir Files,2022,170.0,Drama,8.5,578850,https://www.imdb.com/title/tt10811166
tt0206634,Children of Men,Children of Men,2006,109.0,Drama,7.9,565436,https://www.imdb.com/title/tt0206634
tt0099487,Edward Scissorhands,Edward Scissorhands,1990,105.0,Drama,7.8,564568,https://www.imdb.com/title/tt0099487
tt0289879,The Butterfly Effect,The Butterfly Effect,2004,113.0,Drama,7.6,555641,https://www.imdb.com/title/tt0289879
tt0289043,28 Days Later,28 Days Later,2002,113.0,Drama,7.5,546162,https://www.imdb.com/title/tt0289043
tt1454029,The Help,The Help,2011,146.0,Drama,8.1,527918,https://www.imdb.com/title/tt1454029
tt1099212,Twilight,Twilight,2008,122.0,Drama,5.4,526020,https://www.imdb.com/title/tt1099212
tt0887912,The Hurt Locker,The Hurt Locker,2008,131.0,Drama,7.5,496236,https://www.imdb.com/title/tt0887912
tt1355644,Passengers,Passengers,2016,116.0,Drama,7.0,495659,https://www.imdb.com/title/tt1355644
tt8772262,Midsommar,Midsommar,2019,148.0,Drama,7.1,482582,https://www.imdb.com/title/tt8772262
tt3170832,Room,Room,2015,118.0,Drama,8.1,479725,https://www.imdb.com/title/tt3170832
tt5580390,The Shape of Water,The Shape of Water,2017,123.0,Drama,7.3,475523,https://www.imdb.com/title/tt5580390
tt0091763,Platoon,Platoon,1986,120.0,Drama,8.1,472302,https://www.imdb.com/title/tt0091763
tt0119174,The Game,The Game,1997,129.0,Drama,7.7,470092,https://www.imdb.com/title/tt0119174
tt0105695,Unforgiven,Unforgiven,1992,130.0,Drama,8.2,468469,https://www.imdb.com/title/tt0105695
tt0217869,Unbreakable,Unbreakable,2000,106.0,Drama,7.3,467365,https://www.imdb.com/title/tt0217869
tt7784604,Hereditary,Hereditary,2018,127.0,Drama,7.3,454249,https://www.imdb.com/title/tt7784604
tt1517451,A Star Is Born,A Star Is Born,2018,136.0,Drama,7.6,448533,https://www.imdb.com/title/tt1517451
tt0118971,The Devil's Advocate,The Devil's Advocate,1997,144.0,Drama,7.5,443966,https://www.imdb.com/title/tt0118971
tt0405094,The Lives of Others,Das Leben der Anderen,2006,137.0,Drama,8.4,442820,https://www.imdb.com/title/tt0405094
tt0361862,The Machinist,The Machinist,2004,101.0,Drama,7.6,441467,https://www.imdb.com/title/tt0361862
tt0120663,Eyes Wide Shut,Eyes Wide Shut,1999,159.0,Drama,7.5,428169,https://www.imdb.com/title/tt0120663
tt0166924,Mulholland Drive,Mulholland Dr.,2001,147.0,Drama,7.9,427778,https://www.imdb.com/title/tt0166924
tt2582846,The Fault in Our Stars,The Fault in Our Stars,2014,126.0,Drama,7.6,424197,https://www.imdb.com/title/tt2582846
tt17526714,The Substance,The Substance,2024,141.0,Drama,7.2,418216,https://www.imdb.com/title/tt17526714
tt0388795,Brokeback Mountain,Brokeback Mountain,2005,134.0,Drama,7.7,416575,https://www.imdb.com/title/tt0388795
tt0286106,Signs,Signs,2002,106.0,Drama,6.8,413841,https://www.imdb.com/title/tt0286106
tt2106476,The Hunt,Jagten,2012,115.0,Drama,8.3,408643,https://www.imdb.com/title/tt2106476
tt0408236,Sweeney Todd: The Demon Barber of Fleet Street,Sweeney Todd: The Demon Barber of Fleet Street,2007,116.0,Drama,7.3,406280,https://www.imdb.com/title/tt0408236
tt0443543,The Illusionist,The Illusionist,2006,110.0,Drama,7.5,404210,https://www.imdb.com/title/tt0443543
tt1907668,Flight,Flight,2012,138.0,Drama,7.3,396979,https://www.imdb.com/title/tt1907668
tt1182345,Moon,Moon,2009,97.0,Drama,7.8,394726,https://www.imdb.com/title/tt1182345
tt1371111,Cloud Atlas,Cloud Atlas,2012,172.0,Drama,7.3,386403,https://www.imdb.com/title/tt1371111
tt1179933,10 Cloverfield Lane,10 Cloverfield Lane,2016,103.0,Drama,7.2,383684,https://www.imdb.com/title/tt1179933
tt1065073,Boyhood,Boyhood,2014,165.0,Drama,7.9,381597,https://www.imdb.com/title/tt1065073
tt0110148,Interview with the Vampire: The Vampire Chronicles,Interview with the Vampire: The Vampire Chronicles,1994,123.0,Drama,7.5,376304,https://www.imdb.com/title/tt0110148
tt1403865,True Grit,True Grit,2010,110.0,Drama,7.6,376089,https://www.imdb.com/title/tt1403865
tt0414387,Pride & Prejudice,Pride & Prejudice,2005,129.0,Drama,7.8,376011,https://www.imdb.com/title/tt0414387
tt7653254,Marriage Story,Marriage Story,2019,137.0,Drama,7.9,371553,https://www.imdb.com/title/tt7653254
tt0105323,Scent of a Woman,Scent of a Woman,1992,156.0,Drama,8.0,371212,https://www.imdb.com/title/tt0105323
tt1707386,Les Misérables,Les Misérables,2012,158.0,Drama,7.5,361918,https://www.imdb.com/title/tt1707386
tt5726616,Call Me by Your Name,Call Me by Your Name,2017,132.0,Drama,7.8,358422,https://www.imdb.com/title/tt5726616
tt4034228,Manchester by the Sea,Manchester by the Sea,2016,137.0,Drama,7.8,356054,https://www.imdb.com/title/tt4034228
tt2322441,Fifty Shades of Grey,Fifty Shades of Grey,2015,125.0,Drama,4.2,355989,https://www.imdb.com/title/tt2322441
tt7349950,It: Chapter Two,It: Chapter Two,2019,169.0,Drama,6.5,354065,https://www.imdb.com/title/tt7349950
tt4975722,Moonlight,Moonlight,2016,111.0,Drama,7.4,351790,https://www.imdb.com/title/tt4975722
tt4263482,The Witch,The VVitch: A New-England Folktale,2015,92.0,Drama,7.0,351253,https://www.imdb.com/title/tt4263482
tt0298203,8 Mile,8 Mile,2002,110.0,Drama,7.2,351205,https://www.imdb.com/title/tt0298203
tt0175880,Magnolia,Magnolia,1999,188.0,Drama,8.0,350476,https://www.imdb.com/title/tt0175880
tt0119177,Gattaca,Gattaca,1997,106.0,Drama,7.7,346651,https://www.imdb.com/title/tt0119177
tt3682448,Bridge of Spies,Bridge of Spies,2015,142.0,Drama,7.6,344225,https://www.imdb.com/title/tt3682448
tt0278504,Insomnia,Insomnia,2002,118.0,Drama,7.2,342246,https://www.imdb.com/title/tt0278504
tt1790885,Zero Dark Thirty,Zero Dark Thirty,2012,157.0,Drama,7.4,341168,https://www.imdb.com/title/tt1790885
tt4550098,Nocturnal Animals,Nocturnal Animals,2016,116.0,Drama,7.4,338622,https://www.imdb.com/title/tt4550098
tt2674426,Me Before You,Me Before You,2016,110.0,Drama,7.4,334181,https://www.imdb.com/title/tt2674426
tt1028528,Death Proof,Death Proof,2007,127.0,Drama,7.0,333615,https://www.imdb.com/title/tt1028528
tt3464902,The Lobster,The Lobster,2015,119.0,Drama,7.1,333295,https://www.imdb.com/title/tt3464902
tt1125849,The Wrestler,The Wrestler,2008,109.0,Drama,7.9,331080,https://www.imdb.com/title/tt1125849
tt1598778,Contagion,Contagion,2011,106.0,Drama,6.8,330428,https://www.imdb.com/title/tt1598778
tt0449467,Babel,Babel,2006,143.0,Drama,7.4,328881,https://www.imdb.com/title/tt0449467
tt0783233,Atonement,Atonement,2007,123.0,Drama,7.8,328548,https://www.imdb.com/title/tt0783233
tt0814314,Seven Pounds,Seven Pounds,2008,123.0,Drama,7.6,325787,https://www.imdb.com/title/tt0814314
tt8332922,A Quiet Place Part II,A Quiet Place Part II,2020,97.0,Drama,7.2,322133,https://www.imdb.com/title/tt8332922
tt0095765,Cinema Paradiso,Nuovo Cinema Paradiso,1988,174.0,Drama,8.5,317165,https://www.imdb.com/title/tt0095765
tt0104257,A Few Good Men,A Few Good Men,1992,138.0,Drama,7.7,316843,https://www.imdb.com/title/tt0104257
tt1016150,All Quiet on the Western Front,Im Westen nichts Neues,2022,148.0,Drama,7.8,315582,https://www.imdb.com/title/tt1016150
tt0381681,Before Sunset,Before Sunset,2004,80.0,Drama,8.1,314631,https://www.imdb.com/title/tt0381681
tt0203009,Moulin Rouge!,Moulin Rouge!,2001,127.0,Drama,7.5,314271,https://www.imdb.com/title/tt0203009
tt0118884,Contact,Contact,1997,150.0,Drama,7.5,312809,https://www.imdb.com/title/tt0118884
tt1312221,Frankenstein,Frankenstein,2025,149.0,Drama,7.4,307865,https://www.imdb.com/title/tt1312221
tt0118749,Boogie Nights,Boogie Nights,1997,155.0,Drama,7.9,305409,https://www.imdb.com/title/tt0118749
tt6823368,Glass,Glass,2019,129.0,Drama,6.6,303597,https://www.imdb.com/title/tt6823368
tt7984734,The Lighthouse,The Lighthouse,2019,109.0,Drama,7.4,301456,https://www.imdb.com/title/tt7984734
tt0119643,Meet Joe Black,Meet Joe Black,1998,178.0,Drama,7.2,299773,https://www.imdb.com/title/tt0119643
tt0368447,The Village,The Village,2004,108.0,Drama,6.6,296450,https://www.imdb.com/title/tt0368447
tt0082096,Das Boot,Das Boot,1981,149.0,Drama,8.3,287685,https://www.imdb.com/title/tt0082096
tt1051906,The Invisible Man,The Invisible Man,2020,124.0,Drama,7.1,284323,https://www.imdb.com/title/tt1051906
tt3281548,Little Women,Little Women,2019,135.0,Drama,7.8,283709,https://www.imdb.com/title/tt3281548
tt13833688,The Whale,The Whale,2022,117.0,Drama,7.6,282049,https://www.imdb.com/title/tt13833688
tt0092890,Dirty Dancing,Dirty Dancing,1987,100.0,Drama,7.1,279691,https://www.imdb.com/title/tt0092890
tt1832382,A Separation,Jodaeiye Nader az Simin,2011,123.0,Drama,8.3,277494,https://www.imdb.com/title/tt1832382
tt0985699,Valkyrie,Valkyrie,2008,121.0,Drama,7.1,274839,https://www.imdb.com/title/tt0985699
tt0914798,The Boy in the Striped Pajamas,The Boy in the Striped Pajamas,2008,94.0,Drama,7.7,274047,https://www.imdb.com/title/tt0914798
tt0335345,The Passion of the Christ,The Passion of the Christ,2004,127.0,Drama,7.3,274041,https://www.imdb.com/title/tt0335345
tt0976051,The Reader,The Reader,2008,124.0,Drama,7.6,273748,https://www.imdb.com/title/tt0976051
tt0107818,Philadelphia,Philadelphia,1993,125.0,Drama,7.7,273655,https://www.imdb.com/title/tt0107818
tt0245712,Amores Perros,Amores perros,2000,154.0,Drama,8.0,272309,https://www.imdb.com/title/tt0245712
tt0898367,The Road,The Road,2009,111.0,Drama,7.2,270643,https://www.imdb.com/title/tt0898367
tt0108550,What's Eating Gilbert Grape,What's Eating Gilbert Grape,1993,118.0,Drama,7.7,269743,https://www.imdb.com/title/tt0108550
tt2321549,The Babadook,The Babadook,2014,94.0,Drama,6.8,269646,https://www.imdb.com/title/tt2321549
tt5109784,Mother!,Mother!,2017,121.0,Drama,6.6,267978,https://www.imdb.com/title/tt5109784
tt0100157,Misery,Misery,1990,107.0,Drama,7.8,265769,https://www.imdb.com/title/tt0100157
tt17351924,Saltburn,Saltburn,2023,131.0,Drama,7.0,265023,https://www.imdb.com/title/tt17351924
tt1649419,The Impossible,Lo imposible,2012,114.0,Drama,7.5,262837,https://www.imdb.com/title/tt1649419
tt0117509,Romeo + Juliet,Romeo + Juliet,1996,120.0,Drama,6.7,260643,https://www.imdb.com/title/tt0117509
tt20215234,Conclave,Conclave,2024,120.0,Drama,7.4,258446,https://www.imdb.com/title/tt20215234
tt0414993,The Fountain,The Fountain,2006,97.0,Drama,7.1,258045,https://www.imdb.com/title/tt0414993
tt0485947,Mr. Nobody,Mr. Nobody,2009,141.0,Drama,7.7,257399,https://www.imdb.com/title/tt0485947
tt0099653,Ghost,Ghost,1990,126.0,Drama,7.1,256408,https://www.imdb.com/title/tt0099653
tt0408306,Munich,Munich,2005,164.0,Drama,7.5,253278,https://www.imdb.com/title/tt0408306
tt0376541,Closer,Closer,2004,104.0,Drama,7.1,250720,https://www.imdb.com/title/tt0376541
tt1255953,Incendies,Incendies,2010,131.0,Drama,8.3,250123,https://www.imdb.com/title/tt1255953
tt2209764,Transcendence,Transcendence,2014,119.0,Drama,6.2,246858,https://www.imdb.com/title/tt2209764
tt0089927,Rocky IV,Rocky IV,1985,91.0,Drama,6.9,244720,https://www.imdb.com/title/tt0089927
tt5606664,Doctor Sleep,Doctor Sleep,2019,152.0,Drama,7.3,244535,https://www.imdb.com/title/tt5606664
tt10272386,The Father,The Father,2020,97.0,Drama,8.2,243914,https://www.imdb.com/title/tt10272386
tt0103772,Basic Instinct,Basic Instinct,1992,127.0,Drama,7.1,243142,https://www.imdb.com/title/tt0103772
tt0479143,Rocky Balboa,Rocky Balboa,2006,102.0,Drama,7.1,242825,https://www.imdb.com/title/tt0479143
tt1305806,The Secret in Their Eyes,El secreto de sus ojos,2009,129.0,Drama,8.2,241953,https://www.imdb.com/title/tt1305806
tt12747748,Leave the World Behind,Leave the World Behind,2023,138.0,Drama,6.4,241827,https://www.imdb.com/title/tt12747748
tt1139797,Let the Right One In,Låt den rätte komma in,2008,114.0,Drama,7.8,239790,https://www.imdb.com/title/tt1139797
tt1124035,The Ides of March,The Ides of March,2011,101.0,Drama,7.1,239228,https://www.imdb.com/title/tt1124035
tt2316411,Enemy,Enemy,2013,91.0,Drama,6.8,239085,https://www.imdb.com/title/tt2316411
tt0416320,Match Point,Match Point,2005,124.0,Drama,7.6,238925,https://www.imdb.com/title/tt0416320
tt0959337,Revolutionary Road,Revolutionary Road,2008,119.0,Drama,7.3,236132,https://www.imdb.com/title/tt0959337
tt0986264,Like Stars on Earth,Taare Zameen Par,2007,162.0,Drama,8.3,231799,https://www.imdb.com/title/tt0986264
tt0281358,A Walk to Remember,A Walk to Remember,2002,101.0,Drama,7.3,231117,https://www.imdb.com/title/tt0281358
tt1655441,The Age of Adaline,The Age of Adaline,2015,112.0,Drama,7.2,228407,https://www.imdb.com/title/tt1655441
tt0084602,Rocky III,Rocky III,1982,99.0,Drama,6.9,227988,https://www.imdb.com/title/tt0084602
tt1340800,Tinker Tailor Soldier Spy,Tinker Tailor Soldier Spy,2011,127.0,Drama,7.0,226265,https://www.imdb.com/title/tt1340800
tt1120985,Blue Valentine,Blue Valentine,2010,112.0,Drama,7.3,225465,https://www.imdb.com/title/tt1120985
tt0091064,The Fly,The Fly,1986,96.0,Drama,7.6,223928,https://www.imdb.com/title/tt0091064
tt0088846,Brazil,Brazil,1985,132.0,Drama,7.8,222526,https://www.imdb.com/title/tt0088846
tt10293406,The Power of the Dog,The Power of the Dog,2021,126.0,Drama,6.8,222260,https://www.imdb.com/title/tt10293406
tt0363988,Secret Window,Secret Window,2004,96.0,Drama,6.5,221493,https://www.imdb.com/title/tt0363988
tt0139134,Cruel Intentions,Cruel Intentions,1999,97.0,Drama,6.8,220180,https://www.imdb.com/title/tt0139134
tt0756683,The Man from Earth,The Man from Earth,2007,87.0,Drama,7.8,218558,https://www.imdb.com/title/tt0756683
tt9770150,Nomadland,Nomadland,2020,107.0,Drama,7.3,218182,https://www.imdb.com/title/tt9770150
tt1723811,Shame,Shame,2011,101.0,Drama,7.2,217289,https://www.imdb.com/title/tt1723811
tt5715874,The Killing of a Sacred Deer,The Killing of a Sacred Deer,2017,121.0,Drama,7.0,214813,https://www.imdb.com/title/tt5715874
tt1606389,The Vow,The Vow,2012,104.0,Drama,6.8,213769,https://www.imdb.com/title/tt1606389
tt0116209,The English Patient,The English Patient,1996,162.0,Drama,7.4,213453,https://www.imdb.com/title/tt0116209
tt0120863,The Thin Red Line,The Thin Red Line,1998,170.0,Drama,7.6,212846,https://www.imdb.com/title/tt0120863
tt0241303,Chocolat,Chocolat,2000,121.0,Drama,7.2,210269,https://www.imdb.com/title/tt0241303
tt1527186,Melancholia,Melancholia,2011,135.0,Drama,7.1,208011,https://www.imdb.com/title/tt1527186
tt4244994,The Last Duel,The Last Duel,2021,152.0,Drama,7.3,206167,https://www.imdb.com/title/tt4244994
tt1070874,The Trial of the Chicago 7,The Trial of the Chicago 7,2020,129.0,Drama,7.7,205147,https://www.imdb.com/title/tt1070874
tt4016934,The Handmaiden,Ah-ga-ssi,2016,145.0,Drama,8.1,202677,https://www.imdb.com/title/tt4016934
tt0272152,K-PAX,K-PAX,2001,120.0,Drama,7.4,202503,https://www.imdb.com/title/tt0272152
tt1560747,The Master,The Master,2012,138.0,Drama,7.1,200869,https://www.imdb.com/title/tt1560747
tt1596365,The Woman in Black,The Woman in Black,2012,95.0,Drama,6.4,199495,https://www.imdb.com/title/tt1596365
tt0110322,Legends of the Fall,Legends of the Fall,1994,133.0,Drama,7.5,199462,https://www.imdb.com/title/tt0110322
tt9639470,Last Night in Soho,Last Night in Soho,2021,116.0,Drama,7.0,199380,https://www.imdb.com/title/tt9639470
tt2543472,Wonder,Wonder,2017,113.0,Drama,7.9,196486,https://www.imdb.com/title/tt2543472
tt16419074,Air,Air,2023,111.0,Drama,7.4,194770,https://www.imdb.com/title/tt16419074
tt0138704,Pi,Pi,1998,84.0,Drama,7.3,192809,https://www.imdb.com/title/tt0138704
tt0478304,The Tree of Life,The Tree of Life,2011,139.0,Drama,6.8,192192,https://www.imdb.com/title/tt0478304
tt7668870,Searching,Searching,2018,102.0,Drama,7.6,192122,https://www.imdb.com/title/tt7668870
tt0307901,25th Hour,25th Hour,2002,135.0,Drama,7.6,191543,https://www.imdb.com/title/tt0307901
tt0380510,The Lovely Bones,The Lovely Bones,2009,135.0,Drama,6.6,191350,https://www.imdb.com/title/tt0380510
tt0398808,Bridge to Terabithia,Bridge to Terabithia,2007,96.0,Drama,7.2,191185,https://www.imdb.com/title/tt0398808
tt0118694,In the Mood for Love,Fa yeung nin wah,2000,98.0,Drama,8.0,187947,https://www.imdb.com/title/tt0118694
tt0159097,The Virgin Suicides,The Virgin Suicides,1999,97.0,Drama,7.2,186078,https://www.imdb.com/title/tt0159097
tt2209418,Before Midnight,Before Midnight,2013,109.0,Drama,7.9,185647,https://www.imdb.com/title/tt2209418
tt0408790,Flightplan,Flightplan,2005,98.0,Drama,6.3,185343,https://www.imdb.com/title/tt0408790
tt4178092,The Gift,The Gift,2015,108.0,Drama,7.0,185102,https://www.imdb.com/title/tt4178092
tt5363618,Sound of Metal,Sound of Metal,2019,120.0,Drama,7.7,185090,https://www.imdb.com/title/tt5363618
tt10954652,Old,Old,2021,108.0,Drama,5.8,183273,https://www.imdb.com/title/tt10954652
tt11315808,Joker: Folie à Deux,Joker: Folie à Deux,2024,138.0,Drama,5.2,182165,https://www.imdb.com/title/tt11315808
tt0102138,JFK,JFK,1991,189.0,Drama,8.0,182101,https://www.imdb.com/title/tt0102138
tt1242460,We Need to Talk About Kevin,We Need to Talk About Kevin,2011,112.0,Drama,7.4,181218,https://www.imdb.com/title/tt1242460
tt1189073,The Skin I Live In,La piel que habito,2011,120.0,Drama,7.6,180071,https://www.imdb.com/title/tt1189073
tt1563738,One Day,One Day,2011,107.0,Drama,7.0,179497,https://www.imdb.com/title/tt1563738
tt6155172,Roma,Roma,2018,135.0,Drama,7.6,178373,https://www.imdb.com/title/tt6155172
tt1462758,Buried,Buried,2010,95.0,Drama,7.0,176275,https://www.imdb.com/title/tt1462758
tt10731256,Don't Worry Darling,Don't Worry Darling,2022,123.0,Drama,6.3,176166,https://www.imdb.com/title/tt10731256
tt13433802,A Quiet Place: Day One,A Quiet Place: Day One,2024,99.0,Drama,6.3,175922,https://www.imdb.com/title/tt13433802
tt0822832,Marley & Me,Marley & Me,2008,115.0,Drama,7.0,175548,https://www.imdb.com/title/tt0822832
tt0424136,Hard Candy,Hard Candy,2005,104.0,Drama,7.0,174279,https://www.imdb.com/title/tt0424136
tt2278871,Blue Is the Warmest Colour,La vie d'Adèle,2013,180.0,Drama,7.6,173067,https://www.imdb.com/title/tt2278871
tt0397535,Memoirs of a Geisha,Memoirs of a Geisha,2005,145.0,Drama,7.3,172777,https://www.imdb.com/title/tt0397535
tt0765010,Brothers,Brothers,2009,105.0,Drama,7.1,172223,https://www.imdb.com/title/tt0765010
tt13238346,Past Lives,Past Lives,2023,105.0,Drama,7.8,172220,https://www.imdb.com/title/tt13238346
tt2042568,Inside Llewyn Davis,Inside Llewyn Davis,2013,104.0,Drama,7.4,171858,https://www.imdb.com/title/tt2042568
tt1441395,Under the Skin,Under the Skin,2013,108.0,Drama,6.3,170428,https://www.imdb.com/title/tt1441395
tt0464141,The Orphanage,El orfanato,2007,105.0,Drama,7.4,170420,https://www.imdb.com/title/tt0464141
tt0116922,Lost Highway,Lost Highway,1997,134.0,Drama,7.6,170099,https://www.imdb.com/title/tt0116922
tt2554274,Crimson Peak,Crimson Peak,2015,119.0,Drama,6.5,169369,https://www.imdb.com/title/tt2554274
tt2692904,Locke,Locke,2013,85.0,Drama,7.1,168969,https://www.imdb.com/title/tt2692904
tt1714206,The Spectacular Now,The Spectacular Now,2013,95.0,Drama,7.0,168388,https://www.imdb.com/title/tt1714206
tt7160372,The Zone of Interest,The Zone of Interest,2023,105.0,Drama,7.3,166340,https://www.imdb.com/title/tt7160372
tt0452694,The Time Traveler's Wife,The Time Traveler's Wife,2009,107.0,Drama,7.1,165708,https://www.imdb.com/title/tt0452694
tt0410297,The Lake House,The Lake House,2006,99.0,Drama,6.8,165170,https://www.imdb.com/title/tt0410297
tt0989757,Dear John,Dear John,2010,108.0,Drama,6.3,163821,https://www.imdb.com/title/tt0989757
tt1403981,Remember Me,Remember Me,2010,113.0,Drama,7.1,163721,https://www.imdb.com/title/tt1403981
tt32916440,Marty Supreme,Marty Supreme,2025,149.0,Drama,7.7,162731,https://www.imdb.com/title/tt32916440
tt0277027,I Am Sam,I Am Sam,2001,132.0,Drama,7.6,162307,https://www.imdb.com/title/tt0277027
tt5776858,Phantom Thread,Phantom Thread,2017,130.0,Drama,7.4,161896,https://www.imdb.com/title/tt5776858
tt1615147,Margin Call,Margin Call,2011,107.0,Drama,7.1,161705,https://www.imdb.com/title/tt1615147
tt0106918,The Firm,The Firm,1993,154.0,Drama,6.9,161238,https://www.imdb.com/title/tt0106918
tt0100507,Rocky V,Rocky V,1990,104.0,Drama,5.4,161226,https://www.imdb.com/title/tt0100507
tt1334260,Never Let Me Go,Never Let Me Go,2010,103.0,Drama,7.1,160046,https://www.imdb.com/title/tt1334260
tt0103855,The Bodyguard,The Bodyguard,1992,129.0,Drama,6.4,159385,https://www.imdb.com/title/tt0103855
tt4481414,Gifted,Gifted,2017,101.0,Drama,7.6,158703,https://www.imdb.com/title/tt4481414
tt18925334,Pearl,Pearl,2022,103.0,Drama,7.0,158516,https://www.imdb.com/title/tt18925334
tt2381111,Brooklyn,Brooklyn,2015,117.0,Drama,7.5,158472,https://www.imdb.com/title/tt2381111
tt9411972,Where the Crawdads Sing,Where the Crawdads Sing,2022,125.0,Drama,7.2,157959,https://www.imdb.com/title/tt9411972
tt0387131,The Constant Gardener,The Constant Gardener,2005,129.0,Drama,7.3,155761,https://www.imdb.com/title/tt0387131
tt1939659,Carrie,Carrie,2013,100.0,Drama,5.8,155667,https://www.imdb.com/title/tt1939659
tt2402927,Carol,Carol,2015,118.0,Drama,7.3,153567,https://www.imdb.com/title/tt2402927
tt4052882,The Shallows,The Shallows,2016,86.0,Drama,6.3,153566,https://www.imdb.com/title/tt4052882
tt0249462,Billy Elliot,Billy Elliot,2000,110.0,Drama,7.7,151894,https://www.imdb.com/title/tt0249462
tt3316960,Still Alice,Still Alice,2014,101.0,Drama,7.5,150450,https://www.imdb.com/title/tt3316960
tt0404032,The Exorcism of Emily Rose,The Exorcism of Emily Rose,2005,119.0,Drama,6.7,149144,https://www.imdb.com/title/tt0404032
tt0816442,The Book Thief,The Book Thief,2013,131.0,Drama,7.5,147597,https://www.imdb.com/title/tt0816442
tt0274558,The Hours,The Hours,2002,114.0,Drama,7.5,146992,https://www.imdb.com/title/tt0274558
tt0918927,Doubt,Doubt,2008,104.0,Drama,7.5,146711,https://www.imdb.com/title/tt0918927
tt5649144,The Florida Project,The Florida Project,2017,111.0,Drama,7.6,146482,https://www.imdb.com/title/tt5649144
tt0161081,What Lies Beneath,What Lies Beneath,2000,130.0,Drama,6.6,145434,https://www.imdb.com/title/tt0161081
tt0113627,Leaving Las Vegas,Leaving Las Vegas,1995,111.0,Drama,7.5,145077,https://www.imdb.com/title/tt0113627
tt0870984,Antichrist,Antichrist,2009,108.0,Drama,6.5,144748,https://www.imdb.com/title/tt0870984
tt9495224,Black Mirror: Bandersnatch,Black Mirror: Bandersnatch,2018,90.0,Drama,7.1,143150,https://www.imdb.com/title/tt9495224
tt0468492,The Host,Goemool,2006,120.0,Drama,7.1,142835,https://www.imdb.com/title/tt0468492
tt0092965,Empire of the Sun,Empire of the Sun,1987,153.0,Drama,7.7,142765,https://www.imdb.com/title/tt0092965
tt0309987,The Dreamers,The Dreamers,2003,115.0,Drama,7.1,142079,https://www.imdb.com/title/tt0309987
tt3748172,Gerald's Game,Gerald's Game,2017,103.0,Drama,6.5,141971,https://www.imdb.com/title/tt3748172
tt1174732,An Education,An Education,2009,100.0,Drama,7.2,141106,https://www.imdb.com/title/tt1174732
tt2884206,I Origins,I Origins,2014,106.0,Drama,7.3,141012,https://www.imdb.com/title/tt2884206
tt0245574,Y tu mamá también,Y tu mamá también,2001,106.0,Drama,7.7,140953,https://www.imdb.com/title/tt0245574
tt0087884,"Paris, Texas","Paris, Texas",1984,145.0,Drama,8.1,140612,https://www.imdb.com/title/tt0087884
tt2494362,Bone Tomahawk,Bone Tomahawk,2015,132.0,Drama,7.1,139713,https://www.imdb.com/title/tt2494362
tt0265459,One Hour Photo,One Hour Photo,2002,96.0,Drama,6.8,139705,https://www.imdb.com/title/tt0265459
tt27543632,The Housemaid,The Housemaid,2025,131.0,Drama,6.7,139572,https://www.imdb.com/title/tt27543632
tt0097351,Field of Dreams,Field of Dreams,1989,107.0,Drama,7.5,138890,https://www.imdb.com/title/tt0097351
tt1937390,Nymphomaniac: Vol. I,Nymphomaniac: Vol. I,2013,117.0,Drama,6.9,138699,https://www.imdb.com/title/tt1937390
tt0365737,Syriana,Syriana,2005,128.0,Drama,6.8,138521,https://www.imdb.com/title/tt0365737
tt0293508,The Phantom of the Opera,The Phantom of the Opera,2004,143.0,Drama,7.2,138329,https://www.imdb.com/title/tt0293508
tt0257360,About Schmidt,About Schmidt,2002,125.0,Drama,7.2,138099,https://www.imdb.com/title/tt0257360
tt1389072,Downsizing,Downsizing,2017,135.0,Drama,5.8,137430,https://www.imdb.com/title/tt1389072
tt0114388,Sense and Sensibility,Sense and Sensibility,1995,136.0,Drama,7.7,137286,https://www.imdb.com/title/tt0114388
tt8999762,The Brutalist,The Brutalist,2024,216.0,Drama,7.2,136672,https://www.imdb.com/title/tt8999762
tt0120632,City of Angels,City of Angels,1998,114.0,Drama,6.7,134721,https://www.imdb.com/title/tt0120632
tt14208870,The Fabelmans,The Fabelmans,2022,151.0,Drama,7.5,134586,https://www.imdb.com/title/tt14208870
tt1911644,The Call,The Call,2013,94.0,Drama,6.7,134439,https://www.imdb.com/title/tt1911644
tt27534307,Speak No Evil,Speak No Evil,2024,110.0,Drama,6.8,133833,https://www.imdb.com/title/tt27534307
tt0490215,Silence,Silence,2016,161.0,Drama,7.2,133829,https://www.imdb.com/title/tt0490215
tt1228987,Let Me In,Let Me In,2010,116.0,Drama,7.1,133169,https://www.imdb.com/title/tt1228987
tt0182789,Bicentennial Man,Bicentennial Man,1999,132.0,Drama,6.9,133158,https://www.imdb.com/title/tt0182789
tt6048922,Greyhound,Greyhound,2020,91.0,Drama,7.0,132945,https://www.imdb.com/title/tt6048922
tt10189514,Soorarai Pottru,Soorarai Pottru,2020,153.0,Drama,8.6,131732,https://www.imdb.com/title/tt10189514
tt0397101,The Skeleton Key,The Skeleton Key,2005,104.0,Drama,6.5,131593,https://www.imdb.com/title/tt0397101
tt0146838,Any Given Sunday,Any Given Sunday,1999,162.0,Drama,6.9,131356,https://www.imdb.com/title/tt0146838
tt0435651,The Giver,The Giver,2014,97.0,Drama,6.4,130623,https://www.imdb.com/title/tt0435651
tt0169102,Lagaan: Once Upon a Time in India,Lagaan: Once Upon a Time in India,2001,224.0,Drama,8.1,129220,https://www.imdb.com/title/tt0169102
tt2400463,The Invitation,The Invitation,2015,100.0,Drama,6.6,129216,https://www.imdb.com/title/tt2400463
tt0099871,Jacob's Ladder,Jacob's Ladder,1990,113.0,Drama,7.4,128954,https://www.imdb.com/title/tt0099871
tt0223897,Pay It Forward,Pay It Forward,2000,123.0,Drama,7.2,128762,https://www.imdb.com/title/tt0223897
tt1821549,Nebraska,Nebraska,2013,115.0,Drama,7.7,128543,https://www.imdb.com/title/tt1821549
tt19770238,Aftersun,Aftersun,2022,102.0,Drama,7.6,128114,https://www.imdb.com/title/tt19770238
tt8613070,Portrait of a Lady on Fire,Portrait de la jeune fille en feu,2019,122.0,Drama,8.0,127060,https://www.imdb.com/title/tt8613070
tt0091605,The Name of the Rose,The Name of the Rose,1986,130.0,Drama,7.7,126935,https://www.imdb.com/title/tt0091605
tt2671706,Fences,Fences,2016,139.0,Drama,7.2,125317,https://www.imdb.com/title/tt2671706
tt10633456,Minari,Minari,2020,115.0,Drama,7.4,125052,https://www.imdb.com/title/tt10633456
tt0907657,Once,Once,2006,86.0,Drama,7.8,124949,https://www.imdb.com/title/tt0907657
tt0366627,The Jacket,The Jacket,2005,103.0,Drama,7.1,124620,https://www.imdb.com/title/tt0366627
tt0213847,Malena,Malèna,2000,108.0,Drama,7.4,124574,https://www.imdb.com/title/tt0213847
tt4731136,A Cure for Wellness,A Cure for Wellness,2016,146.0,Drama,6.4,124208,https://www.imdb.com/title/tt4731136
tt1067583,Water for Elephants,Water for Elephants,2011,120.0,Drama,6.9,123981,https://www.imdb.com/title/tt1067583
tt8267604,Capernaum,Capharnaüm,2018,126.0,Drama,8.4,123976,https://www.imdb.com/title/tt8267604
tt1188996,My Name Is Khan,My Name Is Khan,2010,165.0,Drama,7.9,123099,https://www.imdb.com/title/tt1188996
tt1379182,Dogtooth,Kynodontas,2009,97.0,Drama,7.1,122916,https://www.imdb.com/title/tt1379182
tt0368008,The Manchurian Candidate,The Manchurian Candidate,2004,129.0,Drama,6.6,122775,https://www.imdb.com/title/tt0368008
tt0091251,Come and See,Idi i smotri,1985,142.0,Drama,8.3,122454,https://www.imdb.com/title/tt0091251
tt1315981,A Single Man,A Single Man,2009,99.0,Drama,7.5,122119,https://www.imdb.com/title/tt1315981
tt0404203,Little Children,Little Children,2006,137.0,Drama,7.5,121900,https://www.imdb.com/title/tt0404203
tt0287467,Talk to Her,Hable con ella,2002,112.0,Drama,7.9,121689,https://www.imdb.com/title/tt0287467
tt1063669,The Wave,Die Welle,2008,107.0,Drama,7.6,121622,https://www.imdb.com/title/tt1063669
tt0390384,Primer,Primer,2004,77.0,Drama,6.7,121545,https://www.imdb.com/title/tt0390384
tt4465564,Fifty Shades Darker,Fifty Shades Darker,2017,118.0,Drama,4.6,121361,https://www.imdb.com/title/tt4465564
tt0929632,Precious,Precious,2009,110.0,Drama,7.3,121047,https://www.imdb.com/title/tt0929632
tt1702439,Safe Haven,Safe Haven,2013,115.0,Drama,6.7,121015,https://www.imdb.com/title/tt1702439
tt7752126,Brightburn,Brightburn,2019,90.0,Drama,6.1,121000,https://www.imdb.com/title/tt7752126
tt0120889,What Dreams May Come,What Dreams May Come,1998,113.0,Drama,7.0,120527,https://www.imdb.com/title/tt0120889
tt1682180,Stoker,Stoker,2013,99.0,Drama,6.7,120338,https://www.imdb.com/title/tt1682180
tt0115963,The Craft,The Craft,1996,101.0,Drama,6.5,120115,https://www.imdb.com/title/tt0115963
tt1853739,You're Next,You're Next,2011,95.0,Drama,6.6,119100,https://www.imdb.com/title/tt1853739
tt0105665,Twin Peaks: Fire Walk with Me,Twin Peaks: Fire Walk with Me,1992,134.0,Drama,7.3,119041,https://www.imdb.com/title/tt0105665
tt0108394,Three Colors: Blue,Trois couleurs: Bleu,1993,98.0,Drama,7.8,118915,https://www.imdb.com/title/tt0108394
tt1327194,The Lucky One,The Lucky One,2012,101.0,Drama,6.4,118378,https://www.imdb.com/title/tt1327194
tt0445922,Across the Universe,Across the Universe,2007,133.0,Drama,7.3,117675,https://www.imdb.com/title/tt0445922
tt0780653,The Wolfman,The Wolfman,2010,103.0,Drama,5.9,117617,https://www.imdb.com/title/tt0780653
tt0111495,Three Colors: Red,Trois couleurs: Rouge,1994,99.0,Drama,8.1,116882,https://www.imdb.com/title/tt0111495
tt32376165,A House of Dynamite,A House of Dynamite,2025,112.0,Drama,6.4,116229,https://www.imdb.com/title/tt32376165
tt1675192,Take Shelter,Take Shelter,2011,120.0,Drama,7.3,115532,https://www.imdb.com/title/tt1675192
tt0426931,August Rush,August Rush,2007,114.0,Drama,7.4,114650,https://www.imdb.com/title/tt0426931
tt0086541,Videodrome,Videodrome,1983,87.0,Drama,7.2,112816,https://www.imdb.com/title/tt0086541
tt4332232,Fractured,Fractured,2019,99.0,Drama,6.5,112708,https://www.imdb.com/title/tt4332232
tt8633478,Run,Run,2020,90.0,Drama,6.7,112569,https://www.imdb.com/title/tt8633478
tt0343737,The Good Shepherd,The Good Shepherd,2006,167.0,Drama,6.7,112325,https://www.imdb.com/title/tt0343737
tt1781769,Anna Karenina,Anna Karenina,2012,129.0,Drama,6.6,112207,https://www.imdb.com/title/tt1781769
tt1683526,Detachment,Detachment,2011,98.0,Drama,7.7,111647,https://www.imdb.com/title/tt1683526
tt0093010,Fatal Attraction,Fatal Attraction,1987,119.0,Drama,6.9,111247,https://www.imdb.com/title/tt0093010
tt4695012,It Comes at Night,It Comes at Night,2017,91.0,Drama,6.1,110900,https://www.imdb.com/title/tt4695012
tt1602620,Amour,Amour,2012,127.0,Drama,7.9,110504,https://www.imdb.com/title/tt1602620
tt7939766,I'm Thinking of Ending Things,I'm Thinking of Ending Things,2020,134.0,Drama,6.5,110112,https://www.imdb.com/title/tt7939766
tt6566576,Fear Street: Part One - 1994,Fear Street: 1994,2021,107.0,Drama,6.2,109935,https://www.imdb.com/title/tt6566576
tt1027718,Wall Street: Money Never Sleeps,Wall Street: Money Never Sleeps,2010,133.0,Drama,6.2,109873,https://www.imdb.com/title/tt1027718
tt14444726,Tár,Tár,2022,158.0,Drama,7.4,109453,https://www.imdb.com/title/tt14444726
tt0124315,The Cider House Rules,The Cider House Rules,1999,126.0,Drama,7.4,109441,https://www.imdb.com/title/tt0124315
tt4682786,Collateral Beauty,Collateral Beauty,2016,97.0,Drama,6.8,109243,https://www.imdb.com/title/tt4682786
tt10886166,365 Days,365 dni,2020,114.0,Drama,3.3,108430,https://www.imdb.com/title/tt10886166
tt0452637,Lady in the Water,Lady in the Water,2006,110.0,Drama,5.5,107949,https://www.imdb.com/title/tt0452637
tt0328538,Thirteen,Thirteen,2003,100.0,Drama,6.8,107861,https://www.imdb.com/title/tt0328538
tt0250797,Unfaithful,Unfaithful,2002,124.0,Drama,6.7,107408,https://www.imdb.com/title/tt0250797
tt5478478,Hostiles,Hostiles,2017,134.0,Drama,7.2,107153,https://www.imdb.com/title/tt5478478
tt1161864,The Rite,The Rite,2011,114.0,Drama,6.0,106082,https://www.imdb.com/title/tt1161864
tt6292852,I Am Mother,I Am Mother,2019,113.0,Drama,6.7,106051,https://www.imdb.com/title/tt6292852
tt2358891,The Great Beauty,La grande bellezza,2013,141.0,Drama,7.7,106031,https://www.imdb.com/title/tt2358891
tt0367110,Swades,"Swades: We, the People",2004,189.0,Drama,8.2,105999,https://www.imdb.com/title/tt0367110
tt4287320,The Circle,The Circle,2017,110.0,Drama,5.4,105323,https://www.imdb.com/title/tt4287320
tt0117666,Sling Blade,Sling Blade,1996,135.0,Drama,8.0,105027,https://www.imdb.com/title/tt0117666
tt1034415,Suspiria,Suspiria,2018,152.0,Drama,6.7,104936,https://www.imdb.com/title/tt1034415
tt0383028,"Synecdoche, New York","Synecdoche, New York",2008,124.0,Drama,7.5,104632,https://www.imdb.com/title/tt0383028
tt11003218,Pig,Pig,2021,92.0,Drama,6.9,104559,https://www.imdb.com/title/tt11003218
tt27503384,Perfect Days,Perfect Days,2023,124.0,Drama,7.9,104252,https://www.imdb.com/title/tt27503384
tt1549572,Another Earth,Another Earth,2011,92.0,Drama,6.9,104247,https://www.imdb.com/title/tt1549572
tt0088939,The Color Purple,The Color Purple,1985,154.0,Drama,7.7,104081,https://www.imdb.com/title/tt0088939
tt0490204,Reign Over Me,Reign Over Me,2007,124.0,Drama,7.4,103716,https://www.imdb.com/title/tt0490204
tt2382009,Nymphomaniac: Vol. II,Nymphomaniac: Vol. II,2013,124.0,Drama,6.6,103577,https://www.imdb.com/title/tt2382009
tt29768334,Train Dreams,Train Dreams,2025,102.0,Drama,7.5,103174,https://www.imdb.com/title/tt29768334
tt1078588,My Sister's Keeper,My Sister's Keeper,2009,109.0,Drama,7.3,102757,https://www.imdb.com/title/tt1078588
tt0087277,Footloose,Footloose,1984,107.0,Drama,6.6,101885,https://www.imdb.com/title/tt0087277
tt0090863,The Color of Money,The Color of Money,1986,119.0,Drama,7.0,101221,https://www.imdb.com/title/tt0090863
tt0107822,The Piano,The Piano,1993,121.0,Drama,7.5,101183,https://www.imdb.com/title/tt0107822
tt0285531,Dreamcatcher,Dreamcatcher,2003,134.0,Drama,5.6,101172,https://www.imdb.com/title/tt0285531
tt0154420,The Celebration,Festen,1998,101.0,Drama,8.0,100833,https://www.imdb.com/title/tt0154420
tt10655524,It Ends with Us,It Ends with Us,2024,130.0,Drama,6.3,100825,https://www.imdb.com/title/tt10655524
tt0476735,My Father and My Son,Babam ve Oglum,2005,112.0,Drama,8.2,100707,https://www.imdb.com/title/tt0476735
tt0446755,The Painted Veil,The Painted Veil,2006,125.0,Drama,7.4,99973,https://www.imdb.com/title/tt0446755
tt0368226,The Room,The Room,2003,99.0,Drama,3.6,99823,https://www.imdb.com/title/tt0368226
tt0304415,Mona Lisa Smile,Mona Lisa Smile,2003,117.0,Drama,6.6,99277,https://www.imdb.com/title/tt0304415
tt1126591,Burlesque,Burlesque,2010,119.0,Drama,6.4,99257,https://www.imdb.com/title/tt1126591
tt1263670,Crazy Heart,Crazy Heart,2009,112.0,Drama,7.2,99163,https://www.imdb.com/title/tt1263670
tt0235198,Audition,Ôdishon,1999,115.0,Drama,7.1,98905,https://www.imdb.com/title/tt0235198
tt0250258,The Experiment,Das Experiment,2001,120.0,Drama,7.7,98832,https://www.imdb.com/title/tt0250258
tt0230838,Sweet November,Sweet November,2001,119.0,Drama,6.7,98819,https://www.imdb.com/title/tt0230838
tt0099582,Flatliners,Flatliners,1990,115.0,Drama,6.6,98689,https://www.imdb.com/title/tt0099582
tt5215952,The Wailing,Gokseong,2016,156.0,Drama,7.4,98475,https://www.imdb.com/title/tt5215952
tt0285742,Monster's Ball,Monster's Ball,2001,111.0,Drama,7.0,98412,https://www.imdb.com/title/tt0285742
tt1212419,Hereafter,Hereafter,2010,129.0,Drama,6.5,98330,https://www.imdb.com/title/tt1212419
tt1164999,Biutiful,Biutiful,2010,148.0,Drama,7.4,97944,https://www.imdb.com/title/tt1164999
tt0362478,The Box,The Box,2009,115.0,Drama,5.6,97835,https://www.imdb.com/title/tt0362478
tt1229822,Jane Eyre,Jane Eyre,2011,120.0,Drama,7.3,97662,https://www.imdb.com/title/tt1229822
tt6472976,Five Feet Apart,Five Feet Apart,2019,116.0,Drama,7.2,96682,https://www.imdb.com/title/tt6472976
tt0112579,The Bridges of Madison County,The Bridges of Madison County,1995,135.0,Drama,7.6,96534,https://www.imdb.com/title/tt0112579
tt4954522,Raw,Grave,2016,99.0,Drama,6.9,96384,https://www.imdb.com/title/tt4954522
tt1294226,The Last Song,The Last Song,2010,107.0,Drama,6.0,95996,https://www.imdb.com/title/tt1294226
tt0468489,Half Nelson,Half Nelson,2006,106.0,Drama,7.1,95786,https://www.imdb.com/title/tt0468489
tt2370248,Short Term 12,Short Term 12,2013,96.0,Drama,7.9,95428,https://www.imdb.com/title/tt2370248
tt1023481,Step Up 2: The Streets,Step Up 2 the Streets,2008,98.0,Drama,6.2,94555,https://www.imdb.com/title/tt1023481
tt2726560,The Longest Ride,The Longest Ride,2015,123.0,Drama,7.0,94500,https://www.imdb.com/title/tt2726560
tt1191111,Enter the Void,Enter the Void,2009,161.0,Drama,7.2,94461,https://www.imdb.com/title/tt1191111
tt1559547,Beautiful Creatures,Beautiful Creatures,2013,124.0,Drama,6.1,93328,https://www.imdb.com/title/tt1559547
tt0371257,Stay,Stay,2005,99.0,Drama,6.7,93297,https://www.imdb.com/title/tt0371257
tt30988739,Black Bag,Black Bag,2025,93.0,Drama,6.7,93177,https://www.imdb.com/title/tt30988739
tt0181536,Finding Forrester,Finding Forrester,2000,136.0,Drama,7.3,93149,https://www.imdb.com/title/tt0181536
tt0107943,The Remains of the Day,The Remains of the Day,1993,134.0,Drama,7.8,92775,https://www.imdb.com/title/tt0107943
tt0469641,World Trade Center,World Trade Center,2006,129.0,Drama,6.0,91897,https://www.imdb.com/title/tt0469641
tt0871510,Chak De! India,Chak De! India,2007,153.0,Drama,8.1,91804,https://www.imdb.com/title/tt0871510
tt0113540,Kids,Kids,1995,91.0,Drama,7.0,91625,https://www.imdb.com/title/tt0113540
tt1365050,Beasts of No Nation,Beasts of No Nation,2015,137.0,Drama,7.7,91363,https://www.imdb.com/title/tt1365050
tt0101921,Fried Green Tomatoes,Fried Green Tomatoes,1991,130.0,Drama,7.7,91156,https://www.imdb.com/title/tt0101921
tt11555492,Farha,Farha,2021,92.0,Drama,8.0,90962,https://www.imdb.com/title/tt11555492
tt0374546,"Spring, Summer, Fall, Winter... and Spring",Bom yeoreum gaeul gyeoul geurigo bom,2003,103.0,Drama,8.0,90816,https://www.imdb.com/title/tt0374546
tt9701940,Fear Street: Part Two - 1978,Fear Street: 1978,2021,109.0,Drama,6.7,90459,https://www.imdb.com/title/tt9701940
tt0387898,Caché,Caché,2005,117.0,Drama,7.3,90181,https://www.imdb.com/title/tt0387898
tt1726592,Before I Go to Sleep,Before I Go to Sleep,2014,92.0,Drama,6.3,89941,https://www.imdb.com/title/tt1726592
tt0118849,Children of Heaven,Bacheha-ye aseman,1997,89.0,Drama,8.2,89853,https://www.imdb.com/title/tt0118849
tt0084503,Pink Floyd: The Wall,Pink Floyd: The Wall,1982,95.0,Drama,8.0,89757,https://www.imdb.com/title/tt0084503
tt0265349,The Mothman Prophecies,The Mothman Prophecies,2002,119.0,Drama,6.4,89710,https://www.imdb.com/title/tt0265349
tt8359848,Climax,Climax,2018,97.0,Drama,6.9,89629,https://www.imdb.com/title/tt8359848
tt0815245,The Uninvited,The Uninvited,2009,87.0,Drama,6.3,89218,https://www.imdb.com/title/tt0815245
tt0117333,Phenomenon,Phenomenon,1996,123.0,Drama,6.5,89206,https://www.imdb.com/title/tt0117333
tt0307479,Solaris,Solaris,2002,99.0,Drama,6.2,89157,https://www.imdb.com/title/tt0307479
tt0113409,In the Mouth of Madness,In the Mouth of Madness,1994,95.0,Drama,7.1,89093,https://www.imdb.com/title/tt0113409
tt4540710,Miss Sloane,Miss Sloane,2016,132.0,Drama,7.5,88729,https://www.imdb.com/title/tt4540710
tt2226597,The Mountain Between Us,The Mountain Between Us,2017,112.0,Drama,6.4,88279,https://www.imdb.com/title/tt2226597
tt2436386,Project Almanac,Project Almanac,2015,106.0,Drama,6.4,88114,https://www.imdb.com/title/tt2436386
tt0087803,1984,Nineteen Eighty-Four,1984,113.0,Drama,7.0,88007,https://www.imdb.com/title/tt0087803
tt3713166,Unfriended,Unfriended,2014,83.0,Drama,5.6,87215,https://www.imdb.com/title/tt3713166
tt0107211,Indecent Proposal,Indecent Proposal,1993,117.0,Drama,6.0,86653,https://www.imdb.com/title/tt0107211
tt2649554,Midnight Special,Midnight Special,2016,112.0,Drama,6.6,86593,https://www.imdb.com/title/tt2649554
tt6265828,A Ghost Story,A Ghost Story,2017,92.0,Drama,6.8,86503,https://www.imdb.com/title/tt6265828
tt0120631,Ever After: A Cinderella Story,Ever After: A Cinderella Story,1998,121.0,Drama,7.1,86222,https://www.imdb.com/title/tt0120631
tt7282468,Burning,Beoning,2018,148.0,Drama,7.4,85662,https://www.imdb.com/title/tt7282468
tt0112722,Copycat,Copycat,1995,123.0,Drama,6.6,85588,https://www.imdb.com/title/tt0112722
tt0477071,Premonition,Premonition,2007,96.0,Drama,5.9,85577,https://www.imdb.com/title/tt0477071
tt0112870,Dilwale Dulhania Le Jayenge,Dilwale Dulhania Le Jayenge,1995,181.0,Drama,8.0,85361,https://www.imdb.com/title/tt0112870
tt0419887,The Kite Runner,The Kite Runner,2007,128.0,Drama,7.6,85213,https://www.imdb.com/title/tt0419887
tt0370986,Mysterious Skin,Mysterious Skin,2004,105.0,Drama,7.6,85182,https://www.imdb.com/title/tt0370986
tt1840417,The Words,The Words,2012,102.0,Drama,7.0,84581,https://www.imdb.com/title/tt1840417
tt1582507,House at the End of the Street,House at the End of the Street,2012,101.0,Drama,5.5,84518,https://www.imdb.com/title/tt1582507
tt0085407,The Dead Zone,The Dead Zone,1983,103.0,Drama,7.2,84498,https://www.imdb.com/title/tt0085407
tt0093191,Wings of Desire,Der Himmel über Berlin,1987,128.0,Drama,7.9,83864,https://www.imdb.com/title/tt0093191
tt0389557,Black Book,Zwartboek,2006,145.0,Drama,7.7,83814,https://www.imdb.com/title/tt0389557
tt1740707,Troll Hunter,Trolljegeren,2010,103.0,Drama,6.9,83261,https://www.imdb.com/title/tt1740707
tt4477536,Fifty Shades Freed,Fifty Shades Freed,2018,105.0,Drama,4.6,83056,https://www.imdb.com/title/tt4477536
tt1352824,Chloe,Chloe,2009,96.0,Drama,6.2,82984,https://www.imdb.com/title/tt1352824
tt10554232,Dara of Jasenovac,Dara iz Jasenovca,2020,130.0,Drama,8.0,82371,https://www.imdb.com/title/tt10554232
tt4361050,Ouija: Origin of Evil,Ouija: Origin of Evil,2016,99.0,Drama,6.2,82167,https://www.imdb.com/title/tt4361050
tt1152398,Beastly,Beastly,2011,86.0,Drama,5.5,81989,https://www.imdb.com/title/tt1152398
tt0114436,Showgirls,Showgirls,1995,131.0,Drama,5.2,81873,https://www.imdb.com/title/tt0114436
tt9100054,The Lost Daughter,The Lost Daughter,2021,121.0,Drama,6.7,81791,https://www.imdb.com/title/tt9100054
tt8368512,The Courier,The Courier,2020,112.0,Drama,7.2,81625,https://www.imdb.com/title/tt8368512
tt1149362,The White Ribbon,Das weiße Band - Eine deutsche Kindergeschichte,2009,144.0,Drama,7.8,81492,https://www.imdb.com/title/tt1149362
tt0219699,The Gift,The Gift,2000,111.0,Drama,6.7,81265,https://www.imdb.com/title/tt0219699
tt0163988,Bringing Out the Dead,Bringing Out the Dead,1999,121.0,Drama,6.8,81246,https://www.imdb.com/title/tt0163988
tt1972779,The Best of Me,The Best of Me,2014,118.0,Drama,6.7,81118,https://www.imdb.com/title/tt1972779
tt30057084,Babygirl,Babygirl,2024,114.0,Drama,5.8,80963,https://www.imdb.com/title/tt30057084
tt3007512,The Water Diviner,The Water Diviner,2014,111.0,Drama,7.0,80942,https://www.imdb.com/title/tt3007512
tt0971209,A Perfect Getaway,A Perfect Getaway,2009,98.0,Drama,6.5,80925,https://www.imdb.com/title/tt0971209
tt0443489,Dreamgirls,Dreamgirls,2006,130.0,Drama,6.6,80883,https://www.imdb.com/title/tt0443489
tt0254686,The Piano Teacher,La pianiste,2001,131.0,Drama,7.5,80704,https://www.imdb.com/title/tt0254686
tt0329575,Seabiscuit,Seabiscuit,2003,140.0,Drama,7.3,80068,https://www.imdb.com/title/tt0329575
tt0094947,Dangerous Liaisons,Dangerous Liaisons,1988,119.0,Drama,7.5,79914,https://www.imdb.com/title/tt0094947
tt24268454,The Kerala Story,The Kerala Story,2023,138.0,Drama,6.7,79734,https://www.imdb.com/title/tt24268454
tt2051879,Europa Report,Europa Report,2013,90.0,Drama,6.4,79322,https://www.imdb.com/title/tt2051879
tt21192142,All of Us Strangers,All of Us Strangers,2023,105.0,Drama,7.6,78749,https://www.imdb.com/title/tt21192142
tt13841850,Men,Men,2022,100.0,Drama,6.0,78585,https://www.imdb.com/title/tt13841850
tt0344510,A Very Long Engagement,Un long dimanche de fiançailles,2004,133.0,Drama,7.6,77927,https://www.imdb.com/title/tt0344510
tt0264472,Changing Lanes,Changing Lanes,2002,98.0,Drama,6.5,77843,https://www.imdb.com/title/tt0264472
tt10514222,Ma Rainey's Black Bottom,Ma Rainey's Black Bottom,2020,94.0,Drama,6.9,77424,https://www.imdb.com/title/tt10514222
tt0861689,Blindness,Blindness,2008,121.0,Drama,6.5,77153,https://www.imdb.com/title/tt0861689
tt0125659,Open Your Eyes,Abre los ojos,1997,119.0,Drama,7.7,77025,https://www.imdb.com/title/tt0125659
tt14039582,Drive My Car,Doraibu mai kâ,2021,179.0,Drama,7.5,76532,https://www.imdb.com/title/tt14039582
tt0115751,Breaking the Waves,Breaking the Waves,1996,153.0,Drama,7.8,75919,https://www.imdb.com/title/tt0115751
tt4126476,After,After,2019,105.0,Drama,5.3,75888,https://www.imdb.com/title/tt4126476
tt1374992,Upside Down,Upside Down,2012,109.0,Drama,6.3,75824,https://www.imdb.com/title/tt1374992
tt0256009,The Devil's Backbone,El espinazo del diablo,2001,106.0,Drama,7.3,75458,https://www.imdb.com/title/tt0256009
tt4971344,The Sisters Brothers,The Sisters Brothers,2018,122.0,Drama,6.9,75353,https://www.imdb.com/title/tt4971344
tt27714581,Sentimental Value,Affeksjonsverdi,2025,133.0,Drama,7.7,75052,https://www.imdb.com/title/tt27714581
tt8239946,Tumbbad,Tumbbad,2018,108.0,Drama,8.2,74846,https://www.imdb.com/title/tt8239946
tt0106226,The Age of Innocence,The Age of Innocence,1993,139.0,Drama,7.2,74708,https://www.imdb.com/title/tt0106226
tt0119558,Lolita,Lolita,1997,137.0,Drama,6.8,74417,https://www.imdb.com/title/tt0119558
tt0365376,A Tale of Two Sisters,"Janghwa, Hongryeon",2003,114.0,Drama,7.1,74047,https://www.imdb.com/title/tt0365376
tt1226753,The Debt,The Debt,2010,113.0,Drama,6.8,73873,https://www.imdb.com/title/tt1226753
tt3774694,Love,Love,2015,135.0,Drama,6.1,73856,https://www.imdb.com/title/tt3774694
tt0120731,The Legend of 1900,La leggenda del pianista sull'oceano,1998,169.0,Drama,8.0,73560,https://www.imdb.com/title/tt0120731
tt10168670,Bones and All,Bones and All,2022,131.0,Drama,6.8,73559,https://www.imdb.com/title/tt10168670
tt2223990,Draft Day,Draft Day,2014,110.0,Drama,6.8,73132,https://www.imdb.com/title/tt2223990
tt2053425,Rust and Bone,De rouille et d'os,2012,120.0,Drama,7.4,72963,https://www.imdb.com/title/tt2053425
tt0115964,Crash,Crash,1996,100.0,Drama,6.4,72751,https://www.imdb.com/title/tt0115964
tt2910814,The Signal,The Signal,2014,97.0,Drama,6.0,72611,https://www.imdb.com/title/tt2910814
tt3118452,Circle,Circle,2015,87.0,Drama,6.0,72548,https://www.imdb.com/title/tt3118452
tt9198364,Three Thousand Years of Longing,Three Thousand Years of Longing,2022,108.0,Drama,6.7,72441,https://www.imdb.com/title/tt9198364
tt1172233,Whip It,Whip It,2009,111.0,Drama,6.9,72370,https://www.imdb.com/title/tt1172233
tt0267626,K-19: The Widowmaker,K-19: The Widowmaker,2002,138.0,Drama,6.7,72122,https://www.imdb.com/title/tt0267626
tt2083383,Trouble with the Curve,Trouble with the Curve,2012,111.0,Drama,6.8,72087,https://www.imdb.com/title/tt2083383
tt1687901,The Awakening,The Awakening,2011,102.0,Drama,6.5,71973,https://www.imdb.com/title/tt1687901
tt27131358,We Live in Time,We Live in Time,2024,108.0,Drama,7.0,71953,https://www.imdb.com/title/tt27131358
tt0372824,The Chorus,Les choristes,2004,97.0,Drama,7.9,71899,https://www.imdb.com/title/tt0372824
tt0938330,Silent Hill: Revelation,Silent Hill: Revelation,2012,95.0,Drama,4.9,71678,https://www.imdb.com/title/tt0938330
tt10855768,Missing,Missing,2023,111.0,Drama,7.1,71650,https://www.imdb.com/title/tt10855768
tt0102945,Sleeping with the Enemy,Sleeping with the Enemy,1991,99.0,Drama,6.3,71512,https://www.imdb.com/title/tt0102945
tt0083922,Fanny and Alexander,Fanny och Alexander,1982,188.0,Drama,8.1,71329,https://www.imdb.com/title/tt0083922
tt4614584,Purple Hearts,Purple Hearts,2022,122.0,Drama,6.7,71289,https://www.imdb.com/title/tt4614584
tt6908274,Mirage,Durante la tormenta,2018,128.0,Drama,7.4,71237,https://www.imdb.com/title/tt6908274
tt1462041,Dream House,Dream House,2011,92.0,Drama,6.0,71199,https://www.imdb.com/title/tt1462041
tt6398184,Downton Abbey,Downton Abbey,2019,122.0,Drama,7.4,71196,https://www.imdb.com/title/tt6398184
tt0356618,The Forgotten,The Forgotten,2004,91.0,Drama,5.8,71122,https://www.imdb.com/title/tt0356618
tt1235124,Dorian Gray,Dorian Gray,2009,112.0,Drama,6.2,71104,https://www.imdb.com/title/tt1235124
tt0105265,A River Runs Through It,A River Runs Through It,1992,123.0,Drama,7.2,71000,https://www.imdb.com/title/tt0105265
tt1748179,Red Lights,Red Lights,2012,114.0,Drama,6.2,70969,https://www.imdb.com/title/tt1748179
tt0089767,Pale Rider,Pale Rider,1985,115.0,Drama,7.3,70749,https://www.imdb.com/title/tt0089767
tt7130300,The Woman in Cabin 10,The Woman in Cabin 10,2025,92.0,Drama,5.8,69429,https://www.imdb.com/title/tt7130300
tt0110367,Little Women,Little Women,1994,115.0,Drama,7.3,69105,https://www.imdb.com/title/tt0110367
tt0206275,Save the Last Dance,Save the Last Dance,2001,112.0,Drama,6.2,69034,https://www.imdb.com/title/tt0206275
tt0460829,Inland Empire,Inland Empire,2006,180.0,Drama,6.8,68932,https://www.imdb.com/title/tt0460829
tt0462200,Black Snake Moan,Black Snake Moan,2006,116.0,Drama,6.9,68852,https://www.imdb.com/title/tt0462200
tt5186714,The Salesman,Forooshande,2016,124.0,Drama,7.7,68740,https://www.imdb.com/title/tt5186714
tt12908150,The Life of Chuck,The Life of Chuck,2024,111.0,Drama,7.3,68688,https://www.imdb.com/title/tt12908150
tt0380389,Goal! The Dream Begins,Goal!,2005,118.0,Drama,6.7,68575,https://www.imdb.com/title/tt0380389
tt1232776,Fish Tank,Fish Tank,2009,123.0,Drama,7.3,68317,https://www.imdb.com/title/tt1232776
tt5168192,"I, Daniel Blake","I, Daniel Blake",2016,100.0,Drama,7.8,68273,https://www.imdb.com/title/tt5168192
tt0095497,The Last Temptation of Christ,The Last Temptation of Christ,1988,164.0,Drama,7.5,68105,https://www.imdb.com/title/tt0095497
tt2350496,The Lunchbox,The Lunchbox,2013,104.0,Drama,7.8,67973,https://www.imdb.com/title/tt2350496
tt0492044,The Haunting in Connecticut,The Haunting in Connecticut,2009,92.0,Drama,5.9,67940,https://www.imdb.com/title/tt0492044
tt0382628,Dark Water,Dark Water,2005,105.0,Drama,5.6,67878,https://www.imdb.com/title/tt0382628
tt0758794,We Are Marshall,We Are Marshall,2006,131.0,Drama,7.1,67773,https://www.imdb.com/title/tt0758794
tt6053438,First Reformed,First Reformed,2017,113.0,Drama,7.1,67550,https://www.imdb.com/title/tt6053438
tt0084434,An Officer and a Gentleman,An Officer and a Gentleman,1982,124.0,Drama,7.1,67408,https://www.imdb.com/title/tt0084434
tt0261983,Session 9,Session 9,2001,97.0,Drama,6.4,67110,https://www.imdb.com/title/tt0261983
tt0102494,My Own Private Idaho,My Own Private Idaho,1991,104.0,Drama,6.9,67077,https://www.imdb.com/title/tt0102494
tt1439572,Perfect Sense,Perfect Sense,2011,92.0,Drama,7.0,67060,https://www.imdb.com/title/tt1439572
tt8291806,Pain and Glory,Dolor y gloria,2019,113.0,Drama,7.5,67028,https://www.imdb.com/title/tt8291806
tt0146309,Thirteen Days,Thirteen Days,2000,145.0,Drama,7.3,66633,https://www.imdb.com/title/tt0146309
tt0420332,Veer Zaara,Veer-Zaara,2004,192.0,Drama,7.8,66560,https://www.imdb.com/title/tt0420332
tt0260866,Don't Say a Word,Don't Say a Word,2001,113.0,Drama,6.3,66522,https://www.imdb.com/title/tt0260866
tt1438254,Charlie St. Cloud,Charlie St. Cloud,2010,99.0,Drama,6.4,66478,https://www.imdb.com/title/tt1438254
tt0466909,The Omen,The Omen,2006,110.0,Drama,5.5,66284,https://www.imdb.com/title/tt0466909
tt10944760,Titane,Titane,2021,108.0,Drama,6.4,66099,https://www.imdb.com/title/tt10944760
tt5592248,The Beguiled,The Beguiled,2017,93.0,Drama,6.3,66082,https://www.imdb.com/title/tt5592248
tt6217306,Apostle,Apostle,2018,130.0,Drama,6.3,66074,https://www.imdb.com/title/tt6217306
tt1032846,"4 Months, 3 Weeks and 2 Days","4 luni, 3 saptamâni si 2 zile",2007,113.0,Drama,7.9,65779,https://www.imdb.com/title/tt1032846
tt0212712,2046,2046,2004,129.0,Drama,7.4,65626,https://www.imdb.com/title/tt0212712
tt3612616,Mommy,Mommy,2014,139.0,Drama,8.0,65564,https://www.imdb.com/title/tt3612616
tt6543652,Cold War,Zimna wojna,2018,89.0,Drama,7.5,65375,https://www.imdb.com/title/tt6543652
tt30955489,Until Dawn,Until Dawn,2025,103.0,Drama,5.7,65274,https://www.imdb.com/title/tt30955489
tt19847976,Wicked: For Good,Wicked: For Good,2025,137.0,Drama,6.6,65056,https://www.imdb.com/title/tt19847976
tt1772264,Stonehearst Asylum,Stonehearst Asylum,2014,112.0,Drama,6.8,64823,https://www.imdb.com/title/tt1772264
tt7347846,The Lodge,The Lodge,2019,108.0,Drama,6.0,64807,https://www.imdb.com/title/tt7347846
tt1758692,Like Crazy,Like Crazy,2011,86.0,Drama,6.6,64615,https://www.imdb.com/title/tt1758692
tt0098724,"Sex, Lies, and Videotape","Sex, Lies, and Videotape",1989,100.0,Drama,7.2,64436,https://www.imdb.com/title/tt0098724
tt0111742,Wolf,Wolf,1994,125.0,Drama,6.3,64423,https://www.imdb.com/title/tt0111742
tt0238546,Queen of the Damned,Queen of the Damned,2002,101.0,Drama,5.3,64214,https://www.imdb.com/title/tt0238546
tt13669038,Women Talking,Women Talking,2022,104.0,Drama,6.9,64140,https://www.imdb.com/title/tt13669038
tt0085549,Flashdance,Flashdance,1983,95.0,Drama,6.2,64035,https://www.imdb.com/title/tt0085549
tt14253846,Speak No Evil,Speak No Evil,2022,97.0,Drama,6.7,63845,https://www.imdb.com/title/tt14253846
tt0109836,Frankenstein,Mary Shelley's Frankenstein,1994,123.0,Drama,6.3,63782,https://www.imdb.com/title/tt0109836
tt0119349,The Ice Storm,The Ice Storm,1997,112.0,Drama,7.3,63679,https://www.imdb.com/title/tt0119349
tt1976009,Victor Frankenstein,Victor Frankenstein,2015,110.0,Drama,6.0,63604,https://www.imdb.com/title/tt1976009
tt2718492,Ida,Ida,2013,82.0,Drama,7.4,63068,https://www.imdb.com/title/tt2718492
tt2547584,The Light Between Oceans,The Light Between Oceans,2016,133.0,Drama,7.2,63047,https://www.imdb.com/title/tt2547584
tt0248126,Kabhi Khushi Kabhie Gham...,Kabhi Khushi Kabhie Gham...,2001,210.0,Drama,7.5,62885,https://www.imdb.com/title/tt0248126
tt2176013,Jab Tak Hai Jaan,Jab Tak Hai Jaan,2012,176.0,Drama,6.7,62666,https://www.imdb.com/title/tt2176013
tt0116287,Fear,Fear,1996,97.0,Drama,6.2,62656,https://www.imdb.com/title/tt0116287
tt10431500,Miracle in Cell No. 7,Yedinci Kogustaki Mucize,2019,132.0,Drama,8.2,62499,https://www.imdb.com/title/tt10431500
tt1193631,Step Up 3D,Step Up 3D,2010,107.0,Drama,6.2,62392,https://www.imdb.com/title/tt1193631
tt0146984,The Legend of Bagger Vance,The Legend of Bagger Vance,2000,126.0,Drama,6.7,62283,https://www.imdb.com/title/tt0146984
tt0081283,Ordinary People,Ordinary People,1980,124.0,Drama,7.7,61896,https://www.imdb.com/title/tt0081283
tt2884018,Macbeth,Macbeth,2015,113.0,Drama,6.6,61734,https://www.imdb.com/title/tt2884018
tt4387040,Airlift,Airlift,2016,130.0,Drama,7.9,61491,https://www.imdb.com/title/tt4387040
tt12004038,Watcher,Watcher,2022,96.0,Drama,6.3,61343,https://www.imdb.com/title/tt12004038
tt0324554,Wicker Park,Wicker Park,2004,114.0,Drama,6.9,61092,https://www.imdb.com/title/tt0324554
tt1360860,About Elly,Darbareye Elly,2009,119.0,Drama,7.9,60983,https://www.imdb.com/title/tt1360860
tt0347048,Head-On,Gegen die Wand,2004,121.0,Drama,7.8,60812,https://www.imdb.com/title/tt0347048
tt0102511,Naked Lunch,Naked Lunch,1991,115.0,Drama,6.9,60809,https://www.imdb.com/title/tt0102511
tt0268995,The Majestic,The Majestic,2001,152.0,Drama,6.9,60807,https://www.imdb.com/title/tt0268995
tt1691916,Before I Fall,Before I Fall,2017,98.0,Drama,6.4,60515,https://www.imdb.com/title/tt1691916
tt8663516,Child's Play,Child's Play,2019,90.0,Drama,5.7,60457,https://www.imdb.com/title/tt8663516
tt0119223,Great Expectations,Great Expectations,1998,111.0,Drama,6.8,60268,https://www.imdb.com/title/tt0119223
tt4595186,Luckiest Girl Alive,Luckiest Girl Alive,2022,113.0,Drama,6.4,60153,https://www.imdb.com/title/tt4595186
tt11161474,Pieces of a Woman,Pieces of a Woman,2020,126.0,Drama,7.0,60148,https://www.imdb.com/title/tt11161474
tt1800741,Step Up: Revolution,Step Up Revolution,2012,99.0,Drama,6.4,59957,https://www.imdb.com/title/tt1800741
tt0804522,Rendition,Rendition,2007,122.0,Drama,6.8,59861,https://www.imdb.com/title/tt0804522
tt0997152,The Experiment,The Experiment,2010,96.0,Drama,6.4,59798,https://www.imdb.com/title/tt0997152
tt32897959,Wuthering Heights,Wuthering Heights,2026,136.0,Drama,6.1,59481,https://www.imdb.com/title/tt32897959
tt5541240,To the Bone,To the Bone,2017,107.0,Drama,6.7,59185,https://www.imdb.com/title/tt5541240
tt1837709,Winter's Tale,Winter's Tale,2014,118.0,Drama,6.1,59081,https://www.imdb.com/title/tt1837709
tt0138304,The Astronaut's Wife,The Astronaut's Wife,1999,109.0,Drama,5.4,59020,https://www.imdb.com/title/tt0138304
tt0460989,The Wind That Shakes the Barley,The Wind That Shakes the Barley,2006,127.0,Drama,7.5,58911,https://www.imdb.com/title/tt0460989
tt0094964,Dead Ringers,Dead Ringers,1988,116.0,Drama,7.2,58869,https://www.imdb.com/title/tt0094964
tt2758880,Winter Sleep,Kis Uykusu,2014,196.0,Drama,8.0,58849,https://www.imdb.com/title/tt2758880
tt3922818,The Space Between Us,The Space Between Us,2017,120.0,Drama,6.4,58722,https://www.imdb.com/title/tt3922818
tt1441326,Martha Marcy May Marlene,Martha Marcy May Marlene,2011,102.0,Drama,6.8,58695,https://www.imdb.com/title/tt1441326
tt0765120,My Blueberry Nights,My Blueberry Nights,2007,95.0,Drama,6.6,58675,https://www.imdb.com/title/tt0765120
tt28037987,Saiyaara,Saiyaara,2025,150.0,Drama,6.3,58488,https://www.imdb.com/title/tt28037987
tt1410063,The Flowers of War,Jin ling shi san chai,2011,146.0,Drama,7.5,58337,https://www.imdb.com/title/tt1410063
tt0109635,Disclosure,Disclosure,1994,128.0,Drama,6.2,58182,https://www.imdb.com/title/tt0109635
tt0294870,Rent,Rent,2005,135.0,Drama,6.8,58101,https://www.imdb.com/title/tt0294870
tt0251114,Hart's War,Hart's War,2002,125.0,Drama,6.4,57874,https://www.imdb.com/title/tt0251114
tt1289403,The Guernsey Literary and Potato Peel Pie Society,The Guernsey Literary & Potato Peel Pie Society,2018,124.0,Drama,7.3,57844,https://www.imdb.com/title/tt1289403
tt1764183,Arbitrage,Arbitrage,2012,107.0,Drama,6.6,57760,https://www.imdb.com/title/tt1764183
tt0087781,The Natural,The Natural,1984,138.0,Drama,7.4,57587,https://www.imdb.com/title/tt0087781
tt2935476,Far from the Madding Crowd,Far from the Madding Crowd,2015,119.0,Drama,7.1,57515,https://www.imdb.com/title/tt2935476
tt0210070,Ginger Snaps,Ginger Snaps,2000,108.0,Drama,6.8,57512,https://www.imdb.com/title/tt0210070
tt2396589,Mudbound,Mudbound,2017,134.0,Drama,7.4,57510,https://www.imdb.com/title/tt2396589
tt1069238,Departures,Okuribito,2008,130.0,Drama,8.0,57430,https://www.imdb.com/title/tt1069238
tt0091217,Hoosiers,Hoosiers,1986,114.0,Drama,7.4,56979,https://www.imdb.com/title/tt0091217
tt0101765,The Double Life of Véronique,La double vie de Véronique,1991,98.0,Drama,7.6,56953,https://www.imdb.com/title/tt0101765
tt0084707,Sophie's Choice,Sophie's Choice,1982,150.0,Drama,7.5,56894,https://www.imdb.com/title/tt0084707
tt0082933,Possession,Possession,1981,124.0,Drama,7.2,56740,https://www.imdb.com/title/tt0082933
tt8544498,The Way Back,The Way Back,2020,108.0,Drama,6.7,56601,https://www.imdb.com/title/tt8544498
tt27744786,Shaitaan,Shaitaan,2024,132.0,Drama,6.5,56286,https://www.imdb.com/title/tt27744786
tt3174376,Before I Wake,Before I Wake,2016,97.0,Drama,6.2,56153,https://www.imdb.com/title/tt3174376
tt11127680,Boiling Point,Boiling Point,2021,92.0,Drama,7.5,56148,https://www.imdb.com/title/tt11127680
tt32149847,Drop,Drop,2025,95.0,Drama,6.1,55873,https://www.imdb.com/title/tt32149847
tt7315484,The Silence,The Silence,2019,90.0,Drama,5.4,55835,https://www.imdb.com/title/tt7315484
tt1321510,In the Heights,In the Heights,2021,143.0,Drama,7.2,55768,https://www.imdb.com/title/tt1321510
tt7557108,Saint Maud,Saint Maud,2019,84.0,Drama,6.6,55676,https://www.imdb.com/title/tt7557108
tt7125860,If Beale Street Could Talk,If Beale Street Could Talk,2018,119.0,Drama,7.1,55060,https://www.imdb.com/title/tt7125860
tt0104389,The Hand That Rocks the Cradle,The Hand That Rocks the Cradle,1992,110.0,Drama,6.7,55059,https://www.imdb.com/title/tt0104389
tt0762073,Thirst,Bakjwi,2009,134.0,Drama,7.1,55030,https://www.imdb.com/title/tt0762073
tt1839596,Rockstar,Rockstar,2011,159.0,Drama,7.8,54998,https://www.imdb.com/title/tt1839596
tt0124718,He Got Game,He Got Game,1998,136.0,Drama,6.9,54797,https://www.imdb.com/title/tt0124718
tt15552142,Caddo Lake,Caddo Lake,2024,103.0,Drama,6.8,54772,https://www.imdb.com/title/tt15552142
tt8508734,His House,His House,2020,93.0,Drama,6.4,54621,https://www.imdb.com/title/tt8508734
tt3808342,Son of Saul,Saul fia,2015,107.0,Drama,7.4,54455,https://www.imdb.com/title/tt3808342
tt12680684,The Hand of God,È stata la mano di Dio,2021,130.0,Drama,7.3,54253,https://www.imdb.com/title/tt12680684
tt2039338,Flatliners,Flatliners,2017,109.0,Drama,5.2,54154,https://www.imdb.com/title/tt2039338
tt7153766,Unsane,Unsane,2018,98.0,Drama,6.4,53786,https://www.imdb.com/title/tt7153766
tt7772580,The Perfection,The Perfection,2018,90.0,Drama,6.2,53588,https://www.imdb.com/title/tt7772580
tt1084950,Rachel Getting Married,Rachel Getting Married,2008,113.0,Drama,6.7,53386,https://www.imdb.com/title/tt1084950
tt11045422,Toofaan,Toofaan,2021,163.0,Drama,6.1,53246,https://www.imdb.com/title/tt11045422
tt0375210,White Noise,White Noise,2005,101.0,Drama,5.5,53025,https://www.imdb.com/title/tt0375210
tt0935075,Rabbit Hole,Rabbit Hole,2010,91.0,Drama,6.9,52792,https://www.imdb.com/title/tt0935075
tt0104291,Forever Young,Forever Young,1992,102.0,Drama,6.4,52733,https://www.imdb.com/title/tt0104291
tt0160797,Rules of Engagement,Rules of Engagement,2000,128.0,Drama,6.4,52713,https://www.imdb.com/title/tt0160797
tt1294688,Last Night,Last Night,2010,93.0,Drama,6.5,52629,https://www.imdb.com/title/tt1294688
tt2404461,The Past,Le passé,2013,130.0,Drama,7.7,52425,https://www.imdb.com/title/tt2404461
tt3860916,Cargo,Cargo,2017,105.0,Drama,6.3,52362,https://www.imdb.com/title/tt3860916
tt0091867,A Room with a View,A Room with a View,1986,117.0,Drama,7.2,52303,https://www.imdb.com/title/tt0091867
tt0091187,Heartbreak Ridge,Heartbreak Ridge,1986,130.0,Drama,6.8,52292,https://www.imdb.com/title/tt0091187
tt2737050,"Two Days, One Night","Deux jours, une nuit",2014,95.0,Drama,7.3,52252,https://www.imdb.com/title/tt2737050
tt1321860,The Beaver,The Beaver,2011,91.0,Drama,6.6,52214,https://www.imdb.com/title/tt1321860
tt0238936,Devdas,Devdas,2002,185.0,Drama,7.6,52085,https://www.imdb.com/title/tt0238936
tt27989067,Lust Stories 2,Lust Stories 2,2023,132.0,Drama,5.7,52080,https://www.imdb.com/title/tt27989067
tt0090060,St. Elmo's Fire,St. Elmo's Fire,1985,108.0,Drama,6.4,51699,https://www.imdb.com/title/tt0090060
tt2991224,Tangerines,Mandariinid,2013,87.0,Drama,8.1,51683,https://www.imdb.com/title/tt2991224
tt0297884,Far from Heaven,Far from Heaven,2002,107.0,Drama,7.3,51592,https://www.imdb.com/title/tt0297884
tt6857376,Palmer,Palmer,2021,110.0,Drama,7.3,51319,https://www.imdb.com/title/tt6857376
tt0105046,Of Mice and Men,Of Mice and Men,1992,115.0,Drama,7.4,51290,https://www.imdb.com/title/tt0105046
tt2076220,Holy Motors,Holy Motors,2012,115.0,Drama,7.0,51268,https://www.imdb.com/title/tt2076220
tt0110527,Miracle on 34th Street,Miracle on 34th Street,1994,114.0,Drama,6.7,50966,https://www.imdb.com/title/tt0110527
tt1172991,The Company Men,The Company Men,2010,104.0,Drama,6.7,50927,https://www.imdb.com/title/tt1172991
tt0140888,Central Station,Central do Brasil,1998,110.0,Drama,8.0,50661,https://www.imdb.com/title/tt0140888
tt0084855,The Verdict,The Verdict,1982,129.0,Drama,7.7,50592,https://www.imdb.com/title/tt0084855
tt2235695,Rebecca,Rebecca,2020,123.0,Drama,6.1,50381,https://www.imdb.com/title/tt2235695
tt5886440,Marrowbone,Marrowbone,2017,110.0,Drama,6.7,50029,https://www.imdb.com/title/tt5886440
tt6803046,The Vast of Night,The Vast of Night,2019,91.0,Drama,6.7,50000,https://www.imdb.com/title/tt6803046
tt0279113,The Good Girl,The Good Girl,2002,93.0,Drama,6.4,49960,https://www.imdb.com/title/tt0279113
tt0242527,The Hole,The Hole,2001,102.0,Drama,6.2,49959,https://www.imdb.com/title/tt0242527
tt1639426,Udaan,Udaan,2010,134.0,Drama,8.1,49847,https://www.imdb.com/title/tt1639426
tt0424880,Candy,Candy,2006,108.0,Drama,7.2,49782,https://www.imdb.com/title/tt0424880
tt0322589,Honey,Honey,2003,94.0,Drama,5.4,49594,https://www.imdb.com/title/tt0322589
tt7740510,Antlers,Antlers,2021,99.0,Drama,5.9,49551,https://www.imdb.com/title/tt7740510
tt3797868,The Choice,The Choice,2016,111.0,Drama,6.5,49540,https://www.imdb.com/title/tt3797868
tt0376968,The Return,Vozvrashchenie,2003,110.0,Drama,7.9,49480,https://www.imdb.com/title/tt0376968
tt9288822,The Wonder,The Wonder,2022,108.0,Drama,6.6,49473,https://www.imdb.com/title/tt9288822
tt1772250,The Hidden Face,La cara oculta,2011,97.0,Drama,7.3,49446,https://www.imdb.com/title/tt1772250
tt5867314,The Empty Man,The Empty Man,2020,137.0,Drama,6.2,49415,https://www.imdb.com/title/tt5867314
tt6476140,Serenity,Serenity,2019,106.0,Drama,5.4,49321,https://www.imdb.com/title/tt6476140
tt2318092,Endless Love,Endless Love,2014,104.0,Drama,6.2,49250,https://www.imdb.com/title/tt2318092
tt0107034,The Good Son,The Good Son,1993,87.0,Drama,6.4,49189,https://www.imdb.com/title/tt0107034
tt1895315,Brimstone,Brimstone,2016,148.0,Drama,7.0,49178,https://www.imdb.com/title/tt1895315
tt3841424,Land of Mine,Under sandet,2015,100.0,Drama,7.8,49170,https://www.imdb.com/title/tt3841424
tt15789472,Nowhere,Nowhere,2023,109.0,Drama,6.3,48955,https://www.imdb.com/title/tt15789472
tt1881002,Maggie,Maggie,2015,95.0,Drama,5.6,48840,https://www.imdb.com/title/tt1881002
tt11235772,The Voyeurs,The Voyeurs,2021,116.0,Drama,6.1,48808,https://www.imdb.com/title/tt11235772
tt1531901,Byzantium,Byzantium,2012,118.0,Drama,6.5,48628,https://www.imdb.com/title/tt1531901
tt0808357,"Lust, Caution","Se, jie",2007,157.0,Drama,7.5,48407,https://www.imdb.com/title/tt0808357
tt0108071,The Secret Garden,The Secret Garden,1993,101.0,Drama,7.3,48357,https://www.imdb.com/title/tt0108071
tt6341832,Oxygen,Oxygène,2021,100.0,Drama,6.5,48203,https://www.imdb.com/title/tt6341832
tt0189998,Shadow of the Vampire,Shadow of the Vampire,2000,92.0,Drama,6.9,47772,https://www.imdb.com/title/tt0189998
tt0377107,Proof,Proof,2005,100.0,Drama,6.6,47720,https://www.imdb.com/title/tt0377107
tt0462335,High-Rise,High-Rise,2015,119.0,Drama,5.5,47520,https://www.imdb.com/title/tt0462335
tt9660502,Close,Close,2022,104.0,Drama,7.8,47502,https://www.imdb.com/title/tt9660502
tt0395972,North Country,North Country,2005,126.0,Drama,7.3,47483,https://www.imdb.com/title/tt0395972
tt5946128,Dear Zindagi,Dear Zindagi,2016,151.0,Drama,7.4,47419,https://www.imdb.com/title/tt5946128
tt0264796,Life as a House,Life as a House,2001,125.0,Drama,7.4,47304,https://www.imdb.com/title/tt0264796
tt2395469,Gully Boy,Gully Boy,2019,154.0,Drama,7.9,47236,https://www.imdb.com/title/tt2395469
tt0202470,Rock Star,Rock Star,2001,105.0,Drama,6.3,47077,https://www.imdb.com/title/tt0202470
tt0091635,9½ Weeks,Nine 1/2 Weeks,1986,117.0,Drama,5.9,46974,https://www.imdb.com/title/tt0091635
tt14549466,Crimes of the Future,Crimes of the Future,2022,107.0,Drama,5.8,46880,https://www.imdb.com/title/tt14549466
tt2528814,God's Not Dead,God's Not Dead,2014,113.0,Drama,4.6,46857,https://www.imdb.com/title/tt2528814
tt6195094,Incident in a Ghostland,Ghostland,2018,91.0,Drama,6.4,46713,https://www.imdb.com/title/tt6195094
tt16304446,Fair Play,Fair Play,2023,113.0,Drama,6.4,46712,https://www.imdb.com/title/tt16304446
tt0875034,Nine,Nine,2009,118.0,Drama,5.8,46541,https://www.imdb.com/title/tt0875034
tt0119314,The Horse Whisperer,The Horse Whisperer,1998,169.0,Drama,6.7,46509,https://www.imdb.com/title/tt0119314
tt3077214,Suffragette,Suffragette,2015,106.0,Drama,6.9,46455,https://www.imdb.com/title/tt3077214
tt0104779,Bitter Moon,Bitter Moon,1992,139.0,Drama,7.2,46183,https://www.imdb.com/title/tt0104779
tt9016974,Synchronic,Synchronic,2019,102.0,Drama,6.2,46094,https://www.imdb.com/title/tt9016974
tt0857191,The Visitor,The Visitor,2007,104.0,Drama,7.6,46055,https://www.imdb.com/title/tt0857191
tt0105414,Single White Female,Single White Female,1992,107.0,Drama,6.4,46046,https://www.imdb.com/title/tt0105414
tt1103275,Two Lovers,Two Lovers,2008,110.0,Drama,7.0,45814,https://www.imdb.com/title/tt1103275
tt1464580,Stake Land,Stake Land,2010,98.0,Drama,6.4,45788,https://www.imdb.com/title/tt1464580
tt4714782,Personal Shopper,Personal Shopper,2016,105.0,Drama,6.1,45770,https://www.imdb.com/title/tt4714782
tt0498381,Rings,Rings,2017,102.0,Drama,4.5,45761,https://www.imdb.com/title/tt0498381
tt0298228,Whale Rider,Whale Rider,2002,101.0,Drama,7.5,45592,https://www.imdb.com/title/tt0298228
tt8983202,Kabir Singh,Kabir Singh,2019,173.0,Drama,7.0,45504,https://www.imdb.com/title/tt8983202
tt0298845,In America,In America,2002,105.0,Drama,7.6,45492,https://www.imdb.com/title/tt0298845
tt0170691,Tigerland,Tigerland,2000,101.0,Drama,6.9,45412,https://www.imdb.com/title/tt0170691
tt4827558,High Life,High Life,2018,113.0,Drama,5.7,45305,https://www.imdb.com/title/tt4827558
tt2024519,The Broken Circle Breakdown,The Broken Circle Breakdown,2012,111.0,Drama,7.7,45215,https://www.imdb.com/title/tt2024519
tt10733228,Gehraiyaan,Gehraiyaan,2022,148.0,Drama,5.6,45154,https://www.imdb.com/title/tt10733228
tt7019842,96,96,2018,158.0,Drama,8.5,45148,https://www.imdb.com/title/tt7019842
tt3750872,The Wife,The Wife,2017,99.0,Drama,7.2,45074,https://www.imdb.com/title/tt3750872
tt1590089,Confessions,Kokuhaku,2010,106.0,Drama,7.7,45072,https://www.imdb.com/title/tt1590089
tt17505010,Horizon: An American Saga - Chapter 1,Horizon: An American Saga - Chapter 1,2024,181.0,Drama,6.6,45063,https://www.imdb.com/title/tt17505010
tt5294518,Eli,Eli,2019,98.0,Drama,5.8,44944,https://www.imdb.com/title/tt5294518
tt15574270,I Saw the TV Glow,I Saw the TV Glow,2024,100.0,Drama,5.8,44882,https://www.imdb.com/title/tt15574270
tt0337876,Birth,Birth,2004,100.0,Drama,6.3,44700,https://www.imdb.com/title/tt0337876
tt0338309,Evil,Ondskan,2003,113.0,Drama,7.7,44692,https://www.imdb.com/title/tt0338309
tt8781414,Freaks,Freaks,2018,105.0,Drama,6.7,44685,https://www.imdb.com/title/tt8781414
tt0377713,Cube Zero,Cube Zero,2004,97.0,Drama,5.6,44622,https://www.imdb.com/title/tt0377713
tt3907584,All the Bright Places,All the Bright Places,2020,107.0,Drama,6.6,44614,https://www.imdb.com/title/tt3907584
tt9812474,Lamb,Dýrið,2021,106.0,Drama,6.3,44586,https://www.imdb.com/title/tt9812474
tt5001718,"Everything, Everything","Everything, Everything",2017,96.0,Drama,6.3,44566,https://www.imdb.com/title/tt5001718
tt0303361,May,May,2002,93.0,Drama,6.6,44343,https://www.imdb.com/title/tt0303361
tt2994190,Camp X-Ray,Camp X-Ray,2014,117.0,Drama,6.8,44343,https://www.imdb.com/title/tt2994190
tt12908110,Mr. Harrigan's Phone,Mr. Harrigan's Phone,2022,104.0,Drama,6.0,44304,https://www.imdb.com/title/tt12908110
tt10095582,The Tragedy of Macbeth,The Tragedy of Macbeth,2021,105.0,Drama,7.1,44297,https://www.imdb.com/title/tt10095582
tt10362466,After We Collided,After We Collided,2020,105.0,Drama,5.1,44192,https://www.imdb.com/title/tt10362466
tt0913425,Broken Embraces,Los abrazos rotos,2009,127.0,Drama,7.2,44191,https://www.imdb.com/title/tt0913425
tt0113862,Mr. Holland's Opus,Mr. Holland's Opus,1995,144.0,Drama,7.4,44146,https://www.imdb.com/title/tt0113862
tt1423995,Stone,Stone,2010,105.0,Drama,5.4,44055,https://www.imdb.com/title/tt1423995
tt21909764,My Fault,Culpa mía,2023,117.0,Drama,6.1,43906,https://www.imdb.com/title/tt21909764
tt1265990,The Roommate,The Roommate,2011,91.0,Drama,4.8,43873,https://www.imdb.com/title/tt1265990
tt0120265,Taste of Cherry,Ta'm e guilass,1997,95.0,Drama,7.7,43819,https://www.imdb.com/title/tt0120265
tt0430912,Basic Instinct 2,Basic Instinct 2,2006,114.0,Drama,4.4,43726,https://www.imdb.com/title/tt0430912
tt1879016,Operation Mincemeat,Operation Mincemeat,2021,128.0,Drama,6.6,43710,https://www.imdb.com/title/tt1879016
tt0247199,The Believer,The Believer,2001,98.0,Drama,7.1,43627,https://www.imdb.com/title/tt0247199
tt12676326,Malcolm & Marie,Malcolm & Marie,2021,106.0,Drama,6.6,43526,https://www.imdb.com/title/tt12676326
tt0252501,Hearts in Atlantis,Hearts in Atlantis,2001,101.0,Drama,6.9,43365,https://www.imdb.com/title/tt0252501
tt10003008,The Rental,The Rental,2020,88.0,Drama,5.7,43347,https://www.imdb.com/title/tt10003008
tt1521197,Anonymous,Anonymous,2011,130.0,Drama,6.8,43342,https://www.imdb.com/title/tt1521197
tt0099528,The Exorcist III,The Exorcist III,1990,110.0,Drama,6.5,43251,https://www.imdb.com/title/tt0099528
tt0278731,Spider,Spider,2002,98.0,Drama,6.7,43246,https://www.imdb.com/title/tt0278731
tt9362736,Die My Love,Die My Love,2025,119.0,Drama,6.0,43182,https://www.imdb.com/title/tt9362736
tt28249919,Presence,Presence,2024,84.0,Drama,6.1,43100,https://www.imdb.com/title/tt28249919
tt1340107,In a Better World,Hævnen,2010,118.0,Drama,7.6,43083,https://www.imdb.com/title/tt1340107
tt0838247,After.Life,After.Life,2009,104.0,Drama,5.9,42992,https://www.imdb.com/title/tt0838247
tt3966404,Mustang,Mustang,2015,97.0,Drama,7.6,42973,https://www.imdb.com/title/tt3966404
tt8151874,Honey Boy,Honey Boy,2019,94.0,Drama,7.2,42970,https://www.imdb.com/title/tt8151874
tt7518786,'83,83,2021,162.0,Drama,7.5,42929,https://www.imdb.com/title/tt7518786
tt5648882,The Burial,The Burial,2023,126.0,Drama,7.1,42851,https://www.imdb.com/title/tt5648882
tt11847410,The Fallout,The Fallout,2021,96.0,Drama,7.0,42796,https://www.imdb.com/title/tt11847410
tt0115988,The Crucible,The Crucible,1996,124.0,Drama,6.8,42772,https://www.imdb.com/title/tt0115988
tt10986222,C'mon C'mon,C'mon C'mon,2021,109.0,Drama,7.3,42766,https://www.imdb.com/title/tt10986222
tt0425430,The Messengers,The Messengers,2007,90.0,Drama,5.4,42696,https://www.imdb.com/title/tt0425430
tt2183014,Love at First Sight,Love at First Sight,2023,91.0,Drama,6.8,42644,https://www.imdb.com/title/tt2183014
tt2872518,The Shack,The Shack,2017,132.0,Drama,6.3,42529,https://www.imdb.com/title/tt2872518
tt3787590,We Are Your Friends,We Are Your Friends,2015,96.0,Drama,6.2,42514,https://www.imdb.com/title/tt3787590
tt0139462,Message in a Bottle,Message in a Bottle,1999,126.0,Drama,6.3,42442,https://www.imdb.com/title/tt0139462
tt9110170,Wrong Turn,Wrong Turn,2021,109.0,Drama,5.6,42198,https://www.imdb.com/title/tt9110170
tt0116477,Hamlet,Hamlet,1996,242.0,Drama,7.7,41945,https://www.imdb.com/title/tt0116477
tt10128846,Megalopolis,Francis Ford Coppola's Megalopolis: A Fable,2024,138.0,Drama,4.7,41910,https://www.imdb.com/title/tt10128846
tt2639336,Greta,Greta,2018,98.0,Drama,6.1,41848,https://www.imdb.com/title/tt2639336
tt8633462,"Quo Vadis, Aida?","Quo Vadis, Aida?",2020,101.0,Drama,8.0,41831,https://www.imdb.com/title/tt8633462
tt0259288,Dragonfly,Dragonfly,2002,104.0,Drama,6.1,41528,https://www.imdb.com/title/tt0259288
tt2326554,A Girl Walks Home Alone at Night,A Girl Walks Home Alone at Night,2014,101.0,Drama,6.9,41300,https://www.imdb.com/title/tt2326554
tt23736044,Monster,Kaibutsu,2023,127.0,Drama,7.8,41298,https://www.imdb.com/title/tt23736044
tt2091473,Promised Land,Promised Land,2012,106.0,Drama,6.6,40971,https://www.imdb.com/title/tt2091473
tt5935704,Padmaavat,Padmaavat,2018,163.0,Drama,7.1,40938,https://www.imdb.com/title/tt5935704
tt5635086,God's Own Country,God's Own Country,2017,104.0,Drama,7.6,40931,https://www.imdb.com/title/tt5635086
tt0080979,Kagemusha: The Shadow Warrior,Kagemusha,1980,162.0,Drama,7.9,40912,https://www.imdb.com/title/tt0080979
tt2752200,Young & Beautiful,Jeune et jolie,2013,95.0,Drama,6.7,40797,https://www.imdb.com/title/tt2752200
tt0096332,The Unbearable Lightness of Being,The Unbearable Lightness of Being,1988,171.0,Drama,7.2,40687,https://www.imdb.com/title/tt0096332
tt10962368,Things Heard & Seen,Things Heard & Seen,2021,121.0,Drama,5.3,40668,https://www.imdb.com/title/tt10962368
tt0470705,Bug,Bug,2006,102.0,Drama,6.1,40601,https://www.imdb.com/title/tt0470705
tt0254455,Sex and Lucía,Lucía y el sexo,2001,128.0,Drama,7.0,40567,https://www.imdb.com/title/tt0254455
tt29808429,Color of Victory,Zaferin Rengi,2024,157.0,Drama,6.1,40505,https://www.imdb.com/title/tt29808429
tt5155780,The Discovery,The Discovery,2017,102.0,Drama,6.2,40472,https://www.imdb.com/title/tt5155780
tt6038600,Smolensk,Smolensk,2016,120.0,Drama,1.2,40450,https://www.imdb.com/title/tt6038600
tt0120879,Velvet Goldmine,Velvet Goldmine,1998,123.0,Drama,6.9,40404,https://www.imdb.com/title/tt0120879
tt0108211,Stalingrad,Stalingrad,1993,134.0,Drama,7.5,40403,https://www.imdb.com/title/tt0108211
tt0166485,Anna and the King,Anna and the King,1999,148.0,Drama,6.7,40380,https://www.imdb.com/title/tt0166485
tt1535616,The Divide,The Divide,2011,112.0,Drama,5.7,40368,https://www.imdb.com/title/tt1535616
tt1413495,Paranoia,Paranoia,2013,106.0,Drama,5.6,40317,https://www.imdb.com/title/tt1413495
tt0126916,For Love of the Game,For Love of the Game,1999,137.0,Drama,6.6,40249,https://www.imdb.com/title/tt0126916
tt12618926,Parallel Mothers,Madres paralelas,2021,123.0,Drama,7.1,40193,https://www.imdb.com/title/tt12618926
tt3442006,Cake,Cake,2014,102.0,Drama,6.4,40141,https://www.imdb.com/title/tt3442006
tt0323944,Shattered Glass,Shattered Glass,2003,94.0,Drama,7.1,40133,https://www.imdb.com/title/tt0323944
tt1078188,Boy A,Boy A,2007,106.0,Drama,7.5,40064,https://www.imdb.com/title/tt1078188
tt6108178,Disobedience,Disobedience,2017,114.0,Drama,6.6,40039,https://www.imdb.com/title/tt6108178
tt0379889,The Merchant of Venice,The Merchant of Venice,2004,131.0,Drama,7.0,40004,https://www.imdb.com/title/tt0379889
tt5516328,Ghost Stories,Ghost Stories,2017,98.0,Drama,6.4,40002,https://www.imdb.com/title/tt5516328
tt2213054,Kai Po Che,Kai po che!,2013,120.0,Drama,7.8,39969,https://www.imdb.com/title/tt2213054
tt4799066,Midnight Sun,Midnight Sun,2018,91.0,Drama,6.6,39783,https://www.imdb.com/title/tt4799066
tt6304046,Thelma,Thelma,2017,116.0,Drama,6.9,39690,https://www.imdb.com/title/tt6304046
tt8361028,Cam,Cam,2018,94.0,Drama,5.9,39592,https://www.imdb.com/title/tt8361028
tt9051908,Living,Living,2022,102.0,Drama,7.2,39530,https://www.imdb.com/title/tt9051908
tt1594562,The Innkeepers,The Innkeepers,2011,101.0,Drama,5.5,39476,https://www.imdb.com/title/tt1594562
tt0265662,The Rookie,The Rookie,2002,128.0,Drama,6.9,39287,https://www.imdb.com/title/tt0265662
tt0457655,After the Wedding,Efter brylluppet,2006,120.0,Drama,7.6,39208,https://www.imdb.com/title/tt0457655
tt14537248,Nefarious,Nefarious,2023,97.0,Drama,6.4,39152,https://www.imdb.com/title/tt14537248
tt0114887,A Walk in the Clouds,A Walk in the Clouds,1995,102.0,Drama,6.7,39073,https://www.imdb.com/title/tt0114887
tt0113670,A Little Princess,A Little Princess,1995,97.0,Drama,7.6,39059,https://www.imdb.com/title/tt0113670
tt8108268,The Tashkent Files,The Tashkent Files,2019,134.0,Drama,8.0,39037,https://www.imdb.com/title/tt8108268
tt7550014,No Exit,No Exit,2022,95.0,Drama,6.2,38891,https://www.imdb.com/title/tt7550014
tt2103267,Adore,Adoration,2013,112.0,Drama,6.2,38751,https://www.imdb.com/title/tt2103267
tt0457297,The Butterfly Effect 2,The Butterfly Effect 2,2006,92.0,Drama,4.5,38701,https://www.imdb.com/title/tt0457297
tt0104454,Howards End,Howards End,1992,142.0,Drama,7.3,38640,https://www.imdb.com/title/tt0104454
tt11703710,Downton Abbey: A New Era,Downton Abbey: A New Era,2022,124.0,Drama,7.4,38541,https://www.imdb.com/title/tt11703710
tt0092593,Au Revoir Les Enfants,Au revoir les enfants,1987,104.0,Drama,8.0,38494,https://www.imdb.com/title/tt0092593
tt2398231,The Homesman,The Homesman,2014,122.0,Drama,6.6,38489,https://www.imdb.com/title/tt2398231
tt0790712,The Messenger,The Messenger,2009,113.0,Drama,7.1,38478,https://www.imdb.com/title/tt0790712
tt0435679,Keith,Keith,2008,95.0,Drama,7.3,38370,https://www.imdb.com/title/tt0435679
tt6218358,Calibre,Calibre,2018,101.0,Drama,6.8,38361,https://www.imdb.com/title/tt6218358
tt0120255,The Sweet Hereafter,The Sweet Hereafter,1997,112.0,Drama,7.4,38204,https://www.imdb.com/title/tt0120255
tt2203308,Aashiqui 2,Aashiqui 2,2013,132.0,Drama,7.1,38165,https://www.imdb.com/title/tt2203308
tt0118845,Happy Together,Chun gwong ja sit,1997,96.0,Drama,7.7,38163,https://www.imdb.com/title/tt0118845
tt8652728,Waves,Waves,2019,135.0,Drama,7.5,38055,https://www.imdb.com/title/tt8652728
tt2359810,Raanjhanaa,Raanjhanaa,2013,140.0,Drama,7.6,38045,https://www.imdb.com/title/tt2359810
tt0101640,Raise the Red Lantern,Da hong denglong gaogao gua,1991,125.0,Drama,8.1,37908,https://www.imdb.com/title/tt0101640
tt0816556,Lake Mungo,Lake Mungo,2008,87.0,Drama,6.2,37775,https://www.imdb.com/title/tt0816556
tt21097228,A Different Man,A Different Man,2024,112.0,Drama,6.9,37759,https://www.imdb.com/title/tt21097228
tt0082846,On Golden Pond,On Golden Pond,1981,109.0,Drama,7.6,37667,https://www.imdb.com/title/tt0082846
tt6304162,Loveless,Nelyubov,2017,127.0,Drama,7.6,37566,https://www.imdb.com/title/tt6304162
tt0094006,Some Kind of Wonderful,Some Kind of Wonderful,1987,95.0,Drama,7.0,37535,https://www.imdb.com/title/tt0094006
tt1068646,The Class,Entre les murs,2008,128.0,Drama,7.5,37493,https://www.imdb.com/title/tt1068646
tt0375611,Black,Black,2005,122.0,Drama,8.1,37490,https://www.imdb.com/title/tt0375611
tt2626350,Step Up All In,Step Up All In,2014,112.0,Drama,5.9,37486,https://www.imdb.com/title/tt2626350
tt0308379,Dark Water,Honogurai mizu no soko kara,2002,101.0,Drama,6.7,37436,https://www.imdb.com/title/tt0308379
tt1381404,The Company You Keep,The Company You Keep,2012,125.0,Drama,6.4,37432,https://www.imdb.com/title/tt1381404
tt0108162,Sliver,Sliver,1993,107.0,Drama,5.1,37403,https://www.imdb.com/title/tt0108162
tt0238112,Captain Corelli's Mandolin,Captain Corelli's Mandolin,2001,131.0,Drama,5.9,37389,https://www.imdb.com/title/tt0238112
tt27196021,Small Things Like These,Small Things Like These,2024,98.0,Drama,6.7,37382,https://www.imdb.com/title/tt27196021
tt0213890,Mohabbatein,Mohabbatein,2000,216.0,Drama,7.1,37266,https://www.imdb.com/title/tt0213890
tt0318374,The Cooler,The Cooler,2003,101.0,Drama,6.9,37230,https://www.imdb.com/title/tt0318374
tt14403504,Last Breath,Last Breath,2025,93.0,Drama,6.6,37136,https://www.imdb.com/title/tt14403504
tt0106332,Farewell My Concubine,Ba wang bie ji,1993,171.0,Drama,8.1,36966,https://www.imdb.com/title/tt0106332
tt0361127,The Woodsman,The Woodsman,2004,87.0,Drama,7.1,36864,https://www.imdb.com/title/tt0361127
tt3544082,45 Years,45 Years,2015,95.0,Drama,7.1,36644,https://www.imdb.com/title/tt3544082
tt15145764,Freddy,Freddy,2022,124.0,Drama,7.3,36625,https://www.imdb.com/title/tt15145764
tt2056771,A Bigger Splash,A Bigger Splash,2015,125.0,Drama,6.4,36599,https://www.imdb.com/title/tt2056771
tt1924245,Cry Macho,Cry Macho,2021,104.0,Drama,5.7,36523,https://www.imdb.com/title/tt1924245
tt6436726,7500,7500,2019,93.0,Drama,6.3,36472,https://www.imdb.com/title/tt6436726
tt1588398,Sleeping Beauty,Sleeping Beauty,2011,101.0,Drama,5.3,36456,https://www.imdb.com/title/tt1588398
tt28082769,September 5,September 5,2024,95.0,Drama,7.1,36414,https://www.imdb.com/title/tt28082769
tt0104029,Cronos,Cronos,1992,94.0,Drama,6.7,36413,https://www.imdb.com/title/tt0104029
tt0081534,Somewhere in Time,Somewhere in Time,1980,103.0,Drama,7.2,36297,https://www.imdb.com/title/tt0081534
tt0102768,Regarding Henry,Regarding Henry,1991,108.0,Drama,6.7,36191,https://www.imdb.com/title/tt0102768
tt2084989,Upstream Color,Upstream Color,2013,96.0,Drama,6.5,36133,https://www.imdb.com/title/tt2084989
tt0350261,An Unfinished Life,An Unfinished Life,2005,108.0,Drama,7.0,36113,https://www.imdb.com/title/tt0350261
tt1198138,Obsessed,Obsessed,2009,108.0,Drama,5.1,36038,https://www.imdb.com/title/tt1198138
tt1964624,In the House,Dans la maison,2012,105.0,Drama,7.3,35959,https://www.imdb.com/title/tt1964624
tt0899106,Love Happens,Love Happens,2009,109.0,Drama,5.7,35942,https://www.imdb.com/title/tt0899106
tt0410764,Tideland,Tideland,2005,120.0,Drama,6.3,35938,https://www.imdb.com/title/tt0410764
tt0364343,The Final Cut,The Final Cut,2004,95.0,Drama,6.1,35936,https://www.imdb.com/title/tt0364343
tt0283139,White Oleander,White Oleander,2002,109.0,Drama,7.1,35917,https://www.imdb.com/title/tt0283139
tt10612922,One Night in Miami...,One Night in Miami...,2020,114.0,Drama,7.1,35899,https://www.imdb.com/title/tt10612922
tt0120577,54,54,1998,93.0,Drama,5.9,35831,https://www.imdb.com/title/tt0120577
tt0116905,Lone Star,Lone Star,1996,135.0,Drama,7.4,35737,https://www.imdb.com/title/tt0116905
tt7711170,Alone,Alone,2020,98.0,Drama,6.2,35726,https://www.imdb.com/title/tt7711170
tt0120802,The Red Violin,Le violon rouge,1998,130.0,Drama,7.6,35721,https://www.imdb.com/title/tt0120802
tt0083284,Victory,Victory,1981,116.0,Drama,6.7,35685,https://www.imdb.com/title/tt0083284
tt1937264,Now Is Good,Now Is Good,2012,103.0,Drama,7.0,35672,https://www.imdb.com/title/tt1937264
tt0128278,Instinct,Instinct,1999,126.0,Drama,6.6,35490,https://www.imdb.com/title/tt0128278
tt0118819,Live Flesh,Carne trémula,1997,103.0,Drama,7.3,35478,https://www.imdb.com/title/tt0118819
tt0880502,The Edge of Heaven,Auf der anderen Seite,2007,116.0,Drama,7.7,35439,https://www.imdb.com/title/tt0880502
tt4326444,Julieta,Julieta,2016,99.0,Drama,7.1,35418,https://www.imdb.com/title/tt4326444
tt4635372,Masaan,Masaan,2015,109.0,Drama,8.1,35410,https://www.imdb.com/title/tt4635372
tt1204340,Tyrannosaur,Tyrannosaur,2011,92.0,Drama,7.5,35383,https://www.imdb.com/title/tt1204340
tt0473360,Goal II: Living the Dream,Goal II: Living the Dream,2007,115.0,Drama,5.8,35347,https://www.imdb.com/title/tt0473360
tt0810988,The Nines,The Nines,2007,100.0,Drama,6.2,35346,https://www.imdb.com/title/tt0810988
tt0408664,Nobody Knows,Dare mo shiranai,2004,141.0,Drama,8.0,35319,https://www.imdb.com/title/tt0408664
tt0096794,Always,Always,1989,122.0,Drama,6.4,35305,https://www.imdb.com/title/tt0096794
tt28459771,Oficina do Diabo,Oficina do Diabo,2025,124.0,Drama,7.9,35197,https://www.imdb.com/title/tt28459771
tt4986098,The Titan,The Titan,2018,97.0,Drama,4.8,35180,https://www.imdb.com/title/tt4986098
tt1951181,The Immigrant,The Immigrant,2013,120.0,Drama,6.6,35148,https://www.imdb.com/title/tt1951181
tt4995776,The Red Sea Diving Resort,The Red Sea Diving Resort,2019,129.0,Drama,6.6,35035,https://www.imdb.com/title/tt4995776
tt0091670,The Sacrifice,Offret,1986,149.0,Drama,7.8,34992,https://www.imdb.com/title/tt0091670
tt1714209,In the Land of Blood and Honey,In the Land of Blood and Honey,2011,127.0,Drama,4.7,34954,https://www.imdb.com/title/tt1714209
tt1372686,Coriolanus,Coriolanus,2011,123.0,Drama,6.1,34924,https://www.imdb.com/title/tt1372686
tt0114168,Powder,Powder,1995,111.0,Drama,6.6,34914,https://www.imdb.com/title/tt0114168
tt0120824,The Shipping News,The Shipping News,2001,111.0,Drama,6.7,34831,https://www.imdb.com/title/tt0120824
tt18382850,If I Had Legs I'd Kick You,If I Had Legs I'd Kick You,2025,113.0,Drama,6.6,34764,https://www.imdb.com/title/tt18382850
tt1714210,Weekend,Weekend,2011,97.0,Drama,7.6,34566,https://www.imdb.com/title/tt1714210
tt1598642,Z for Zachariah,Z for Zachariah,2015,98.0,Drama,6.0,34553,https://www.imdb.com/title/tt1598642
tt0300532,Blue Crush,Blue Crush,2002,104.0,Drama,5.7,34515,https://www.imdb.com/title/tt0300532
tt3289728,Equals,Equals,2015,101.0,Drama,6.0,34425,https://www.imdb.com/title/tt3289728
tt0424205,Joyeux Noel,Joyeux Noël,2005,116.0,Drama,7.6,34286,https://www.imdb.com/title/tt0424205
tt0244316,Yi Yi,Yi yi,2000,173.0,Drama,8.1,33993,https://www.imdb.com/title/tt0244316
tt4547194,I Kill Giants,I Kill Giants,2017,106.0,Drama,6.1,33959,https://www.imdb.com/title/tt4547194
tt1736633,"Oslo, August 31st","Oslo, 31. august",2011,95.0,Drama,7.6,33949,https://www.imdb.com/title/tt1736633
tt3395184,Spring,Spring,2014,109.0,Drama,6.7,33891,https://www.imdb.com/title/tt3395184
tt0357507,Boogeyman,Boogeyman,2005,89.0,Drama,4.2,33838,https://www.imdb.com/title/tt0357507
tt0308383,The Human Stain,The Human Stain,2003,106.0,Drama,6.2,33752,https://www.imdb.com/title/tt0308383
tt5929754,Wildlife,Wildlife,2018,105.0,Drama,6.8,33564,https://www.imdb.com/title/tt5929754
tt2479800,Palo Alto,Palo Alto,2013,100.0,Drama,6.1,33532,https://www.imdb.com/title/tt2479800
tt0164538,Dil Se..,Dil Se..,1998,163.0,Drama,7.5,33431,https://www.imdb.com/title/tt0164538
tt0203230,You Can Count on Me,You Can Count on Me,2000,111.0,Drama,7.5,33396,https://www.imdb.com/title/tt0203230
tt0107007,Gettysburg,Gettysburg,1993,254.0,Drama,7.6,33391,https://www.imdb.com/title/tt0107007
tt3278330,Tale of Tales,Il racconto dei racconti - Tale of Tales,2015,134.0,Drama,6.4,33330,https://www.imdb.com/title/tt3278330
tt9196192,Cuties,Mignonnes,2020,96.0,Drama,3.6,33286,https://www.imdb.com/title/tt9196192
tt11777738,A Hero,Ghahreman,2021,127.0,Drama,7.5,33080,https://www.imdb.com/title/tt11777738
tt0408777,The Edukators,Die fetten Jahre sind vorbei,2004,127.0,Drama,7.4,33067,https://www.imdb.com/title/tt0408777
tt0086022,Nostalgia,Nostalghia,1983,125.0,Drama,7.9,33064,https://www.imdb.com/title/tt0086022
tt0113419,The Indian in the Cupboard,The Indian in the Cupboard,1995,96.0,Drama,6.0,33061,https://www.imdb.com/title/tt0113419
tt9072352,Relic,Relic,2020,89.0,Drama,6.0,33032,https://www.imdb.com/title/tt9072352
tt0107501,The Man Without a Face,The Man Without a Face,1993,115.0,Drama,6.7,32924,https://www.imdb.com/title/tt0107501
tt0113870,Murder in the First,Murder in the First,1995,122.0,Drama,7.3,32920,https://www.imdb.com/title/tt0113870
tt0119313,Hope Floats,Hope Floats,1998,114.0,Drama,6.1,32833,https://www.imdb.com/title/tt0119313
tt5825380,Wonder Wheel,Wonder Wheel,2017,101.0,Drama,6.2,32765,https://www.imdb.com/title/tt5825380
tt0236784,The Tailor of Panama,The Tailor of Panama,2001,109.0,Drama,6.1,32724,https://www.imdb.com/title/tt0236784
tt1424797,I Killed My Mother,J'ai tué ma mère,2009,96.0,Drama,7.4,32651,https://www.imdb.com/title/tt1424797
tt0100998,Dreams,Yume,1990,119.0,Drama,7.7,32592,https://www.imdb.com/title/tt0100998
tt4273292,Under the Shadow,Under the Shadow,2016,84.0,Drama,6.8,32554,https://www.imdb.com/title/tt4273292
tt2452254,Clouds of Sils Maria,Clouds of Sils Maria,2014,124.0,Drama,6.7,32540,https://www.imdb.com/title/tt2452254
tt0110638,Nell,Nell,1994,112.0,Drama,6.5,32482,https://www.imdb.com/title/tt0110638
tt0117737,Stealing Beauty,Stealing Beauty,1996,118.0,Drama,6.5,32380,https://www.imdb.com/title/tt0117737
tt0378793,Speak,Speak,2004,89.0,Drama,7.2,32310,https://www.imdb.com/title/tt0378793
tt8372298,Swallow,Swallow,2019,94.0,Drama,6.5,32284,https://www.imdb.com/title/tt8372298
tt3300980,The 12th Man,Den 12. mann,2017,135.0,Drama,7.3,32201,https://www.imdb.com/title/tt3300980
tt6108090,Secret Superstar,Secret Superstar,2017,150.0,Drama,7.7,32178,https://www.imdb.com/title/tt6108090
tt0116999,Marvin's Room,Marvin's Room,1996,98.0,Drama,6.7,32175,https://www.imdb.com/title/tt0116999
tt0209077,Ken Park,Ken Park,2002,93.0,Drama,5.8,32077,https://www.imdb.com/title/tt0209077
tt1247690,Serena,Serena,2014,109.0,Drama,5.5,32021,https://www.imdb.com/title/tt1247690
tt2094018,Hours,Hours,2013,97.0,Drama,6.3,31910,https://www.imdb.com/title/tt2094018
tt24458622,The Six Triple Eight,The Six Triple Eight,2024,127.0,Drama,6.7,31909,https://www.imdb.com/title/tt24458622
tt0085701,The Hunger,The Hunger,1983,97.0,Drama,6.6,31898,https://www.imdb.com/title/tt0085701
tt2101383,Knight of Cups,Knight of Cups,2015,118.0,Drama,5.6,31824,https://www.imdb.com/title/tt2101383
tt10065694,Antebellum,Antebellum,2020,105.0,Drama,5.8,31819,https://www.imdb.com/title/tt10065694
tt11460992,Runway 34,Runway 34,2022,145.0,Drama,7.0,31596,https://www.imdb.com/title/tt11460992
tt0438315,Peaceful Warrior,Peaceful Warrior,2006,120.0,Drama,7.2,31524,https://www.imdb.com/title/tt0438315
tt5607714,On Body and Soul,Teströl és lélekröl,2017,116.0,Drama,7.5,31500,https://www.imdb.com/title/tt5607714
tt3149038,A Brilliant Young Mind,X+Y,2014,111.0,Drama,7.1,31263,https://www.imdb.com/title/tt3149038
tt2238050,White Bird in a Blizzard,White Bird in a Blizzard,2014,91.0,Drama,6.4,31167,https://www.imdb.com/title/tt2238050
tt0258068,The Quiet American,The Quiet American,2002,101.0,Drama,7.0,31114,https://www.imdb.com/title/tt0258068
tt32550101,Straw,Straw,2025,105.0,Drama,6.5,31021,https://www.imdb.com/title/tt32550101
tt9419056,The Unholy,The Unholy,2021,99.0,Drama,5.1,30995,https://www.imdb.com/title/tt9419056
tt2331143,"Like Father, Like Son",Soshite chichi ni naru,2013,121.0,Drama,7.8,30942,https://www.imdb.com/title/tt2331143
tt1595656,To the Wonder,To the Wonder,2012,112.0,Drama,5.8,30910,https://www.imdb.com/title/tt1595656
tt0338096,Dirty Dancing: Havana Nights,Dirty Dancing: Havana Nights,2004,86.0,Drama,5.9,30901,https://www.imdb.com/title/tt0338096
tt30321146,In a Violent Nature,In a Violent Nature,2024,94.0,Drama,5.5,30855,https://www.imdb.com/title/tt30321146
tt1959332,American Mary,American Mary,2012,103.0,Drama,6.2,30838,https://www.imdb.com/title/tt1959332
tt2582502,Fathers & Daughters,Fathers & Daughters,2015,116.0,Drama,7.0,30721,https://www.imdb.com/title/tt2582502
tt6628102,The Wild Pear Tree,Ahlat Agaci,2018,188.0,Drama,8.0,30649,https://www.imdb.com/title/tt6628102
tt0469623,Things We Lost in the Fire,Things We Lost in the Fire,2007,118.0,Drama,7.1,30647,https://www.imdb.com/title/tt0469623
tt15392282,Merry Christmas,Merry Christmas,2024,144.0,Drama,6.9,30550,https://www.imdb.com/title/tt15392282
tt0900387,Suite Française,Suite Française,2014,107.0,Drama,7.0,30549,https://www.imdb.com/title/tt0900387
tt2339741,The Woman in Black 2: Angel of Death,The Woman in Black 2: Angel of Death,2014,98.0,Drama,4.8,30479,https://www.imdb.com/title/tt2339741
tt0174480,Autumn in New York,Autumn in New York,2000,103.0,Drama,5.6,30448,https://www.imdb.com/title/tt0174480
tt0108473,The Vanishing,The Vanishing,1993,109.0,Drama,6.3,30297,https://www.imdb.com/title/tt0108473
tt26612950,The Teachers' Lounge,Das Lehrerzimmer,2023,98.0,Drama,7.4,30265,https://www.imdb.com/title/tt26612950
tt2343793,Third Person,Third Person,2013,137.0,Drama,6.3,30262,https://www.imdb.com/title/tt2343793
tt24068064,Reality,Reality,2023,83.0,Drama,6.7,30170,https://www.imdb.com/title/tt24068064
tt7294534,Arjun Reddy,Arjun Reddy,2017,182.0,Drama,7.9,30140,https://www.imdb.com/title/tt7294534
tt11905962,Sputnik,Sputnik,2020,113.0,Drama,6.4,30051,https://www.imdb.com/title/tt11905962
tt0318411,The Magdalene Sisters,The Magdalene Sisters,2002,114.0,Drama,7.7,30013,https://www.imdb.com/title/tt0318411
tt4291600,Lady Macbeth,Lady Macbeth,2016,89.0,Drama,6.8,29869,https://www.imdb.com/title/tt4291600
tt4028464,The Innocents,De uskyldige,2021,117.0,Drama,7.0,29829,https://www.imdb.com/title/tt4028464
tt0384286,Cry Wolf,Cry Wolf,2005,90.0,Drama,5.8,29803,https://www.imdb.com/title/tt0384286
tt3704050,Remember,Remember,2015,94.0,Drama,7.5,29775,https://www.imdb.com/title/tt3704050
tt0416212,The Secret Life of Bees,The Secret Life of Bees,2008,114.0,Drama,7.2,29761,https://www.imdb.com/title/tt0416212
tt7772582,Never Rarely Sometimes Always,Never Rarely Sometimes Always,2020,101.0,Drama,7.3,29737,https://www.imdb.com/title/tt7772582
tt6882604,Archive,Archive,2020,109.0,Drama,6.4,29696,https://www.imdb.com/title/tt6882604
tt1702014,The Way He Looks,Hoje Eu Quero Voltar Sozinho,2014,96.0,Drama,7.9,29536,https://www.imdb.com/title/tt1702014
tt9000224,The Assistant,The Assistant,2019,87.0,Drama,6.3,29526,https://www.imdb.com/title/tt9000224
tt1827512,The Kid with a Bike,Le gamin au vélo,2011,87.0,Drama,7.4,29509,https://www.imdb.com/title/tt1827512
tt0365957,You Got Served,You Got Served,2004,95.0,Drama,3.9,29433,https://www.imdb.com/title/tt0365957
tt0089869,The Quiet Earth,The Quiet Earth,1985,91.0,Drama,6.7,29398,https://www.imdb.com/title/tt0089869
tt28479262,Sing Sing,Sing Sing,2023,107.0,Drama,7.6,29395,https://www.imdb.com/title/tt28479262
tt0105327,School Ties,School Ties,1992,106.0,Drama,6.9,29392,https://www.imdb.com/title/tt0105327
tt1932767,What Maisie Knew,What Maisie Knew,2012,99.0,Drama,7.4,29382,https://www.imdb.com/title/tt1932767
tt0091288,Jean de Florette,Jean de Florette,1986,120.0,Drama,8.1,29301,https://www.imdb.com/title/tt0091288
tt3335606,Berlin Syndrome,Berlin Syndrome,2017,116.0,Drama,6.3,29221,https://www.imdb.com/title/tt3335606
tt13229894,God's Crooked Lines,Los renglones torcidos de Dios,2022,154.0,Drama,7.1,29182,https://www.imdb.com/title/tt13229894
tt14153080,A Good Person,A Good Person,2023,128.0,Drama,7.1,29014,https://www.imdb.com/title/tt14153080
tt0109579,Death and the Maiden,Death and the Maiden,1994,103.0,Drama,7.2,29001,https://www.imdb.com/title/tt0109579
tt10309902,Chehre,Chehre,2021,139.0,Drama,6.2,28951,https://www.imdb.com/title/tt10309902
tt4559006,Ae Dil Hai Mushkil,Ae Dil Hai Mushkil,2016,158.0,Drama,5.9,28941,https://www.imdb.com/title/tt4559006
tt1020773,Certified Copy,Copie conforme,2010,106.0,Drama,7.2,28922,https://www.imdb.com/title/tt1020773
tt11514780,Choose or Die,Choose or Die,2022,84.0,Drama,4.8,28907,https://www.imdb.com/title/tt11514780
tt15109082,The Quiet Girl,An Cailín Ciúin,2022,95.0,Drama,7.7,28678,https://www.imdb.com/title/tt15109082
tt3177316,Honeymoon,Honeymoon,2014,87.0,Drama,5.7,28579,https://www.imdb.com/title/tt3177316
tt4581576,Aftermath,Aftermath,2017,94.0,Drama,5.7,28520,https://www.imdb.com/title/tt4581576
tt5639354,A Fantastic Woman,Una mujer fantástica,2017,104.0,Drama,7.2,28499,https://www.imdb.com/title/tt5639354
tt1198156,You're Not You,You're Not You,2014,102.0,Drama,7.3,28254,https://www.imdb.com/title/tt1198156
tt12996154,365 Days: This Day,365 Days: This Day,2022,111.0,Drama,2.7,28251,https://www.imdb.com/title/tt12996154
tt8948790,Jersey,Jersey,2019,157.0,Drama,8.5,28215,https://www.imdb.com/title/tt8948790
tt0369672,A Love Song for Bobby Long,A Love Song for Bobby Long,2004,119.0,Drama,7.1,28175,https://www.imdb.com/title/tt0369672
tt8359816,Sorry We Missed You,Sorry We Missed You,2019,101.0,Drama,7.6,28158,https://www.imdb.com/title/tt8359816
tt0095467,A Short Film About Love,Krótki film o milosci,1988,87.0,Drama,8.1,28155,https://www.imdb.com/title/tt0095467
tt1263750,Room in Rome,Habitación en Roma,2010,107.0,Drama,6.0,28133,https://www.imdb.com/title/tt1263750
tt0346336,The Best of Youth,La meglio gioventù,2003,374.0,Drama,8.4,28029,https://www.imdb.com/title/tt0346336
tt18272208,Here,Here,2024,104.0,Drama,6.3,27957,https://www.imdb.com/title/tt18272208
tt0429573,An American Haunting,An American Haunting,2005,83.0,Drama,5.0,27869,https://www.imdb.com/title/tt0429573
tt10964430,Thappad,Thappad,2020,142.0,Drama,7.0,27839,https://www.imdb.com/title/tt10964430
tt0178737,Mansfield Park,Mansfield Park,1999,112.0,Drama,7.0,27762,https://www.imdb.com/title/tt0178737
tt0250224,Crazy/Beautiful,Crazy/Beautiful,2001,99.0,Drama,6.4,27715,https://www.imdb.com/title/tt0250224
tt14369780,Lady Chatterley's Lover,Lady Chatterley's Lover,2022,126.0,Drama,6.6,27687,https://www.imdb.com/title/tt14369780
tt4030600,The Bye Bye Man,The Bye Bye Man,2017,96.0,Drama,4.3,27678,https://www.imdb.com/title/tt4030600
tt29439114,The Room Next Door,The Room Next Door,2024,107.0,Drama,6.8,27631,https://www.imdb.com/title/tt29439114
tt1714208,The Woman,The Woman,2011,103.0,Drama,6.0,27624,https://www.imdb.com/title/tt1714208
tt1131724,2:22,2:22,2017,98.0,Drama,5.7,27596,https://www.imdb.com/title/tt1131724
tt15654262,Chup,Chup,2022,135.0,Drama,7.5,27552,https://www.imdb.com/title/tt15654262
tt0109456,Color of Night,Color of Night,1994,121.0,Drama,5.2,27521,https://www.imdb.com/title/tt0109456
tt0120176,The Spanish Prisoner,The Spanish Prisoner,1997,110.0,Drama,7.1,27509,https://www.imdb.com/title/tt0120176
tt0956038,Nights in Rodanthe,Nights in Rodanthe,2008,97.0,Drama,6.0,27497,https://www.imdb.com/title/tt0956038
tt0446046,Take the Lead,Take the Lead,2006,118.0,Drama,6.6,27450,https://www.imdb.com/title/tt0446046
tt0428870,A Moment to Remember,Nae meorisokui jiwoogae,2004,117.0,Drama,8.1,27314,https://www.imdb.com/title/tt0428870
tt14402146,Empire of Light,Empire of Light,2022,115.0,Drama,6.7,27278,https://www.imdb.com/title/tt14402146
tt0775539,Stomp the Yard,Stomp the Yard,2007,115.0,Drama,5.5,27234,https://www.imdb.com/title/tt0775539
tt2300975,Jessabelle,Jessabelle,2014,90.0,Drama,5.4,27225,https://www.imdb.com/title/tt2300975
tt13028258,A Thursday,A Thursday,2022,128.0,Drama,7.6,27205,https://www.imdb.com/title/tt13028258
tt4943322,The Ottoman Lieutenant,The Ottoman Lieutenant,2017,106.0,Drama,6.4,27193,https://www.imdb.com/title/tt4943322
tt2059255,No,No,2012,118.0,Drama,7.4,27142,https://www.imdb.com/title/tt2059255
tt5989218,Life Itself,Life Itself,2018,117.0,Drama,6.9,27029,https://www.imdb.com/title/tt5989218
tt0118531,One Eight Seven,One Eight Seven,1997,119.0,Drama,6.6,27026,https://www.imdb.com/title/tt0118531
tt0351817,The Twilight Samurai,Tasogare Seibei,2002,129.0,Drama,8.0,27001,https://www.imdb.com/title/tt0351817
tt0452624,The Good German,The Good German,2006,105.0,Drama,6.0,26992,https://www.imdb.com/title/tt0452624
tt0093512,Maurice,Maurice,1987,140.0,Drama,7.6,26984,https://www.imdb.com/title/tt0093512
tt1808223,Losers' Club,Kaybedenler Kulübü,2011,105.0,Drama,7.4,26974,https://www.imdb.com/title/tt1808223
tt32730754,Chasing the Wind,Rüzgara Birak,2025,96.0,Drama,5.9,26963,https://www.imdb.com/title/tt32730754
tt10192406,Causeway,Causeway,2022,94.0,Drama,6.6,26905,https://www.imdb.com/title/tt10192406
tt31806049,Brick,Brick,2025,99.0,Drama,5.5,26895,https://www.imdb.com/title/tt31806049
tt0283084,Tuck Everlasting,Tuck Everlasting,2002,90.0,Drama,6.6,26863,https://www.imdb.com/title/tt0283084
tt1564349,Dolphin Tale,Dolphin Tale,2011,113.0,Drama,6.8,26858,https://www.imdb.com/title/tt1564349
tt2639254,A Little Chaos,A Little Chaos,2014,117.0,Drama,6.5,26854,https://www.imdb.com/title/tt2639254
tt0280491,Bloody Sunday,Bloody Sunday,2002,111.0,Drama,7.6,26736,https://www.imdb.com/title/tt0280491
tt1715336,Anna,Anna,2013,99.0,Drama,6.4,26708,https://www.imdb.com/title/tt1715336
tt0199725,Love & Basketball,Love & Basketball,2000,125.0,Drama,7.2,26672,https://www.imdb.com/title/tt0199725
tt6826438,Parmanu: The Story of Pokhran,Parmanu: The Story of Pokhran,2018,129.0,Drama,7.6,26668,https://www.imdb.com/title/tt6826438
tt0405676,All the King's Men,All the King's Men,2006,128.0,Drama,6.1,26615,https://www.imdb.com/title/tt0405676
tt0086969,Birdy,Birdy,1984,120.0,Drama,7.2,26610,https://www.imdb.com/title/tt0086969
tt0314412,My Life Without Me,My Life Without Me,2003,106.0,Drama,7.4,26602,https://www.imdb.com/title/tt0314412
tt1602098,Albert Nobbs,Albert Nobbs,2011,113.0,Drama,6.7,26583,https://www.imdb.com/title/tt1602098
tt0107151,The House of the Spirits,The House of the Spirits,1993,145.0,Drama,6.9,26577,https://www.imdb.com/title/tt0107151
tt7983894,Ammonite,Ammonite,2020,117.0,Drama,6.5,26570,https://www.imdb.com/title/tt7983894
tt0225071,Angel Eyes,Angel Eyes,2001,102.0,Drama,5.7,26562,https://www.imdb.com/title/tt0225071
tt8485364,The Room,The Room,2019,100.0,Drama,6.1,26469,https://www.imdb.com/title/tt8485364
tt0342735,Manderlay,Manderlay,2005,133.0,Drama,7.2,26433,https://www.imdb.com/title/tt0342735
tt0087957,Purple Rain,Purple Rain,1984,111.0,Drama,6.5,26416,https://www.imdb.com/title/tt0087957
tt8550054,Pleasure,Pleasure,2021,109.0,Drama,6.3,26378,https://www.imdb.com/title/tt8550054
tt0097368,The Fly II,The Fly II,1989,105.0,Drama,5.2,26363,https://www.imdb.com/title/tt0097368
tt4645368,It's Only the End of the World,Juste la fin du monde,2016,97.0,Drama,6.8,26302,https://www.imdb.com/title/tt4645368
tt8633464,After Yang,After Yang,2021,96.0,Drama,6.6,26292,https://www.imdb.com/title/tt8633464
tt0080716,Fame,Fame,1980,134.0,Drama,6.6,26269,https://www.imdb.com/title/tt0080716
tt0499375,Guru,Guru,2007,166.0,Drama,7.7,26242,https://www.imdb.com/title/tt0499375
tt0331468,Cold Creek Manor,Cold Creek Manor,2003,118.0,Drama,5.1,26224,https://www.imdb.com/title/tt0331468
tt25433734,Hi Nanna,Hi Nanna,2023,155.0,Drama,8.3,26204,https://www.imdb.com/title/tt25433734
tt0106881,Fearless,Fearless,1993,122.0,Drama,7.0,26104,https://www.imdb.com/title/tt0106881
tt0208874,The Contender,The Contender,2000,126.0,Drama,6.9,26084,https://www.imdb.com/title/tt0208874
tt0360556,Fahrenheit 451,Fahrenheit 451,2018,100.0,Drama,5.0,26039,https://www.imdb.com/title/tt0360556
tt1183923,Welcome to the Rileys,Welcome to the Rileys,2010,110.0,Drama,6.9,25986,https://www.imdb.com/title/tt1183923
tt5977276,The Aftermath,The Aftermath,2019,108.0,Drama,6.4,25867,https://www.imdb.com/title/tt5977276
tt3297330,Good Kill,Good Kill,2014,102.0,Drama,6.4,25853,https://www.imdb.com/title/tt3297330
tt5322012,Wish Upon,Wish Upon,2017,90.0,Drama,5.1,25823,https://www.imdb.com/title/tt5322012
tt1322930,Alone,Issiz Adam,2008,113.0,Drama,6.8,25722,https://www.imdb.com/title/tt1322930
tt0449061,London,London,2005,92.0,Drama,6.3,25716,https://www.imdb.com/title/tt0449061
tt0091480,Manon of the Spring,Manon des sources,1986,113.0,Drama,8.0,25698,https://www.imdb.com/title/tt0091480
tt13139228,My Policeman,My Policeman,2022,113.0,Drama,6.6,25695,https://www.imdb.com/title/tt13139228
tt7026672,Every Day,Every Day,2018,97.0,Drama,6.5,25691,https://www.imdb.com/title/tt7026672
tt0942384,Shelter,Shelter,2007,97.0,Drama,7.6,25661,https://www.imdb.com/title/tt0942384
tt1226236,I Am Love,Io sono l'amore,2009,120.0,Drama,7.0,25635,https://www.imdb.com/title/tt1226236
tt0098253,Santa Sangre,Santa Sangre,1989,123.0,Drama,7.5,25562,https://www.imdb.com/title/tt0098253
tt1798632,Firestarter,Firestarter,2022,94.0,Drama,4.6,25550,https://www.imdb.com/title/tt1798632
tt0172396,The End of the Affair,The End of the Affair,1999,102.0,Drama,7.0,25549,https://www.imdb.com/title/tt0172396
tt7545524,Ben Is Back,Ben Is Back,2018,103.0,Drama,6.7,25539,https://www.imdb.com/title/tt7545524
tt1129423,Fireproof,Fireproof,2008,122.0,Drama,6.5,25537,https://www.imdb.com/title/tt1129423
tt0411705,9 Songs,9 Songs,2004,71.0,Drama,4.8,25469,https://www.imdb.com/title/tt0411705
tt0160399,Impostor,Impostor,2001,95.0,Drama,6.2,25442,https://www.imdb.com/title/tt0160399
tt4805316,A Dark Song,A Dark Song,2016,100.0,Drama,6.2,25442,https://www.imdb.com/title/tt4805316
tt15006566,The Beasts,As bestas,2022,137.0,Drama,7.5,25393,https://www.imdb.com/title/tt15006566
tt23554840,The Vaccine War,The Vaccine War,2023,161.0,Drama,7.1,25380,https://www.imdb.com/title/tt23554840
tt0156934,Random Hearts,Random Hearts,1999,133.0,Drama,5.4,25379,https://www.imdb.com/title/tt0156934
tt0338427,Shopgirl,Shopgirl,2005,106.0,Drama,6.3,25367,https://www.imdb.com/title/tt0338427
tt1829012,Passion,Passion,2012,102.0,Drama,5.3,25357,https://www.imdb.com/title/tt1829012
tt0091886,Salvador,Salvador,1986,122.0,Drama,7.3,25321,https://www.imdb.com/title/tt0091886
tt4196566,The Deliverance,The Deliverance,2024,112.0,Drama,5.1,25260,https://www.imdb.com/title/tt4196566
tt0301976,The United States of Leland,The United States of Leland,2003,108.0,Drama,6.9,25256,https://www.imdb.com/title/tt0301976
tt0100318,Pacific Heights,Pacific Heights,1990,102.0,Drama,6.4,25245,https://www.imdb.com/title/tt0100318
tt1893273,The Last Letter from Your Lover,The Last Letter from Your Lover,2021,110.0,Drama,6.7,25195,https://www.imdb.com/title/tt1893273
tt0120620,Brokedown Palace,Brokedown Palace,1999,100.0,Drama,6.4,25183,https://www.imdb.com/title/tt0120620
tt2717860,The Riot Club,The Riot Club,2014,107.0,Drama,6.0,25062,https://www.imdb.com/title/tt2717860
tt0090563,Betty Blue,37°2 le matin,1986,119.0,Drama,7.3,25059,https://www.imdb.com/title/tt0090563
tt0099726,Hamlet,Hamlet,1990,135.0,Drama,6.7,25045,https://www.imdb.com/title/tt0099726
tt9179096,Minamata,Minamata,2020,115.0,Drama,7.2,24981,https://www.imdb.com/title/tt9179096
tt0111693,When a Man Loves a Woman,When a Man Loves a Woman,1994,126.0,Drama,6.6,24980,https://www.imdb.com/title/tt0111693
tt1810683,Little Boy,Little Boy,2015,106.0,Drama,7.3,24941,https://www.imdb.com/title/tt1810683
tt0115678,Big Night,Big Night,1996,109.0,Drama,7.3,24896,https://www.imdb.com/title/tt0115678
tt0449999,Kabhi Alvida Naa Kehna,Kabhi Alvida Naa Kehna,2006,193.0,Drama,6.1,24853,https://www.imdb.com/title/tt0449999
tt0484740,Love in the Time of Cholera,Love in the Time of Cholera,2007,139.0,Drama,6.4,24838,https://www.imdb.com/title/tt0484740
tt0403217,Last Days,Last Days,2005,97.0,Drama,5.7,24828,https://www.imdb.com/title/tt0403217
tt0108185,Sommersby,Sommersby,1993,114.0,Drama,6.3,24828,https://www.imdb.com/title/tt0108185
tt1194263,Get Low,Get Low,2009,103.0,Drama,7.0,24779,https://www.imdb.com/title/tt1194263
tt12877640,A Classic Horror Story,A Classic Horror Story,2021,95.0,Drama,5.7,24779,https://www.imdb.com/title/tt12877640
tt13069986,After We Fell,After We Fell,2021,98.0,Drama,4.8,24779,https://www.imdb.com/title/tt13069986
tt13586204,MobKing,MobKing,2023,89.0,Drama,5.2,24766,https://www.imdb.com/title/tt13586204
tt0086617,The Year of Living Dangerously,The Year of Living Dangerously,1982,115.0,Drama,7.1,24757,https://www.imdb.com/title/tt0086617
tt13056008,No One Gets Out Alive,No One Gets Out Alive,2021,87.0,Drama,5.4,24637,https://www.imdb.com/title/tt13056008
tt1928340,After the Dark,After the Dark,2013,107.0,Drama,5.6,24631,https://www.imdb.com/title/tt1928340
tt0118589,Glitter,Glitter,2001,104.0,Drama,2.5,24518,https://www.imdb.com/title/tt0118589
tt0491203,Tulip Fever,Tulip Fever,2017,105.0,Drama,6.2,24513,https://www.imdb.com/title/tt0491203
tt7170950,Like Father,Like Father,2018,98.0,Drama,6.1,24506,https://www.imdb.com/title/tt7170950
tt5834760,Look Away,Look Away,2018,103.0,Drama,5.8,24464,https://www.imdb.com/title/tt5834760
tt9231040,First Cow,First Cow,2019,122.0,Drama,7.1,24461,https://www.imdb.com/title/tt9231040
tt6198946,The Hole in the Ground,The Hole in the Ground,2019,90.0,Drama,5.6,24457,https://www.imdb.com/title/tt6198946
tt2617828,Free Fall,Freier Fall,2013,97.0,Drama,7.5,24450,https://www.imdb.com/title/tt2617828
tt13397574,Mothers' Instinct,Mothers' Instinct,2024,94.0,Drama,6.3,24360,https://www.imdb.com/title/tt13397574
tt14781036,Inside,Inside,2023,105.0,Drama,5.5,24340,https://www.imdb.com/title/tt14781036
tt2316801,Beauty and the Beast,La belle et la bête,2014,112.0,Drama,6.4,24333,https://www.imdb.com/title/tt2316801
tt6217926,Annette,Annette,2021,141.0,Drama,6.3,24309,https://www.imdb.com/title/tt6217926
tt0104990,Newsies,Newsies,1992,121.0,Drama,6.9,24289,https://www.imdb.com/title/tt0104990
tt0366780,Mirrormask,Mirrormask,2005,101.0,Drama,6.7,24287,https://www.imdb.com/title/tt0366780
tt0241025,Vanity Fair,Vanity Fair,2004,141.0,Drama,6.2,24198,https://www.imdb.com/title/tt0241025
tt5990474,Columbus,Columbus,2017,100.0,Drama,7.2,24182,https://www.imdb.com/title/tt5990474
tt23055660,Nickel Boys,Nickel Boys,2024,140.0,Drama,6.9,24168,https://www.imdb.com/title/tt23055660
tt1233381,Three Monkeys,Üç Maymun,2008,109.0,Drama,7.3,24135,https://www.imdb.com/title/tt1233381
tt2062700,Song to Song,Song to Song,2017,129.0,Drama,5.6,24096,https://www.imdb.com/title/tt2062700
tt6763252,The Captain,Der Hauptmann,2017,118.0,Drama,7.3,24083,https://www.imdb.com/title/tt6763252
tt0095082,Eight Men Out,Eight Men Out,1988,119.0,Drama,7.2,24033,https://www.imdb.com/title/tt0095082
tt8649186,Corpus Christi,Boze Cialo,2019,115.0,Drama,7.7,24001,https://www.imdb.com/title/tt8649186
tt0210616,Center Stage,Center Stage,2000,115.0,Drama,6.7,23977,https://www.imdb.com/title/tt0210616
tt5882970,Tubelight,Tubelight,2017,136.0,Drama,4.0,23941,https://www.imdb.com/title/tt5882970
tt0092603,Babette's Feast,Babettes gæstebud,1987,103.0,Drama,7.7,23912,https://www.imdb.com/title/tt0092603
tt4935372,The Devil's Candy,The Devil's Candy,2015,79.0,Drama,6.3,23888,https://www.imdb.com/title/tt4935372
tt0760311,He Was a Quiet Man,He Was a Quiet Man,2007,100.0,Drama,6.7,23851,https://www.imdb.com/title/tt0760311
tt0974554,Elegy,Elegy,2008,112.0,Drama,6.7,23836,https://www.imdb.com/title/tt0974554
tt1748207,Sound of My Voice,Sound of My Voice,2011,85.0,Drama,6.5,23825,https://www.imdb.com/title/tt1748207
tt0491747,Away from Her,Away from Her,2006,110.0,Drama,7.5,23778,https://www.imdb.com/title/tt0491747
tt0118760,The Boxer,The Boxer,1997,113.0,Drama,7.0,23765,https://www.imdb.com/title/tt0118760
tt3707106,By the Sea,By the Sea,2015,122.0,Drama,5.3,23672,https://www.imdb.com/title/tt3707106
tt2215477,Goliyon Ki Raasleela Ram Leela,Goliyon Ki Raasleela Ram-leela,2013,150.0,Drama,6.4,23648,https://www.imdb.com/title/tt2215477
tt0318974,The Alamo,The Alamo,2004,137.0,Drama,6.1,23622,https://www.imdb.com/title/tt0318974
tt5913798,Wounds,Wounds,2019,95.0,Drama,4.1,23602,https://www.imdb.com/title/tt5913798
tt1235796,Ondine,Ondine,2009,111.0,Drama,6.8,23549,https://www.imdb.com/title/tt1235796
tt1230165,Rock On!!,Rock On!!,2008,145.0,Drama,7.7,23497,https://www.imdb.com/title/tt1230165
tt7923220,Inheritance,Inheritance,2020,111.0,Drama,5.6,23468,https://www.imdb.com/title/tt7923220
tt0245238,Lost and Delirious,Lost and Delirious,2001,103.0,Drama,6.8,23416,https://www.imdb.com/title/tt0245238
tt32768323,The Assessment,The Assessment,2024,114.0,Drama,6.6,23328,https://www.imdb.com/title/tt32768323
tt1847731,Tomboy,Tomboy,2011,82.0,Drama,7.4,23303,https://www.imdb.com/title/tt1847731
tt2309021,We Are What We Are,We Are What We Are,2013,105.0,Drama,5.9,23302,https://www.imdb.com/title/tt2309021
tt0120646,The Deep End of the Ocean,The Deep End of the Ocean,1999,106.0,Drama,6.3,23299,https://www.imdb.com/title/tt0120646
tt1046947,Last Chance Harvey,Last Chance Harvey,2008,93.0,Drama,6.6,23288,https://www.imdb.com/title/tt1046947
tt27052633,Echo Valley,Echo Valley,2025,104.0,Drama,6.2,23277,https://www.imdb.com/title/tt27052633
tt0120753,The Million Dollar Hotel,The Million Dollar Hotel,2000,122.0,Drama,5.7,23243,https://www.imdb.com/title/tt0120753
tt6752992,Happy as Lazzaro,Lazzaro felice,2018,128.0,Drama,7.5,23212,https://www.imdb.com/title/tt6752992
tt1989475,Chained,Chained,2012,94.0,Drama,6.4,23202,https://www.imdb.com/title/tt1989475
tt2398149,An Officer and a Spy,J'accuse,2019,132.0,Drama,7.2,23197,https://www.imdb.com/title/tt2398149
tt1650048,Laurence Anyways,Laurence Anyways,2012,168.0,Drama,7.6,23192,https://www.imdb.com/title/tt1650048
tt1277737,The Stoning of Soraya M.,The Stoning of Soraya M.,2008,114.0,Drama,7.9,23130,https://www.imdb.com/title/tt1277737
tt4353250,The Last Black Man in San Francisco,The Last Black Man in San Francisco,2019,121.0,Drama,7.2,23099,https://www.imdb.com/title/tt4353250
tt0377752,Dear Frankie,Dear Frankie,2004,105.0,Drama,7.6,23093,https://www.imdb.com/title/tt0377752
tt2625810,Into the Forest,Into the Forest,2015,101.0,Drama,5.8,23064,https://www.imdb.com/title/tt2625810
tt0437800,Akeelah and the Bee,Akeelah and the Bee,2006,112.0,Drama,7.4,23041,https://www.imdb.com/title/tt0437800
tt0482629,The Ultimate Gift,The Ultimate Gift,2006,114.0,Drama,7.3,23024,https://www.imdb.com/title/tt0482629
tt24225606,Metro in Dino,Metro... In Dino,2025,162.0,Drama,6.6,23021,https://www.imdb.com/title/tt24225606
tt0318034,Russian Ark,Russkiy kovcheg,2002,99.0,Drama,7.2,22963,https://www.imdb.com/title/tt0318034
tt5255710,Sanam Teri Kasam,Sanam Teri Kasam,2016,154.0,Drama,7.6,22959,https://www.imdb.com/title/tt5255710
tt0433416,The Namesake,The Namesake,2006,122.0,Drama,7.5,22934,https://www.imdb.com/title/tt0433416
tt0080437,The Big Red One,The Big Red One,1980,113.0,Drama,7.1,22850,https://www.imdb.com/title/tt0080437
tt13029044,Mother/Android,Mother/Android,2021,110.0,Drama,5.0,22833,https://www.imdb.com/title/tt13029044
tt0382189,My Summer of Love,My Summer of Love,2004,86.0,Drama,6.7,22820,https://www.imdb.com/title/tt0382189
tt0128332,Innocence,Masumiyet,1997,110.0,Drama,8.0,22804,https://www.imdb.com/title/tt0128332
tt0157583,Enigma,Enigma,2001,119.0,Drama,6.4,22785,https://www.imdb.com/title/tt0157583
tt3707104,Mine,Mine,2016,106.0,Drama,5.8,22778,https://www.imdb.com/title/tt3707104
tt22890246,How to Have Sex,How to Have Sex,2023,91.0,Drama,6.4,22769,https://www.imdb.com/title/tt22890246
tt1630036,Courageous,Courageous,2011,129.0,Drama,6.9,22695,https://www.imdb.com/title/tt1630036
tt4131496,The Vanishing,The Vanishing,2018,107.0,Drama,5.9,22673,https://www.imdb.com/title/tt4131496
tt0184791,O,O,2001,95.0,Drama,6.1,22671,https://www.imdb.com/title/tt0184791
tt5912454,Blue Jay,Blue Jay,2016,80.0,Drama,7.3,22651,https://www.imdb.com/title/tt5912454
tt0119791,Nightwatch,Nightwatch,1997,101.0,Drama,6.2,22648,https://www.imdb.com/title/tt0119791
tt0417433,Annapolis,Annapolis,2006,108.0,Drama,5.8,22608,https://www.imdb.com/title/tt0417433
tt0186894,Bounce,Bounce,2000,106.0,Drama,5.8,22595,https://www.imdb.com/title/tt0186894
tt0208990,The Son's Room,La stanza del figlio,2001,99.0,Drama,7.3,22575,https://www.imdb.com/title/tt0208990
tt0104237,Damage,Damage,1992,111.0,Drama,6.7,22561,https://www.imdb.com/title/tt0104237
tt0424227,Turtles Can Fly,Lakposhtha parvaz mikonand,2004,98.0,Drama,8.0,22555,https://www.imdb.com/title/tt0424227
tt9173418,Brahms: The Boy II,Brahms: The Boy II,2020,86.0,Drama,4.7,22540,https://www.imdb.com/title/tt9173418
tt26758372,Meiyazhagan,Meiyazhagan,2024,177.0,Drama,8.5,22481,https://www.imdb.com/title/tt26758372
tt0109759,Exotica,Exotica,1994,103.0,Drama,7.0,22473,https://www.imdb.com/title/tt0109759
tt7618184,Mulk,Mulk,2018,140.0,Drama,7.2,22472,https://www.imdb.com/title/tt7618184
tt0085933,Merry Christmas Mr. Lawrence,"Merry Christmas, Mr. Lawrence",1983,123.0,Drama,7.2,22388,https://www.imdb.com/title/tt0085933
tt0314063,Immortal,Immortel (ad vitam),2004,103.0,Drama,5.9,22387,https://www.imdb.com/title/tt0314063
tt6988116,Kalank,Kalank,2019,166.0,Drama,3.8,22350,https://www.imdb.com/title/tt6988116
tt0110081,To Live,Huo zhe,1994,133.0,Drama,8.3,22330,https://www.imdb.com/title/tt0110081
tt0120866,Titus,Titus,1999,162.0,Drama,7.0,22277,https://www.imdb.com/title/tt0120866
tt22695402,Hunger,Hunger,2023,146.0,Drama,6.6,22253,https://www.imdb.com/title/tt22695402
tt4411596,My Cousin Rachel,My Cousin Rachel,2017,106.0,Drama,6.0,22250,https://www.imdb.com/title/tt4411596
tt0283026,Swimfan,Swimfan,2002,85.0,Drama,5.1,22216,https://www.imdb.com/title/tt0283026
tt0275719,Tape,Tape,2001,86.0,Drama,7.2,22206,https://www.imdb.com/title/tt0275719
tt1183665,Cracks,Cracks,2009,104.0,Drama,6.6,22166,https://www.imdb.com/title/tt1183665
tt6097798,Radius,Radius,2017,93.0,Drama,6.2,22163,https://www.imdb.com/title/tt6097798
tt5221584,Aquarius,Aquarius,2016,146.0,Drama,7.4,22104,https://www.imdb.com/title/tt5221584
tt6217608,The Rider,The Rider,2017,104.0,Drama,7.4,22100,https://www.imdb.com/title/tt6217608
tt0085154,All the Right Moves,All the Right Moves,1983,91.0,Drama,6.0,22062,https://www.imdb.com/title/tt0085154
tt2764784,Phoenix,Phoenix,2014,98.0,Drama,7.3,22035,https://www.imdb.com/title/tt2764784
tt2406252,Venus in Fur,La Vénus à la fourrure,2013,96.0,Drama,7.1,22008,https://www.imdb.com/title/tt2406252
tt1012804,Redbelt,Redbelt,2008,99.0,Drama,6.7,21953,https://www.imdb.com/title/tt1012804
tt0083169,Taps,Taps,1981,126.0,Drama,6.8,21951,https://www.imdb.com/title/tt0083169
tt11388406,Horse Girl,Horse Girl,2020,103.0,Drama,6.0,21867,https://www.imdb.com/title/tt11388406
tt0279778,Divine Secrets of the Ya-Ya Sisterhood,Divine Secrets of the Ya-Ya Sisterhood,2002,116.0,Drama,6.1,21846,https://www.imdb.com/title/tt0279778
tt13391710,Jana Gana Mana,Jana Gana Mana,2022,162.0,Drama,8.3,21835,https://www.imdb.com/title/tt13391710
tt0345061,Code 46,Code 46,2003,93.0,Drama,6.1,21796,https://www.imdb.com/title/tt0345061
tt10333426,Bliss,Bliss,2021,103.0,Drama,5.4,21785,https://www.imdb.com/title/tt10333426
tt0416185,Resurrecting the Champ,Resurrecting the Champ,2007,112.0,Drama,6.7,21784,https://www.imdb.com/title/tt0416185
tt8305806,The Wretched,The Wretched,2019,95.0,Drama,5.8,21755,https://www.imdb.com/title/tt8305806
tt28491891,His Three Daughters,His Three Daughters,2023,101.0,Drama,7.1,21732,https://www.imdb.com/title/tt28491891
tt30851137,The Bride!,The Bride!,2026,126.0,Drama,5.7,21717,https://www.imdb.com/title/tt30851137
tt1610996,Absentia,Absentia,2011,87.0,Drama,5.8,21713,https://www.imdb.com/title/tt1610996
tt1977895,Resolution,Resolution,2012,93.0,Drama,6.4,21678,https://www.imdb.com/title/tt1977895
tt0118564,Affliction,Affliction,1997,114.0,Drama,6.9,21646,https://www.imdb.com/title/tt0118564
tt0338216,Lucky You,Lucky You,2007,124.0,Drama,5.9,21631,https://www.imdb.com/title/tt0338216
tt31193791,The Last Showgirl,The Last Showgirl,2024,88.0,Drama,6.5,21575,https://www.imdb.com/title/tt31193791
tt1880399,Kodachrome,Kodachrome,2017,105.0,Drama,6.8,21572,https://www.imdb.com/title/tt1880399
tt0102388,The Man in the Moon,The Man in the Moon,1991,99.0,Drama,7.2,21567,https://www.imdb.com/title/tt0102388
tt0105156,Poison Ivy,Poison Ivy,1992,93.0,Drama,5.4,21527,https://www.imdb.com/title/tt0105156
tt9345754,The Occupant,Hogar,2020,103.0,Drama,6.4,21524,https://www.imdb.com/title/tt9345754
tt0489281,Stop-Loss,Stop-Loss,2008,112.0,Drama,6.4,21510,https://www.imdb.com/title/tt0489281
tt14042066,Dobaaraa,Dobaaraa,2022,132.0,Drama,4.9,21497,https://www.imdb.com/title/tt14042066
tt5960374,Vox Lux,Vox Lux,2018,114.0,Drama,5.9,21415,https://www.imdb.com/title/tt5960374
tt0102713,The Prince of Tides,The Prince of Tides,1991,132.0,Drama,6.8,21400,https://www.imdb.com/title/tt0102713
tt0310357,Willard,Willard,2003,100.0,Drama,6.1,21386,https://www.imdb.com/title/tt0310357
tt1316540,The Turin Horse,A torinói ló,2011,155.0,Drama,7.7,21364,https://www.imdb.com/title/tt1316540
tt5927352,Red Istanbul,Istanbul Kirmizisi,2017,110.0,Drama,6.2,21259,https://www.imdb.com/title/tt5927352
tt1535970,The Ledge,The Ledge,2011,101.0,Drama,6.5,21138,https://www.imdb.com/title/tt1535970
tt1152850,Wendy and Lucy,Wendy and Lucy,2008,80.0,Drama,7.1,21129,https://www.imdb.com/title/tt1152850
tt1068649,I've Loved You So Long,Il y a longtemps que je t'aime,2008,117.0,Drama,7.6,21088,https://www.imdb.com/title/tt1068649
tt0102175,Jungle Fever,Jungle Fever,1991,132.0,Drama,6.6,21066,https://www.imdb.com/title/tt0102175
tt13650700,A Big Bold Beautiful Journey,A Big Bold Beautiful Journey,2025,109.0,Drama,6.0,21007,https://www.imdb.com/title/tt13650700
tt9357050,Dear Evan Hansen,Dear Evan Hansen,2021,137.0,Drama,6.1,20969,https://www.imdb.com/title/tt9357050
tt0087075,The Company of Wolves,The Company of Wolves,1984,95.0,Drama,6.6,20950,https://www.imdb.com/title/tt0087075
tt31314296,The Woman in the Yard,The Woman in the Yard,2025,88.0,Drama,5.0,20945,https://www.imdb.com/title/tt31314296
tt7700730,October,October,2018,115.0,Drama,7.6,20931,https://www.imdb.com/title/tt7700730
tt3976144,The Monster,The Monster,2016,91.0,Drama,5.4,20885,https://www.imdb.com/title/tt3976144
tt0133363,Lovers of the Arctic Circle,Los amantes del Círculo Polar,1998,112.0,Drama,7.6,20880,https://www.imdb.com/title/tt0133363
tt19760052,The Taste of Things,La passion de Dodin Bouffant,2023,135.0,Drama,7.4,20878,https://www.imdb.com/title/tt19760052
tt31015496,The Fable,Jugnuma: The Fable,2024,119.0,Drama,6.3,20874,https://www.imdb.com/title/tt31015496
tt1087578,Still Walking,Aruitemo aruitemo,2008,115.0,Drama,7.9,20865,https://www.imdb.com/title/tt1087578
tt0259393,Lantana,Lantana,2001,121.0,Drama,7.2,20842,https://www.imdb.com/title/tt0259393
tt0250468,Killing Me Softly,Killing Me Softly,2002,100.0,Drama,5.4,20833,https://www.imdb.com/title/tt0250468
tt1438298,Guzaarish,Guzaarish,2010,126.0,Drama,7.4,20829,https://www.imdb.com/title/tt1438298
tt13204490,Petite Maman,Petite maman,2021,73.0,Drama,7.3,20796,https://www.imdb.com/title/tt13204490
tt9737876,Narvik: Hitler's First Defeat,Kampen om Narvik,2022,108.0,Drama,6.6,20789,https://www.imdb.com/title/tt9737876
tt7805960,Torbaaz,Torbaaz,2020,133.0,Drama,5.3,20773,https://www.imdb.com/title/tt7805960
tt11375428,Hridayam,Hridayam,2022,172.0,Drama,8.0,20737,https://www.imdb.com/title/tt11375428
tt1332134,King of Devil's Island,Kongen av Bastøy,2010,116.0,Drama,7.4,20725,https://www.imdb.com/title/tt1332134
tt8338762,The Nest,The Nest,2020,107.0,Drama,6.2,20710,https://www.imdb.com/title/tt8338762
tt14458442,The Son,The Son,2022,123.0,Drama,6.5,20643,https://www.imdb.com/title/tt14458442
tt9248972,Mission Mangal,Mission Mangal,2019,130.0,Drama,6.6,20631,https://www.imdb.com/title/tt9248972
tt0381940,Cargo,Cargo,2009,112.0,Drama,6.1,20583,https://www.imdb.com/title/tt0381940
tt1807950,Love Likes Coincidences,Ask Tesadüfleri Sever,2011,118.0,Drama,7.2,20571,https://www.imdb.com/title/tt1807950
tt0103994,Like Water for Chocolate,Como agua para chocolate,1992,105.0,Drama,7.1,20500,https://www.imdb.com/title/tt0103994
tt8176054,Pariyerum Perumal,Pariyerum Perumal,2018,154.0,Drama,8.6,20481,https://www.imdb.com/title/tt8176054
tt1200263,The Color Purple,The Color Purple,2023,141.0,Drama,6.8,20454,https://www.imdb.com/title/tt1200263
tt0875595,Destiny,Kader,2006,103.0,Drama,7.7,20453,https://www.imdb.com/title/tt0875595
tt23853982,Parthenope,Parthenope,2024,137.0,Drama,6.5,20443,https://www.imdb.com/title/tt23853982
tt28554013,Naga,Naga,2023,111.0,Drama,5.9,20382,https://www.imdb.com/title/tt28554013
tt2039345,Grand Piano,Grand Piano,2013,90.0,Drama,5.9,20377,https://www.imdb.com/title/tt2039345
tt1032825,The Other Woman,Love and Other Impossible Pursuits,2009,102.0,Drama,6.3,20355,https://www.imdb.com/title/tt1032825
tt13451410,Dhadak 2,Dhadak 2,2025,142.0,Drama,6.8,20344,https://www.imdb.com/title/tt13451410
tt2580382,The Survivalist,The Survivalist,2015,104.0,Drama,6.4,20340,https://www.imdb.com/title/tt2580382
tt0082334,The Entity,The Entity,1982,125.0,Drama,6.7,20335,https://www.imdb.com/title/tt0082334
tt39328471,Shatak,Shatak,2026,112.0,Drama,3.6,20327,https://www.imdb.com/title/tt39328471
tt11365186,Redeeming Love,Redeeming Love,2022,134.0,Drama,6.8,20264,https://www.imdb.com/title/tt11365186
tt2268458,These Final Hours,These Final Hours,2013,87.0,Drama,6.6,20252,https://www.imdb.com/title/tt2268458
tt0464041,The Lazarus Project,The Lazarus Project,2008,100.0,Drama,6.0,20247,https://www.imdb.com/title/tt0464041
tt5198890,Eileen,Eileen,2023,97.0,Drama,5.9,20234,https://www.imdb.com/title/tt5198890
tt8004664,Come Play,Come Play,2020,96.0,Drama,5.8,20144,https://www.imdb.com/title/tt8004664
tt2427892,Tom at the Farm,Tom à la ferme,2013,102.0,Drama,6.9,20138,https://www.imdb.com/title/tt2427892
tt1291465,Raajneeti,Raajneeti,2010,163.0,Drama,7.1,20107,https://www.imdb.com/title/tt1291465
tt2366608,Lost River,Lost River,2014,95.0,Drama,5.7,20046,https://www.imdb.com/title/tt2366608
tt0090830,Children of a Lesser God,Children of a Lesser God,1986,119.0,Drama,7.2,20026,https://www.imdb.com/title/tt0090830
tt6915770,Starfish,Starfish,2023,121.0,Drama,4.3,19958,https://www.imdb.com/title/tt6915770
tt10691162,Aftermath,Aftermath,2021,114.0,Drama,5.3,19933,https://www.imdb.com/title/tt10691162
tt4411584,The Secret: Dare to Dream,The Secret: Dare to Dream,2020,107.0,Drama,6.6,19913,https://www.imdb.com/title/tt4411584
tt1954315,Borgman,Borgman,2013,113.0,Drama,6.7,19850,https://www.imdb.com/title/tt1954315
tt0953318,Ben X,Ben X,2007,93.0,Drama,7.3,19781,https://www.imdb.com/title/tt0953318
tt0460890,The Only Living Boy in New York,The Only Living Boy in New York,2017,89.0,Drama,6.4,19752,https://www.imdb.com/title/tt0460890
tt3450900,The Sea of Trees,The Sea of Trees,2015,110.0,Drama,6.1,19745,https://www.imdb.com/title/tt3450900
tt0100530,The Russia House,The Russia House,1990,123.0,Drama,6.1,19695,https://www.imdb.com/title/tt0100530
tt13207508,Swan Song,Swan Song,2021,116.0,Drama,6.8,19693,https://www.imdb.com/title/tt13207508
tt0107282,The Joy Luck Club,The Joy Luck Club,1993,139.0,Drama,7.7,19644,https://www.imdb.com/title/tt0107282
tt11686490,The Deep House,The Deep House,2021,85.0,Drama,5.3,19625,https://www.imdb.com/title/tt11686490
tt10534500,#Home,#Home,2021,158.0,Drama,8.7,19624,https://www.imdb.com/title/tt10534500
tt1555064,Country Strong,Country Strong,2010,117.0,Drama,6.3,19617,https://www.imdb.com/title/tt1555064
tt5460658,Life and a Day,Abad va yek rooz,2016,112.0,Drama,8.1,19594,https://www.imdb.com/title/tt5460658
tt10341034,Black Box,Boîte noire,2021,129.0,Drama,7.2,19579,https://www.imdb.com/title/tt10341034
tt0384369,Before the Fall,Napola - Elite für den Führer,2004,110.0,Drama,7.4,19564,https://www.imdb.com/title/tt0384369
tt1391034,And Soon the Darkness,And Soon the Darkness,2010,91.0,Drama,5.1,19544,https://www.imdb.com/title/tt1391034
tt11389748,Mass,Mass,2021,111.0,Drama,7.5,19533,https://www.imdb.com/title/tt11389748
tt0398027,Down in the Valley,Down in the Valley,2005,114.0,Drama,6.3,19516,https://www.imdb.com/title/tt0398027
tt13231544,About Dry Grasses,Kuru Otlar Üstüne,2023,197.0,Drama,7.7,19489,https://www.imdb.com/title/tt13231544
tt14641542,The Eight Mountains,Le otto montagne,2022,147.0,Drama,7.7,19486,https://www.imdb.com/title/tt14641542
tt8129806,To Leslie,To Leslie,2022,119.0,Drama,7.1,19482,https://www.imdb.com/title/tt8129806
tt10199914,The Boys in the Band,The Boys in the Band,2020,121.0,Drama,6.8,19478,https://www.imdb.com/title/tt10199914
tt0466893,Margaret,Margaret,2011,150.0,Drama,6.5,19468,https://www.imdb.com/title/tt0466893
tt0144814,The Rage: Carrie 2,The Rage: Carrie 2,1999,104.0,Drama,4.8,19431,https://www.imdb.com/title/tt0144814
tt1434435,Mother's Day,Mother's Day,2010,112.0,Drama,6.2,19431,https://www.imdb.com/title/tt1434435
tt0090888,Crossroads,Crossroads,1986,99.0,Drama,7.1,19429,https://www.imdb.com/title/tt0090888
tt1646959,Bedevilled,Kim Bok-nam salinsageonui jeonmal,2010,115.0,Drama,7.2,19419,https://www.imdb.com/title/tt1646959
tt0191043,The Color of Paradise,Rang-e khoda,1999,90.0,Drama,8.1,19380,https://www.imdb.com/title/tt0191043
tt0089424,Kiss of the Spider Woman,Kiss of the Spider Woman,1985,120.0,Drama,7.3,19354,https://www.imdb.com/title/tt0089424
tt0114323,Safe,Safe,1995,119.0,Drama,7.1,19342,https://www.imdb.com/title/tt0114323
tt5195412,Wakefield,Wakefield,2016,106.0,Drama,6.3,19236,https://www.imdb.com/title/tt5195412
tt0805526,Facing the Giants,Facing the Giants,2006,111.0,Drama,6.5,19220,https://www.imdb.com/title/tt0805526
tt0107426,Little Buddha,Little Buddha,1993,123.0,Drama,6.2,19219,https://www.imdb.com/title/tt0107426
tt33088452,Regretting You,Regretting You,2025,116.0,Drama,6.0,19200,https://www.imdb.com/title/tt33088452
tt4006302,Level 16,Level 16,2018,102.0,Drama,6.1,19183,https://www.imdb.com/title/tt4006302
tt32985279,Steve,Steve,2025,93.0,Drama,6.4,19182,https://www.imdb.com/title/tt32985279
tt1457765,The Haunting in Connecticut 2: Ghosts of Georgia,The Haunting in Connecticut 2: Ghosts of Georgia,2013,100.0,Drama,5.3,19150,https://www.imdb.com/title/tt1457765
tt11750282,Don't Listen,Voces,2020,97.0,Drama,6.1,19136,https://www.imdb.com/title/tt11750282
tt15353964,Significant Other,Significant Other,2022,84.0,Drama,5.7,19110,https://www.imdb.com/title/tt15353964
tt4266076,The Night Eats the World,La nuit a dévoré le monde,2018,93.0,Drama,6.0,19077,https://www.imdb.com/title/tt4266076
tt9170516,The Shadow in My Eye,Skyggen i mit øje,2021,107.0,Drama,7.3,19070,https://www.imdb.com/title/tt9170516
tt0098327,The Seventh Continent,Der siebente Kontinent,1989,108.0,Drama,7.6,19053,https://www.imdb.com/title/tt0098327
tt0116860,"Pretty Village, Pretty Flame",Lepa sela lepo gore,1996,115.0,Drama,8.6,18998,https://www.imdb.com/title/tt0116860
tt3409392,Timbuktu,Timbuktu,2014,96.0,Drama,7.1,18995,https://www.imdb.com/title/tt3409392
tt4114744,Whisper If I Forget,Unutursam Fisilda,2014,118.0,Drama,7.5,18977,https://www.imdb.com/title/tt4114744
tt5598292,Polaroid,Polaroid,2019,88.0,Drama,5.2,18950,https://www.imdb.com/title/tt5598292
tt3756788,Our Little Sister,Umimachi Diary,2015,127.0,Drama,7.6,18924,https://www.imdb.com/title/tt3756788
tt19653180,Leila's Brothers,Baradaran-e Leila,2022,165.0,Drama,7.9,18916,https://www.imdb.com/title/tt19653180
tt1588895,Uncle Boonmee Who Can Recall His Past Lives,Loong Boonmee raleuk chat,2010,114.0,Drama,6.7,18900,https://www.imdb.com/title/tt1588895
tt6952960,The Kindergarten Teacher,The Kindergarten Teacher,2018,96.0,Drama,6.7,18865,https://www.imdb.com/title/tt6952960
tt0337578,Baghban,Baghban,2003,181.0,Drama,7.4,18856,https://www.imdb.com/title/tt0337578
tt0397044,Blood and Chocolate,Blood and Chocolate,2007,98.0,Drama,5.3,18829,https://www.imdb.com/title/tt0397044
tt3127022,The Bookshop,The Bookshop,2017,113.0,Drama,6.5,18817,https://www.imdb.com/title/tt3127022
tt7738784,Resurrection,Peranbu,2018,147.0,Drama,8.7,18796,https://www.imdb.com/title/tt7738784
tt0086361,Staying Alive,Staying Alive,1983,93.0,Drama,4.8,18783,https://www.imdb.com/title/tt0086361
tt1498569,Restless,Restless,2011,91.0,Drama,6.7,18752,https://www.imdb.com/title/tt1498569
tt5029608,Frantz,Frantz,2016,113.0,Drama,7.5,18732,https://www.imdb.com/title/tt5029608
tt9506474,The Hater,Sala samobójców. Hejter,2020,135.0,Drama,7.1,18692,https://www.imdb.com/title/tt9506474
tt1668200,Sarah's Key,Elle s'appelait Sarah,2010,111.0,Drama,7.5,18684,https://www.imdb.com/title/tt1668200
tt2345112,Parkland,Parkland,2013,93.0,Drama,6.4,18656,https://www.imdb.com/title/tt2345112
tt0099776,Europa Europa,Europa Europa,1990,112.0,Drama,7.5,18635,https://www.imdb.com/title/tt0099776
tt28510079,Your Fault,Culpa tuya,2024,118.0,Drama,5.3,18630,https://www.imdb.com/title/tt28510079
tt0893402,Franklyn,Franklyn,2008,98.0,Drama,6.0,18619,https://www.imdb.com/title/tt0893402
tt0089360,Jagged Edge,Jagged Edge,1985,108.0,Drama,6.5,18609,https://www.imdb.com/title/tt0089360
tt2331047,Rememory,Rememory,2017,111.0,Drama,6.1,18595,https://www.imdb.com/title/tt2331047
tt6408226,Newness,Newness,2017,117.0,Drama,6.3,18590,https://www.imdb.com/title/tt6408226
tt1244659,Extraordinary Measures,Extraordinary Measures,2010,106.0,Drama,6.4,18576,https://www.imdb.com/title/tt1244659
tt1975159,Flight 7500,Flight 7500,2014,80.0,Drama,4.8,18530,https://www.imdb.com/title/tt1975159
tt1833844,Berberian Sound Studio,Berberian Sound Studio,2012,92.0,Drama,6.2,18520,https://www.imdb.com/title/tt1833844
tt10262648,Compartment Number 6,Hytti nro 6,2021,107.0,Drama,7.2,18472,https://www.imdb.com/title/tt10262648
tt0283530,The Emperor's Club,The Emperor's Club,2002,109.0,Drama,6.9,18466,https://www.imdb.com/title/tt0283530
tt0418832,Lie with Me,Lie with Me,2005,93.0,Drama,5.2,18441,https://www.imdb.com/title/tt0418832
tt2063781,Smashed,Smashed,2012,81.0,Drama,6.7,18433,https://www.imdb.com/title/tt2063781
tt0081696,Urban Cowboy,Urban Cowboy,1980,132.0,Drama,6.5,18415,https://www.imdb.com/title/tt0081696
tt0176783,Gossip,Gossip,2000,90.0,Drama,5.9,18407,https://www.imdb.com/title/tt0176783
tt2309224,Big Bad Wolves,Mi Mefakhed Mehaze'ev Hara,2013,110.0,Drama,6.8,18405,https://www.imdb.com/title/tt2309224
tt0453729,Iqbal,Iqbal,2005,132.0,Drama,8.1,18391,https://www.imdb.com/title/tt0453729
tt0108265,Swing Kids,Swing Kids,1993,112.0,Drama,6.8,18337,https://www.imdb.com/title/tt0108265
tt0107840,Poetic Justice,Poetic Justice,1993,109.0,Drama,6.2,18299,https://www.imdb.com/title/tt0107840
tt0455323,Being Flynn,Being Flynn,2012,102.0,Drama,6.4,18239,https://www.imdb.com/title/tt0455323
tt0879843,Katyn,Katyn,2007,121.0,Drama,7.0,18238,https://www.imdb.com/title/tt0879843
tt3125324,Beyond the Lights,Beyond the Lights,2014,116.0,Drama,6.8,18231,https://www.imdb.com/title/tt3125324
tt5843876,Chemical Hearts,Chemical Hearts,2020,93.0,Drama,6.3,18199,https://www.imdb.com/title/tt5843876
tt5934922,For Both of Us,Ikimizin Yerine,2016,126.0,Drama,6.2,18191,https://www.imdb.com/title/tt5934922
tt2224317,Robber,Lootera,2013,136.0,Drama,7.4,18167,https://www.imdb.com/title/tt2224317
tt0209933,Beau Travail,Beau travail,1999,92.0,Drama,7.3,18147,https://www.imdb.com/title/tt0209933
tt5059406,I Am the Pretty Thing That Lives in the House,I Am the Pretty Thing That Lives in the House,2016,89.0,Drama,4.6,18136,https://www.imdb.com/title/tt5059406
tt4016312,The Book of Vision,The Book of Vision,2020,99.0,Drama,7.2,18135,https://www.imdb.com/title/tt4016312
tt1564777,Fallen,Fallen,2016,91.0,Drama,5.2,18132,https://www.imdb.com/title/tt1564777
tt0101787,Dying Young,Dying Young,1991,111.0,Drama,6.0,18114,https://www.imdb.com/title/tt0101787
tt4558362,Our Story,Bizim Hikaye,2015,97.0,Drama,5.3,18112,https://www.imdb.com/title/tt4558362
tt13446168,The Medium,Rang song,2021,130.0,Drama,6.5,18108,https://www.imdb.com/title/tt13446168
tt0298408,Laurel Canyon,Laurel Canyon,2002,103.0,Drama,6.4,18102,https://www.imdb.com/title/tt0298408
tt1476425,Turnabout,Turnabout,2016,90.0,Drama,7.0,18069,https://www.imdb.com/title/tt1476425
tt22868010,Return to Silent Hill,Return to Silent Hill,2026,106.0,Drama,4.0,18052,https://www.imdb.com/title/tt22868010
tt5304464,Happy End,Happy End,2017,107.0,Drama,6.6,18023,https://www.imdb.com/title/tt5304464
tt2216240,A Hijacking,Kapringen,2012,103.0,Drama,7.1,18023,https://www.imdb.com/title/tt2216240
tt0249241,Werckmeister Harmonies,Werckmeister harmóniák,2000,145.0,Drama,7.9,18004,https://www.imdb.com/title/tt0249241
tt1396226,Twice Born,Venuto al mondo,2012,127.0,Drama,7.3,18002,https://www.imdb.com/title/tt1396226
tt30798612,Crazxy,Crazxy,2025,93.0,Drama,6.6,18001,https://www.imdb.com/title/tt30798612
tt8254556,Girl,Girl,2018,105.0,Drama,7.2,17998,https://www.imdb.com/title/tt8254556
tt9601220,Black Bear,Black Bear,2020,104.0,Drama,6.5,17989,https://www.imdb.com/title/tt9601220
tt9608818,Our Friend,Our Friend,2019,124.0,Drama,7.3,17974,https://www.imdb.com/title/tt9608818
tt3462710,Unforgettable,Unforgettable,2017,100.0,Drama,5.2,17967,https://www.imdb.com/title/tt3462710
tt6303866,Beach Rats,Beach Rats,2017,98.0,Drama,6.4,17960,https://www.imdb.com/title/tt6303866
tt12519030,Hatching,Pahanhautoja,2022,91.0,Drama,6.2,17959,https://www.imdb.com/title/tt12519030
tt10343028,Armageddon Time,Armageddon Time,2022,114.0,Drama,6.4,17947,https://www.imdb.com/title/tt10343028
tt0330229,Dolls,Dôruzu,2002,114.0,Drama,7.5,17945,https://www.imdb.com/title/tt0330229
tt6866224,The Hummingbird Project,The Hummingbird Project,2018,111.0,Drama,6.2,17944,https://www.imdb.com/title/tt6866224
tt0827517,Reprise,Reprise,2006,105.0,Drama,7.3,17936,https://www.imdb.com/title/tt0827517
tt0102316,Little Man Tate,Little Man Tate,1991,99.0,Drama,6.6,17837,https://www.imdb.com/title/tt0102316
tt1103982,The Girlfriend Experience,The Girlfriend Experience,2009,77.0,Drama,5.5,17795,https://www.imdb.com/title/tt1103982
tt2281159,Contracted,Contracted,2013,84.0,Drama,5.3,17795,https://www.imdb.com/title/tt2281159
tt2043933,Night Moves,Night Moves,2013,112.0,Drama,6.1,17795,https://www.imdb.com/title/tt2043933
tt0346723,Chalte Chalte,Chalte Chalte,2003,167.0,Drama,6.5,17722,https://www.imdb.com/title/tt0346723
tt0330099,The Brown Bunny,The Brown Bunny,2003,93.0,Drama,4.9,17719,https://www.imdb.com/title/tt0330099
tt0106453,Body of Evidence,Body of Evidence,1993,99.0,Drama,4.6,17691,https://www.imdb.com/title/tt0106453
tt1797504,I Want You,Tengo ganas de ti,2012,120.0,Drama,6.7,17681,https://www.imdb.com/title/tt1797504
tt8893974,Passing,Passing,2021,98.0,Drama,6.6,17672,https://www.imdb.com/title/tt8893974
tt6135348,120 BPM (Beats Per Minute),120 battements par minute,2017,143.0,Drama,7.4,17655,https://www.imdb.com/title/tt6135348
tt0800027,Feast of Love,Feast of Love,2007,97.0,Drama,6.5,17639,https://www.imdb.com/title/tt0800027
tt2852458,Stranger by the Lake,L'inconnu du lac,2013,100.0,Drama,6.9,17630,https://www.imdb.com/title/tt2852458
tt27431598,Bramayugam,Bramayugam,2024,139.0,Drama,7.7,17627,https://www.imdb.com/title/tt27431598
tt3832914,War Room,War Room,2015,120.0,Drama,6.5,17613,https://www.imdb.com/title/tt3832914
tt31888477,Downton Abbey: The Grand Finale,Downton Abbey: The Grand Finale,2025,123.0,Drama,7.3,17567,https://www.imdb.com/title/tt31888477
tt7510346,The Turning,The Turning,2020,94.0,Drama,3.9,17552,https://www.imdb.com/title/tt7510346
tt32284154,Rekhachithram,Rekhachithram,2025,147.0,Drama,7.8,17540,https://www.imdb.com/title/tt32284154
tt1700844,The Deep Blue Sea,The Deep Blue Sea,2011,98.0,Drama,6.2,17458,https://www.imdb.com/title/tt1700844
tt0102555,Not Without My Daughter,Not Without My Daughter,1991,116.0,Drama,6.5,17457,https://www.imdb.com/title/tt0102555
tt0114345,The Scarlet Letter,The Scarlet Letter,1995,135.0,Drama,5.4,17414,https://www.imdb.com/title/tt0114345
tt0086619,Yentl,Yentl,1983,133.0,Drama,6.6,17409,https://www.imdb.com/title/tt0086619
tt1550312,Café de Flore,Café de Flore,2011,120.0,Drama,7.3,17359,https://www.imdb.com/title/tt1550312
tt1016075,Fame,Fame,2009,107.0,Drama,5.0,17356,https://www.imdb.com/title/tt1016075
tt4468634,Certain Women,Certain Women,2016,107.0,Drama,6.4,17292,https://www.imdb.com/title/tt4468634
tt0111579,Burnt by the Sun,Utomlennye solntsem,1994,135.0,Drama,7.8,17272,https://www.imdb.com/title/tt0111579
tt0101318,The Lovers on the Bridge,Les amants du Pont-Neuf,1991,125.0,Drama,7.6,17246,https://www.imdb.com/title/tt0101318
tt36943034,The Voice of Hind Rajab,Sawt Hind Rajab,2025,89.0,Drama,8.3,17222,https://www.imdb.com/title/tt36943034
tt5229228,61 Days,Iftarlik Gazoz,2016,115.0,Drama,7.3,17180,https://www.imdb.com/title/tt5229228
tt2178941,Barbara,Barbara,2012,105.0,Drama,7.2,17152,https://www.imdb.com/title/tt2178941
tt0119861,Pardes,Pardes,1997,191.0,Drama,6.9,17140,https://www.imdb.com/title/tt0119861
tt0206917,The Man Who Cried,The Man Who Cried,2000,100.0,Drama,6.1,17135,https://www.imdb.com/title/tt0206917
tt0200071,Rosetta,Rosetta,1999,95.0,Drama,7.4,17105,https://www.imdb.com/title/tt0200071
tt1554091,A Better Life,A Better Life,2011,98.0,Drama,7.2,17093,https://www.imdb.com/title/tt1554091
tt7959216,Utoya: July 22,Utøya 22. juli,2018,93.0,Drama,7.2,17090,https://www.imdb.com/title/tt7959216
tt0092272,Youngblood,Youngblood,1986,110.0,Drama,6.2,17082,https://www.imdb.com/title/tt0092272
tt0096073,The Seventh Sign,The Seventh Sign,1988,97.0,Drama,5.8,17074,https://www.imdb.com/title/tt0096073
tt0115561,The Apartment,L'appartement,1996,116.0,Drama,7.3,17043,https://www.imdb.com/title/tt0115561
tt19652910,EO,Eo,2022,88.0,Drama,6.7,17034,https://www.imdb.com/title/tt19652910
tt0108451,Untamed Heart,Untamed Heart,1993,102.0,Drama,6.8,17032,https://www.imdb.com/title/tt0108451
tt6063090,Light of My Life,Light of My Life,2019,119.0,Drama,6.6,17008,https://www.imdb.com/title/tt6063090
tt0085780,The Keep,The Keep,1983,96.0,Drama,5.7,16999,https://www.imdb.com/title/tt0085780
tt7541106,1BR,1BR,2019,90.0,Drama,5.8,16998,https://www.imdb.com/title/tt7541106
tt8378126,Queen of Hearts,Dronningen,2019,127.0,Drama,7.0,16986,https://www.imdb.com/title/tt8378126
tt4721124,The Exception,The Exception,2016,107.0,Drama,6.8,16982,https://www.imdb.com/title/tt4721124
tt13349716,Shyam Singha Roy,Shyam Singha Roy,2021,155.0,Drama,7.6,16929,https://www.imdb.com/title/tt13349716
tt0080610,The Last Metro,Le dernier métro,1980,132.0,Drama,7.3,16909,https://www.imdb.com/title/tt0080610
tt0196267,Cruel Intentions 2,Cruel Intentions 2,2000,87.0,Drama,4.4,16909,https://www.imdb.com/title/tt0196267
tt5117428,Wild Rose,Wild Rose,2018,101.0,Drama,7.1,16891,https://www.imdb.com/title/tt5117428
tt8310474,Bruised,Bruised,2020,129.0,Drama,6.2,16845,https://www.imdb.com/title/tt8310474
tt1931602,Very Good Girls,Very Good Girls,2013,91.0,Drama,5.9,16842,https://www.imdb.com/title/tt1931602
tt6040662,The Children Act,The Children Act,2017,105.0,Drama,6.7,16829,https://www.imdb.com/title/tt6040662
tt0087233,Falling in Love,Falling in Love,1984,106.0,Drama,6.5,16827,https://www.imdb.com/title/tt0087233
tt0494271,The Unknown Woman,La sconosciuta,2006,118.0,Drama,7.4,16801,https://www.imdb.com/title/tt0494271
tt1588337,Of Gods and Men,Des hommes et des dieux,2010,122.0,Drama,7.2,16770,https://www.imdb.com/title/tt1588337
tt18363072,The Royal Hotel,The Royal Hotel,2023,91.0,Drama,5.7,16749,https://www.imdb.com/title/tt18363072
tt26229612,The Diplomat,The Diplomat,2025,130.0,Drama,7.0,16740,https://www.imdb.com/title/tt26229612
tt0082416,The French Lieutenant's Woman,The French Lieutenant's Woman,1981,124.0,Drama,6.9,16733,https://www.imdb.com/title/tt0082416
tt5034266,Our Souls at Night,Our Souls at Night,2017,103.0,Drama,6.9,16699,https://www.imdb.com/title/tt5034266
tt0110882,Before the Rain,Pred dozhdot,1994,113.0,Drama,7.8,16696,https://www.imdb.com/title/tt0110882
tt0120662,Eye of the Beholder,Eye of the Beholder,1999,109.0,Drama,5.0,16646,https://www.imdb.com/title/tt0120662
tt0117002,Mary Reilly,Mary Reilly,1996,108.0,Drama,5.8,16635,https://www.imdb.com/title/tt0117002
tt0988108,The Class,Klass,2007,99.0,Drama,7.9,16618,https://www.imdb.com/title/tt0988108
tt8535968,System Crasher,Systemsprenger,2019,125.0,Drama,7.8,16577,https://www.imdb.com/title/tt8535968
tt1373156,Karthik Calling Karthik,Karthik Calling Karthik,2010,135.0,Drama,7.2,16562,https://www.imdb.com/title/tt1373156
tt0081974,Absence of Malice,Absence of Malice,1981,116.0,Drama,6.9,16558,https://www.imdb.com/title/tt0081974
tt12393526,Bulbbul,Bulbbul,2020,94.0,Drama,6.6,16510,https://www.imdb.com/title/tt12393526
tt1996310,Lore,Lore,2012,109.0,Drama,7.1,16507,https://www.imdb.com/title/tt1996310
tt0145503,Sunshine,Sunshine,1999,181.0,Drama,7.4,16470,https://www.imdb.com/title/tt0145503
tt10627584,The Life Ahead,La vita davanti a sé,2020,94.0,Drama,6.8,16444,https://www.imdb.com/title/tt10627584
tt6149154,Waiting for the Barbarians,Waiting for the Barbarians,2019,112.0,Drama,6.0,16409,https://www.imdb.com/title/tt6149154
tt0338097,Head in the Clouds,Head in the Clouds,2004,132.0,Drama,6.5,16407,https://www.imdb.com/title/tt0338097
tt0149624,All the Pretty Horses,All the Pretty Horses,2000,116.0,Drama,5.8,16398,https://www.imdb.com/title/tt0149624
tt2948790,Return to Sender,Return to Sender,2015,92.0,Drama,5.1,16383,https://www.imdb.com/title/tt2948790
tt0116095,Diabolique,Diabolique,1996,107.0,Drama,5.5,16383,https://www.imdb.com/title/tt0116095
tt0216625,Code Unknown,Code inconnu: Récit incomplet de divers voyages,2000,118.0,Drama,7.1,16383,https://www.imdb.com/title/tt0216625
tt0118055,Up Close & Personal,Up Close & Personal,1996,124.0,Drama,6.1,16375,https://www.imdb.com/title/tt0118055
tt0114279,Richard III,Richard III,1995,104.0,Drama,7.3,16368,https://www.imdb.com/title/tt0114279
tt0109305,Blue Chips,Blue Chips,1994,108.0,Drama,6.3,16366,https://www.imdb.com/title/tt0109305
tt0165623,Angst,Angst,1983,87.0,Drama,7.1,16364,https://www.imdb.com/title/tt0165623
tt5312232,Sairat,Sairat,2016,174.0,Drama,8.3,16359,https://www.imdb.com/title/tt5312232
tt15980138,Kishkindha Kaandam,Kishkindha Kaandam,2024,133.0,Drama,8.0,16320,https://www.imdb.com/title/tt15980138
tt0104265,Final Analysis,Final Analysis,1992,124.0,Drama,5.9,16292,https://www.imdb.com/title/tt0104265
tt16227342,Mr. & Mrs. Mahi,Mr. & Mrs. Mahi,2024,139.0,Drama,5.9,16277,https://www.imdb.com/title/tt16227342
tt0104181,Wuthering Heights,Wuthering Heights,1992,105.0,Drama,6.6,16272,https://www.imdb.com/title/tt0104181
tt12889404,Cyrano,Cyrano,2021,123.0,Drama,6.4,16254,https://www.imdb.com/title/tt12889404
tt7027278,Kedarnath,Kedarnath,2018,116.0,Drama,6.8,16233,https://www.imdb.com/title/tt7027278
tt7616148,Luce,Luce,2019,109.0,Drama,6.6,16228,https://www.imdb.com/title/tt7616148
tt0094663,Another Woman,Another Woman,1988,81.0,Drama,7.2,16216,https://www.imdb.com/title/tt0094663
tt1216520,Womb,Womb,2010,111.0,Drama,6.3,16212,https://www.imdb.com/title/tt1216520
tt10457128,Summer of 85,Été 85,2020,101.0,Drama,6.9,16167,https://www.imdb.com/title/tt10457128
tt0156794,Eternity and a Day,Mia aioniotita kai mia mera,1998,137.0,Drama,7.8,16157,https://www.imdb.com/title/tt0156794
tt1999987,Breathe In,Breathe In,2013,98.0,Drama,6.3,16157,https://www.imdb.com/title/tt1999987
tt5713232,Madaari,Madaari,2016,133.0,Drama,7.6,16122,https://www.imdb.com/title/tt5713232
tt0124595,Return to Paradise,Return to Paradise,1998,111.0,Drama,6.9,16106,https://www.imdb.com/title/tt0124595
tt10399608,Piggy,Cerdita,2022,99.0,Drama,6.2,16087,https://www.imdb.com/title/tt10399608
tt5073620,Below Her Mouth,Below Her Mouth,2016,92.0,Drama,5.5,16087,https://www.imdb.com/title/tt5073620
tt10375470,Supernova,Supernova,2020,95.0,Drama,6.9,16052,https://www.imdb.com/title/tt10375470
tt30422937,Nadaaniyan,Naadaniyaan,2025,119.0,Drama,3.0,16047,https://www.imdb.com/title/tt30422937
tt8829830,Fatale,Fatale,2020,102.0,Drama,5.5,15992,https://www.imdb.com/title/tt8829830
tt2090465,Black Butterfly,Black Butterfly,2017,93.0,Drama,6.1,15984,https://www.imdb.com/title/tt2090465
tt2716382,Sea Fever,Sea Fever,2019,95.0,Drama,5.7,15981,https://www.imdb.com/title/tt2716382
tt0118632,The Apostle,The Apostle,1997,134.0,Drama,7.2,15978,https://www.imdb.com/title/tt0118632
tt2229842,Table No. 21,Table No.21,2013,108.0,Drama,7.2,15935,https://www.imdb.com/title/tt2229842
tt1226240,A Late Quartet,A Late Quartet,2012,105.0,Drama,7.1,15934,https://www.imdb.com/title/tt1226240
tt10344522,Four Good Days,Four Good Days,2020,100.0,Drama,6.6,15923,https://www.imdb.com/title/tt10344522
tt36642456,Haq,Haq,2025,134.0,Drama,7.8,15916,https://www.imdb.com/title/tt36642456
tt11307814,Red Dot,Red Dot,2021,86.0,Drama,5.5,15880,https://www.imdb.com/title/tt11307814
tt8333746,Pinocchio,Pinocchio,2019,125.0,Drama,6.3,15876,https://www.imdb.com/title/tt8333746
tt11044858,Nocturne,Nocturne,2020,90.0,Drama,5.7,15871,https://www.imdb.com/title/tt11044858
tt3622110,Don't Knock Twice,Don't Knock Twice,2016,93.0,Drama,5.1,15805,https://www.imdb.com/title/tt3622110
tt0240200,Water,Water,2005,117.0,Drama,7.7,15801,https://www.imdb.com/title/tt0240200
tt3562110,Kesari Chapter 2: The Untold Story of Jallianwala Bagh,Kesari Chapter 2: The Untold Story of Jallianwala Bagh,2025,133.0,Drama,8.0,15801,https://www.imdb.com/title/tt3562110
tt5225338,The Eyes of My Mother,The Eyes of My Mother,2016,76.0,Drama,6.2,15796,https://www.imdb.com/title/tt5225338
tt32434379,My Fault: London,My Fault: London,2025,120.0,Drama,6.2,15793,https://www.imdb.com/title/tt32434379
tt0089960,Vagabond,Sans toit ni loi,1985,105.0,Drama,7.6,15782,https://www.imdb.com/title/tt0089960
tt1441940,Broken,Broken,2012,91.0,Drama,7.2,15776,https://www.imdb.com/title/tt1441940
tt3991412,The 9th Life of Louis Drax,The 9th Life of Louis Drax,2016,108.0,Drama,6.3,15772,https://www.imdb.com/title/tt3991412
tt1859446,Alps,Alpeis,2011,93.0,Drama,6.3,15752,https://www.imdb.com/title/tt1859446
tt1922685,Phantom,Phantom,2013,98.0,Drama,5.9,15689,https://www.imdb.com/title/tt1922685
tt0255589,The Isle,Seom,2000,90.0,Drama,6.9,15673,https://www.imdb.com/title/tt0255589
tt6920356,The Souvenir,The Souvenir,2019,120.0,Drama,6.4,15664,https://www.imdb.com/title/tt6920356
tt7461686,Daddio,Daddio,2023,100.0,Drama,6.7,15656,https://www.imdb.com/title/tt7461686
tt10930586,Shikara,Shikara,2020,118.0,Drama,3.4,15654,https://www.imdb.com/title/tt10930586
tt8045906,Words on Bathroom Walls,Words on Bathroom Walls,2020,110.0,Drama,7.2,15650,https://www.imdb.com/title/tt8045906
tt2582500,Shut In,Shut In,2016,91.0,Drama,4.8,15646,https://www.imdb.com/title/tt2582500
tt8963708,And Then We Danced,And Then We Danced,2019,113.0,Drama,7.6,15644,https://www.imdb.com/title/tt8963708
tt5301942,Jersey,Jersey,2022,170.0,Drama,7.3,15632,https://www.imdb.com/title/tt5301942
tt2372251,Down a Dark Hall,Down a Dark Hall,2018,96.0,Drama,5.1,15631,https://www.imdb.com/title/tt2372251
tt2517658,The Canal,The Canal,2014,92.0,Drama,5.8,15614,https://www.imdb.com/title/tt2517658
tt0444182,Days of Glory,Indigènes,2006,120.0,Drama,7.0,15604,https://www.imdb.com/title/tt0444182
tt2103264,Emperor,Emperor,2012,105.0,Drama,6.5,15602,https://www.imdb.com/title/tt2103264
tt0165078,After Life,Wandafuru raifu,1998,119.0,Drama,7.6,15596,https://www.imdb.com/title/tt0165078
tt2265534,The Lifeguard,The Lifeguard,2013,98.0,Drama,5.6,15595,https://www.imdb.com/title/tt2265534
tt0378897,A Touch of Spice,Politiki kouzina,2003,108.0,Drama,7.5,15574,https://www.imdb.com/title/tt0378897
tt0096219,Talk Radio,Talk Radio,1988,110.0,Drama,7.2,15554,https://www.imdb.com/title/tt0096219
tt5334704,Twin Peaks: The Missing Pieces,Twin Peaks: The Missing Pieces,2014,91.0,Drama,7.5,15540,https://www.imdb.com/title/tt5334704
tt0112744,The Crossing Guard,The Crossing Guard,1995,111.0,Drama,6.3,15530,https://www.imdb.com/title/tt0112744
tt6803212,Don't Let Go,Don't Let Go,2019,103.0,Drama,6.4,15521,https://www.imdb.com/title/tt6803212
tt6173990,Gold,Gold,2018,151.0,Drama,7.3,15519,https://www.imdb.com/title/tt6173990
tt1422032,Even the Rain,También la lluvia,2010,103.0,Drama,7.4,15510,https://www.imdb.com/title/tt1422032
tt1808197,Incir Reçeli,Incir Reçeli,2011,94.0,Drama,6.5,15503,https://www.imdb.com/title/tt1808197
tt0995829,XXY,XXY,2007,86.0,Drama,7.0,15491,https://www.imdb.com/title/tt0995829
tt0087921,Places in the Heart,Places in the Heart,1984,111.0,Drama,7.4,15469,https://www.imdb.com/title/tt0087921
tt7589524,Aniara,Aniara,2018,106.0,Drama,6.3,15453,https://www.imdb.com/title/tt7589524
tt0084934,Yol,Yol,1982,107.0,Drama,7.9,15436,https://www.imdb.com/title/tt0084934
tt0080310,Breaker Morant,'Breaker' Morant,1980,107.0,Drama,7.8,15435,https://www.imdb.com/title/tt0080310
tt11281220,Intoxicated by Love,Maste eshgh,2024,118.0,Drama,6.9,15416,https://www.imdb.com/title/tt11281220
tt4120176,Things to Come,L'avenir,2016,102.0,Drama,6.9,15400,https://www.imdb.com/title/tt4120176
tt9738784,Persian Lessons,Persischstunden,2020,127.0,Drama,7.4,15380,https://www.imdb.com/title/tt9738784
tt0098575,Valmont,Valmont,1989,137.0,Drama,7.0,15366,https://www.imdb.com/title/tt0098575
tt0783640,The Last Full Measure,The Last Full Measure,2019,116.0,Drama,6.8,15366,https://www.imdb.com/title/tt0783640
tt0132512,At First Sight,At First Sight,1999,128.0,Drama,6.0,15359,https://www.imdb.com/title/tt0132512
tt0107004,Geronimo: An American Legend,Geronimo: An American Legend,1993,115.0,Drama,6.6,15355,https://www.imdb.com/title/tt0107004
tt2570858,The Duke of Burgundy,The Duke of Burgundy,2014,104.0,Drama,6.5,15342,https://www.imdb.com/title/tt2570858
tt5952594,The Mustang,The Mustang,2019,96.0,Drama,6.8,15322,https://www.imdb.com/title/tt5952594
tt13070038,After Ever Happy,After Ever Happy,2022,95.0,Drama,4.8,15318,https://www.imdb.com/title/tt13070038
tt0412798,Half Light,Half Light,2006,110.0,Drama,6.0,15316,https://www.imdb.com/title/tt0412798
tt0869977,Water Lilies,Naissance des pieuvres,2007,85.0,Drama,6.7,15306,https://www.imdb.com/title/tt0869977
tt0815178,The Life Before Her Eyes,The Life Before Her Eyes,2007,90.0,Drama,6.2,15306,https://www.imdb.com/title/tt0815178
tt4009278,Intruders,Shut In,2015,90.0,Drama,5.7,15299,https://www.imdb.com/title/tt4009278
tt0407621,Calvaire,Calvaire,2004,88.0,Drama,6.1,15291,https://www.imdb.com/title/tt0407621
tt9731682,Crisis,Crisis,2021,118.0,Drama,6.2,15282,https://www.imdb.com/title/tt9731682
tt0134154,Ride with the Devil,Ride with the Devil,1999,138.0,Drama,6.7,15277,https://www.imdb.com/title/tt0134154
tt2217859,Louder Than Bombs,Louder Than Bombs,2015,109.0,Drama,6.6,15275,https://www.imdb.com/title/tt2217859
tt0119381,Inventing the Abbotts,Inventing the Abbotts,1997,110.0,Drama,6.4,15255,https://www.imdb.com/title/tt0119381
tt0203632,The Princess and the Warrior,Der Krieger und die Kaiserin,2000,135.0,Drama,7.4,15252,https://www.imdb.com/title/tt0203632
tt0179098,Moonlight Mile,Moonlight Mile,2002,117.0,Drama,6.6,15220,https://www.imdb.com/title/tt0179098
tt2032557,The Reluctant Fundamentalist,The Reluctant Fundamentalist,2012,130.0,Drama,6.8,15219,https://www.imdb.com/title/tt2032557
tt15340724,20th Century Girl,20segi sonyeo,2022,119.0,Drama,7.4,15217,https://www.imdb.com/title/tt15340724
tt0498097,Climates,Iklimler,2006,98.0,Drama,7.1,15176,https://www.imdb.com/title/tt0498097
tt0105211,Radio Flyer,Radio Flyer,1992,114.0,Drama,6.9,15163,https://www.imdb.com/title/tt0105211
tt0112553,Bombay,Bombay,1995,130.0,Drama,8.1,15144,https://www.imdb.com/title/tt0112553
tt3478962,My King,Mon roi,2015,124.0,Drama,7.1,15120,https://www.imdb.com/title/tt3478962
tt5867800,Aruvi,Aruvi,2016,130.0,Drama,8.3,15073,https://www.imdb.com/title/tt5867800
tt0273435,Ararat,Ararat,2002,115.0,Drama,6.3,15067,https://www.imdb.com/title/tt0273435
tt2375574,A Field in England,A Field in England,2013,90.0,Drama,6.2,15050,https://www.imdb.com/title/tt2375574
tt0120834,Snow Falling on Cedars,Snow Falling on Cedars,1999,127.0,Drama,6.7,15030,https://www.imdb.com/title/tt0120834
tt6206564,Trapped,Trapped,2016,105.0,Drama,7.5,15021,https://www.imdb.com/title/tt6206564
tt0100168,Mo' Better Blues,Mo' Better Blues,1990,130.0,Drama,6.7,15019,https://www.imdb.com/title/tt0100168
tt0313196,The Crime of Padre Amaro,El crimen del padre Amaro,2002,118.0,Drama,6.7,15004,https://www.imdb.com/title/tt0313196
tt13045890,Paper Lives,Kagittan Hayatlar,2021,96.0,Drama,6.6,15000,https://www.imdb.com/title/tt13045890
tt1231277,S. Darko,S. Darko,2009,103.0,Drama,3.6,14992,https://www.imdb.com/title/tt1231277
tt7125774,Balloon,Ballon,2018,125.0,Drama,7.5,14949,https://www.imdb.com/title/tt7125774
tt0449086,Dominion: Prequel to the Exorcist,Dominion: Prequel to the Exorcist,2005,117.0,Drama,5.1,14947,https://www.imdb.com/title/tt0449086
tt2226162,Hunter Hunter,Hunter Hunter,2020,93.0,Drama,6.4,14944,https://www.imdb.com/title/tt2226162
tt0331952,The Clearing,The Clearing,2004,95.0,Drama,5.8,14918,https://www.imdb.com/title/tt0331952
tt0458367,Right at Your Door,Right at Your Door,2006,96.0,Drama,6.0,14909,https://www.imdb.com/title/tt0458367
tt5085924,Wildling,Wildling,2018,92.0,Drama,5.5,14870,https://www.imdb.com/title/tt5085924
tt27051027,Love Li,Love li,2024,168.0,Drama,6.5,14842,https://www.imdb.com/title/tt27051027
tt5690810,Ophelia,Ophelia,2018,106.0,Drama,6.5,14827,https://www.imdb.com/title/tt5690810
tt2784936,Backtrack,Backtrack,2015,90.0,Drama,5.9,14816,https://www.imdb.com/title/tt2784936
tt1287878,Poetry,Si,2010,139.0,Drama,7.8,14797,https://www.imdb.com/title/tt1287878
tt0480239,Atlas Shrugged: Part I,Atlas Shrugged: Part I,2011,97.0,Drama,5.6,14789,https://www.imdb.com/title/tt0480239
tt6367558,Double Lover,L'amant double,2017,107.0,Drama,6.2,14783,https://www.imdb.com/title/tt6367558
tt29114029,The Tearsmith,Fabbricante di lacrime,2024,103.0,Drama,5.2,14781,https://www.imdb.com/title/tt29114029
tt0105271,Roja,Roja,1992,137.0,Drama,8.1,14771,https://www.imdb.com/title/tt0105271
tt11687104,"Alice, Darling","Alice, Darling",2022,89.0,Drama,5.6,14765,https://www.imdb.com/title/tt11687104
tt0481797,Youth Without Youth,Youth Without Youth,2007,124.0,Drama,6.1,14764,https://www.imdb.com/title/tt0481797
tt0418647,Dreamer,Dreamer: Inspired by a True Story,2005,106.0,Drama,6.8,14747,https://www.imdb.com/title/tt0418647
tt4309356,Ivy,Sarmasik,2015,104.0,Drama,7.9,14747,https://www.imdb.com/title/tt4309356
tt1314652,The Housemaid,Hanyeo,2010,107.0,Drama,6.4,14745,https://www.imdb.com/title/tt1314652
tt0499262,Takva: A Man's Fear of God,Takva,2006,96.0,Drama,7.4,14734,https://www.imdb.com/title/tt0499262
tt0118744,Hush,Hush,1998,96.0,Drama,5.5,14733,https://www.imdb.com/title/tt0118744
tt4065552,The Unknown Soldier,Tuntematon sotilas,2017,132.0,Drama,7.7,14727,https://www.imdb.com/title/tt4065552
tt0845439,Fireworks Wednesday,Chaharshanbe-soori,2006,102.0,Drama,7.6,14714,https://www.imdb.com/title/tt0845439
tt1718924,A Family Man,A Family Man,2016,108.0,Drama,6.5,14706,https://www.imdb.com/title/tt1718924
tt14859416,Burning Days,Kurak Günler,2022,129.0,Drama,7.4,14700,https://www.imdb.com/title/tt14859416
tt0095652,Monkey Shines,Monkey Shines,1988,113.0,Drama,6.2,14657,https://www.imdb.com/title/tt0095652
tt16252698,Passages,Passages,2023,91.0,Drama,6.6,14638,https://www.imdb.com/title/tt16252698
tt3825638,Labyrinth of Lies,Im Labyrinth des Schweigens,2014,124.0,Drama,7.3,14634,https://www.imdb.com/title/tt3825638
tt4486986,All I See Is You,All I See Is You,2016,109.0,Drama,5.4,14629,https://www.imdb.com/title/tt4486986
tt9308382,The High Note,The High Note,2020,113.0,Drama,6.4,14577,https://www.imdb.com/title/tt9308382
tt0235060,The Road Home,Wo de fu qin mu qin,1999,89.0,Drama,7.7,14519,https://www.imdb.com/title/tt0235060
tt2883434,Black or White,Black or White,2014,121.0,Drama,6.7,14507,https://www.imdb.com/title/tt2883434
tt5616294,Spinning Man,Spinning Man,2018,100.0,Drama,5.7,14477,https://www.imdb.com/title/tt5616294
tt0397619,Samaritan Girl,Samaria,2004,97.0,Drama,7.0,14472,https://www.imdb.com/title/tt0397619
tt6169694,I Think We're Alone Now,I Think We're Alone Now,2018,99.0,Drama,5.8,14420,https://www.imdb.com/title/tt6169694
tt0765447,Evening,Evening,2007,117.0,Drama,6.4,14416,https://www.imdb.com/title/tt0765447
tt19883634,The Old Oak,The Old Oak,2023,113.0,Drama,7.1,14415,https://www.imdb.com/title/tt19883634
tt0111667,The War,The War,1994,126.0,Drama,6.8,14370,https://www.imdb.com/title/tt0111667
tt0359423,A Home at the End of the World,A Home at the End of the World,2004,97.0,Drama,6.6,14355,https://www.imdb.com/title/tt0359423
tt0086423,Tender Mercies,Tender Mercies,1983,92.0,Drama,7.3,14337,https://www.imdb.com/title/tt0086423
tt1410051,Retreat,Retreat,2011,90.0,Drama,5.8,14325,https://www.imdb.com/title/tt1410051
tt1433810,Mumbai Diaries,Dhobi Ghat,2010,100.0,Drama,7.0,14305,https://www.imdb.com/title/tt1433810
tt0471030,Red Road,Red Road,2006,113.0,Drama,6.8,14301,https://www.imdb.com/title/tt0471030
tt2282016,The Possession of Michael King,The Possession of Michael King,2014,83.0,Drama,5.7,14298,https://www.imdb.com/title/tt2282016
tt4824308,God's Not Dead 2,God's Not Dead 2,2016,120.0,Drama,4.4,14294,https://www.imdb.com/title/tt4824308
tt0412536,Brideshead Revisited,Brideshead Revisited,2008,133.0,Drama,6.6,14290,https://www.imdb.com/title/tt0412536
tt0323120,Loving Annabelle,Loving Annabelle,2006,77.0,Drama,6.2,14279,https://www.imdb.com/title/tt0323120
tt1836808,Great Expectations,Great Expectations,2012,128.0,Drama,6.3,14272,https://www.imdb.com/title/tt1836808
tt0964185,Tetro,Tetro,2009,127.0,Drama,6.8,14265,https://www.imdb.com/title/tt0964185
tt0496436,White Noise 2: The Light,White Noise 2: The Light,2007,99.0,Drama,5.7,14244,https://www.imdb.com/title/tt0496436
tt0114134,The Pillow Book,The Pillow Book,1996,126.0,Drama,6.5,14243,https://www.imdb.com/title/tt0114134
tt0480269,Interview,Interview,2007,84.0,Drama,6.8,14230,https://www.imdb.com/title/tt0480269
tt0220580,Intacto,Intacto,2001,108.0,Drama,6.7,14224,https://www.imdb.com/title/tt0220580
tt0111341,Satantango,Sátántangó,1994,439.0,Drama,8.2,14218,https://www.imdb.com/title/tt0111341
tt0120710,In Dreams,In Dreams,1999,100.0,Drama,5.5,14197,https://www.imdb.com/title/tt0120710
tt4298958,Sweet Bean,An,2015,113.0,Drama,7.4,14179,https://www.imdb.com/title/tt4298958
tt0286306,Deathwatch,Deathwatch,2002,94.0,Drama,5.9,14161,https://www.imdb.com/title/tt0286306
tt30783769,Kaam Chalu Hai,Kaam Chalu Hai,2024,82.0,Drama,7.0,14157,https://www.imdb.com/title/tt30783769
tt1536048,W.E.,W.E.,2011,119.0,Drama,6.2,14146,https://www.imdb.com/title/tt1536048
tt0961108,Fireflies in the Garden,Fireflies in the Garden,2008,99.0,Drama,6.4,14135,https://www.imdb.com/title/tt0961108
tt0256103,Intimacy,Intimacy,2001,119.0,Drama,6.0,14097,https://www.imdb.com/title/tt0256103
tt0795441,Winter in Wartime,Oorlogswinter,2008,103.0,Drama,7.0,14095,https://www.imdb.com/title/tt0795441
tt23475174,Sarfira,Sarfira,2024,155.0,Drama,7.0,14078,https://www.imdb.com/title/tt23475174
tt8439854,Lust Stories,Lust Stories,2018,120.0,Drama,6.3,14067,https://www.imdb.com/title/tt8439854
tt0091495,Matador,Matador,1986,110.0,Drama,6.9,14043,https://www.imdb.com/title/tt0091495
tt0243255,Fat Girl,À ma soeur!,2001,86.0,Drama,6.4,14031,https://www.imdb.com/title/tt0243255
tt0209463,The Wind Will Carry Us,Bad ma ra khahad bord,1999,118.0,Drama,7.4,14023,https://www.imdb.com/title/tt0209463
tt0256276,Possession,Possession,2002,102.0,Drama,6.3,14021,https://www.imdb.com/title/tt0256276
tt0106471,Boxing Helena,Boxing Helena,1993,107.0,Drama,4.8,13984,https://www.imdb.com/title/tt0106471
tt0100095,Maine Pyar Kiya,Maine Pyar Kiya,1989,192.0,Drama,7.3,13975,https://www.imdb.com/title/tt0100095
tt0808331,Joshua,Joshua,2007,106.0,Drama,5.8,13938,https://www.imdb.com/title/tt0808331
tt1777034,United,United,2011,94.0,Drama,7.3,13892,https://www.imdb.com/title/tt1777034
tt2358592,Lucia,Lucia,2013,135.0,Drama,8.3,13886,https://www.imdb.com/title/tt2358592
tt0796302,The Babysitters,The Babysitters,2007,88.0,Drama,5.6,13883,https://www.imdb.com/title/tt0796302
tt26596953,Forgotten Love,Znachor,2023,140.0,Drama,7.5,13883,https://www.imdb.com/title/tt26596953
tt0166943,Music of the Heart,Music of the Heart,1999,124.0,Drama,6.7,13873,https://www.imdb.com/title/tt0166943
tt32765621,Sipahi,Sipahi,2024,62.0,Drama,7.1,13872,https://www.imdb.com/title/tt32765621
tt0972883,Red,Red,2008,93.0,Drama,6.9,13868,https://www.imdb.com/title/tt0972883
tt13880104,Happening,L'événement,2021,100.0,Drama,7.4,13857,https://www.imdb.com/title/tt13880104
tt0448124,Snow Cake,Snow Cake,2006,112.0,Drama,7.4,13850,https://www.imdb.com/title/tt0448124
tt0938341,Tokyo Sonata,Tokyo Sonata,2008,120.0,Drama,7.6,13817,https://www.imdb.com/title/tt0938341
tt2258281,Beyond the Hills,Dupa dealuri,2012,152.0,Drama,7.5,13803,https://www.imdb.com/title/tt2258281
tt1843287,Like Someone in Love,Like Someone in Love,2012,109.0,Drama,7.0,13794,https://www.imdb.com/title/tt1843287
tt32086077,All We Imagine as Light,All We Imagine as Light,2024,118.0,Drama,7.0,13787,https://www.imdb.com/title/tt32086077
tt28184712,Parking,Parking,2023,127.0,Drama,7.8,13784,https://www.imdb.com/title/tt28184712
tt14502344,They/Them,They/Them,2022,104.0,Drama,4.0,13776,https://www.imdb.com/title/tt14502344
tt8296030,You Won't Be Alone,You Won't Be Alone,2022,108.0,Drama,6.4,13761,https://www.imdb.com/title/tt8296030
tt2639344,Love Is Strange,Love Is Strange,2014,94.0,Drama,6.7,13757,https://www.imdb.com/title/tt2639344
tt6210996,10x10,10x10,2018,88.0,Drama,5.2,13743,https://www.imdb.com/title/tt6210996
tt29929565,Opus,Opus,2025,104.0,Drama,5.7,13721,https://www.imdb.com/title/tt29929565
tt0100934,Wild Orchid,Wild Orchid,1989,105.0,Drama,4.5,13712,https://www.imdb.com/title/tt0100934
tt0245046,Charlotte Gray,Charlotte Gray,2001,121.0,Drama,6.4,13707,https://www.imdb.com/title/tt0245046
tt0964516,Fashion,Fashion,2008,167.0,Drama,6.9,13695,https://www.imdb.com/title/tt0964516
tt0430576,The Secret Life of Words,The Secret Life of Words,2005,115.0,Drama,7.4,13673,https://www.imdb.com/title/tt0430576
tt0377084,Ladies in Lavender,Ladies in Lavender,2004,104.0,Drama,7.0,13659,https://www.imdb.com/title/tt0377084
tt1331307,Dread,Dread,2009,98.0,Drama,5.6,13646,https://www.imdb.com/title/tt1331307
tt0499487,Goal! III,Goal III: Taking on the World,2009,96.0,Drama,3.2,13644,https://www.imdb.com/title/tt0499487
tt7063210,The Place,The Place,2017,105.0,Drama,7.0,13643,https://www.imdb.com/title/tt7063210
tt33549478,The Map That Leads to You,The Map That Leads to You,2025,96.0,Drama,6.2,13632,https://www.imdb.com/title/tt33549478
tt0116410,Ghosts of Mississippi,Ghosts of Mississippi,1996,130.0,Drama,6.7,13620,https://www.imdb.com/title/tt0116410
tt3729920,The Disappearance of Eleanor Rigby: Them,The Disappearance of Eleanor Rigby: Them,2014,123.0,Drama,6.3,13611,https://www.imdb.com/title/tt3729920
tt10451852,Nine Days,Nine Days,2020,124.0,Drama,6.8,13598,https://www.imdb.com/title/tt10451852
tt0466816,Hallam Foe,Hallam Foe,2007,95.0,Drama,6.9,13597,https://www.imdb.com/title/tt0466816
tt1238291,Five Minutes of Heaven,Five Minutes of Heaven,2009,89.0,Drama,6.5,13597,https://www.imdb.com/title/tt1238291
tt0120520,The Wings of the Dove,The Wings of the Dove,1997,102.0,Drama,7.1,13593,https://www.imdb.com/title/tt0120520
tt12547822,Run Rabbit Run,Run Rabbit Run,2023,100.0,Drama,5.0,13583,https://www.imdb.com/title/tt12547822
tt1068678,Veronika Decides to Die,Veronika Decides to Die,2009,103.0,Drama,6.3,13559,https://www.imdb.com/title/tt1068678
tt3799372,6 Years,6 Years,2015,79.0,Drama,5.5,13547,https://www.imdb.com/title/tt3799372
tt0117364,The Portrait of a Lady,The Portrait of a Lady,1996,144.0,Drama,6.2,13528,https://www.imdb.com/title/tt0117364
tt7076834,Satan's Slaves,Pengabdi Setan,2017,107.0,Drama,6.5,13527,https://www.imdb.com/title/tt7076834
tt11284280,Cadaver,Kadaver,2020,86.0,Drama,5.2,13526,https://www.imdb.com/title/tt11284280
tt1667321,On Chesil Beach,On Chesil Beach,2017,110.0,Drama,6.3,13460,https://www.imdb.com/title/tt1667321
tt8258502,Foe,Foe,2023,110.0,Drama,5.4,13450,https://www.imdb.com/title/tt8258502
tt16437278,The Strays,The Strays,2023,100.0,Drama,4.9,13448,https://www.imdb.com/title/tt16437278
tt1581835,Daydream Nation,Daydream Nation,2010,98.0,Drama,6.3,13415,https://www.imdb.com/title/tt1581835
tt1282139,Cars of the Revolution,Devrim Arabalari,2008,120.0,Drama,7.9,13390,https://www.imdb.com/title/tt1282139
tt1770734,Shadow Dancer,Shadow Dancer,2012,101.0,Drama,6.2,13389,https://www.imdb.com/title/tt1770734
tt0120776,One True Thing,One True Thing,1998,127.0,Drama,6.9,13368,https://www.imdb.com/title/tt0120776
tt1037218,Flashbacks of a Fool,Flashbacks of a Fool,2008,113.0,Drama,6.8,13337,https://www.imdb.com/title/tt1037218
tt20194882,Lonely Planet,Lonely Planet,2024,94.0,Drama,5.7,13332,https://www.imdb.com/title/tt20194882
tt1188113,Peacock,Peacock,2010,90.0,Drama,6.2,13332,https://www.imdb.com/title/tt1188113
tt1121977,Mother and Child,Mother and Child,2009,125.0,Drama,7.2,13314,https://www.imdb.com/title/tt1121977
tt0497986,Time,Shigan,2006,97.0,Drama,7.1,13305,https://www.imdb.com/title/tt0497986
tt15342244,Master Gardener,Master Gardener,2022,111.0,Drama,6.1,13304,https://www.imdb.com/title/tt15342244
tt1645131,Romeo & Juliet,Romeo & Juliet,2013,118.0,Drama,5.8,13304,https://www.imdb.com/title/tt1645131
tt0113703,Love Letter,Love Letter,1995,117.0,Drama,7.9,13303,https://www.imdb.com/title/tt0113703
tt0194314,Romance,Romance,1999,84.0,Drama,5.2,13290,https://www.imdb.com/title/tt0194314
tt0171685,Ratcatcher,Ratcatcher,1999,94.0,Drama,7.5,13284,https://www.imdb.com/title/tt0171685
tt28490044,Evil Does Not Exist,Aku wa sonzai shinai,2023,106.0,Drama,7.0,13238,https://www.imdb.com/title/tt28490044
tt8058874,We Summon the Darkness,We Summon the Darkness,2019,91.0,Drama,5.2,13224,https://www.imdb.com/title/tt8058874
tt2304426,The Selfish Giant,The Selfish Giant,2013,91.0,Drama,7.3,13204,https://www.imdb.com/title/tt2304426
tt5076214,Delibal,Delibal,2015,117.0,Drama,6.7,13185,https://www.imdb.com/title/tt5076214
tt21106646,The Next 365 Days,The Next 365 Days,2022,112.0,Drama,2.9,13149,https://www.imdb.com/title/tt21106646
tt26733325,Homebound,Homebound,2025,119.0,Drama,7.9,13145,https://www.imdb.com/title/tt26733325
tt0974613,The Other Man,The Other Man,2008,88.0,Drama,5.4,13144,https://www.imdb.com/title/tt0974613
tt3202202,Palm Trees in the Snow,Palmeras en la nieve,2015,163.0,Drama,7.3,13141,https://www.imdb.com/title/tt3202202
tt7058080,Angel of Mine,Angel of Mine,2019,98.0,Drama,6.4,13140,https://www.imdb.com/title/tt7058080
tt10698174,Wolf,Wolf,2021,99.0,Drama,5.1,13133,https://www.imdb.com/title/tt10698174
tt10199640,Beanpole,Dylda,2019,130.0,Drama,7.2,13128,https://www.imdb.com/title/tt10199640
tt0443496,Edmond,Edmond,2005,82.0,Drama,6.2,13114,https://www.imdb.com/title/tt0443496
tt6290798,UFO,UFO,2018,88.0,Drama,6.2,13097,https://www.imdb.com/title/tt6290798
tt2205401,Addicted,Addicted,2014,106.0,Drama,5.0,13035,https://www.imdb.com/title/tt2205401
tt9738716,The World to Come,The World to Come,2020,105.0,Drama,6.4,13031,https://www.imdb.com/title/tt9738716
tt4193394,Indignation,Indignation,2016,110.0,Drama,6.7,13016,https://www.imdb.com/title/tt4193394
tt2091478,Air,Air,2015,95.0,Drama,5.1,13000,https://www.imdb.com/title/tt2091478
tt21979910,The Passenger,The Passenger,2023,94.0,Drama,6.4,12989,https://www.imdb.com/title/tt21979910
tt1270842,Norwegian Wood,Noruwei no mori,2010,133.0,Drama,6.3,12986,https://www.imdb.com/title/tt1270842
tt3263614,"Kumiko, The Treasure Hunter","Kumiko, the Treasure Hunter",2014,105.0,Drama,6.6,12979,https://www.imdb.com/title/tt3263614
tt1291566,The Vanishing of Sidney Hall,Sidney Hall,2017,119.0,Drama,6.8,12968,https://www.imdb.com/title/tt1291566
tt0112288,The Addiction,The Addiction,1995,82.0,Drama,6.5,12967,https://www.imdb.com/title/tt0112288
tt15364972,Sanctuary,Sanctuary,2022,96.0,Drama,6.2,12963,https://www.imdb.com/title/tt15364972
tt0792965,Hunting and Gathering,"Ensemble, c'est tout",2007,97.0,Drama,6.7,12961,https://www.imdb.com/title/tt0792965
tt5310090,Irudhi Suttru,Irudhi Suttru,2016,109.0,Drama,7.6,12952,https://www.imdb.com/title/tt5310090
tt0107630,My Life,My Life,1993,117.0,Drama,6.8,12942,https://www.imdb.com/title/tt0107630
tt0119080,Eve's Bayou,Eve's Bayou,1997,108.0,Drama,7.2,12874,https://www.imdb.com/title/tt0119080
tt0427582,The Method,El método,2005,115.0,Drama,7.1,12869,https://www.imdb.com/title/tt0427582
tt0114671,Land and Freedom,Land and Freedom,1995,109.0,Drama,7.5,12851,https://www.imdb.com/title/tt0114671
tt7638344,Dhadak,Dhadak,2018,138.0,Drama,4.7,12848,https://www.imdb.com/title/tt7638344
tt13429362,In the Earth,In the Earth,2021,107.0,Drama,5.1,12834,https://www.imdb.com/title/tt13429362
tt15944428,Ghoomer,Ghoomer,2023,135.0,Drama,7.5,12827,https://www.imdb.com/title/tt15944428
tt6675244,Transit,Transit,2018,101.0,Drama,6.9,12824,https://www.imdb.com/title/tt6675244
tt1757746,Extracted,Extracted,2012,89.0,Drama,6.4,12810,https://www.imdb.com/title/tt1757746
tt14060232,Infinite Storm,Infinite Storm,2022,97.0,Drama,5.3,12810,https://www.imdb.com/title/tt14060232
tt0088915,A Chorus Line,A Chorus Line,1985,118.0,Drama,6.2,12807,https://www.imdb.com/title/tt0088915
tt1525890,The Caller,The Caller,2011,92.0,Drama,6.0,12804,https://www.imdb.com/title/tt1525890
tt15680228,Bheed,Bheed,2023,124.0,Drama,6.5,12803,https://www.imdb.com/title/tt15680228
tt10895556,Rashmi Rocket,Rashmi Rocket,2021,129.0,Drama,7.1,12793,https://www.imdb.com/title/tt10895556
tt1859522,Kiss Me,Kyss mig,2011,105.0,Drama,6.8,12787,https://www.imdb.com/title/tt1859522
tt8399288,Memoria,Memoria,2021,136.0,Drama,6.4,12773,https://www.imdb.com/title/tt8399288
tt2436682,The Duel,The Duel,2016,110.0,Drama,5.8,12758,https://www.imdb.com/title/tt2436682
tt12592252,Songbird,Songbird,2020,84.0,Drama,4.8,12749,https://www.imdb.com/title/tt12592252
tt2070862,Temptation: Confessions of a Marriage Counselor,Temptation: Confessions of a Marriage Counselor,2013,111.0,Drama,5.0,12740,https://www.imdb.com/title/tt2070862
tt1544608,Voice from the Stone,Voice from the Stone,2017,94.0,Drama,5.2,12712,https://www.imdb.com/title/tt1544608
tt0465436,December Boys,December Boys,2007,105.0,Drama,6.5,12697,https://www.imdb.com/title/tt0465436
tt0379976,Savage Grace,Savage Grace,2007,97.0,Drama,5.7,12695,https://www.imdb.com/title/tt0379976
tt28277817,Bird,Bird,2024,119.0,Drama,7.0,12694,https://www.imdb.com/title/tt28277817
tt0357110,The Ballad of Jack and Rose,The Ballad of Jack and Rose,2005,112.0,Drama,6.5,12688,https://www.imdb.com/title/tt0357110
tt5752192,Meander,Méandre,2020,90.0,Drama,5.4,12675,https://www.imdb.com/title/tt5752192
tt0093713,Pelle the Conqueror,Pelle erobreren,1987,157.0,Drama,7.7,12657,https://www.imdb.com/title/tt0093713
tt4375438,The Club,El club,2015,98.0,Drama,7.2,12631,https://www.imdb.com/title/tt4375438
tt0099091,Bad Influence,Bad Influence,1990,99.0,Drama,6.3,12610,https://www.imdb.com/title/tt0099091
tt2292959,The Canyons,The Canyons,2013,99.0,Drama,3.8,12602,https://www.imdb.com/title/tt2292959
tt1555093,The Seasoning House,The Seasoning House,2012,90.0,Drama,6.1,12554,https://www.imdb.com/title/tt1555093
tt0082736,Mephisto,Mephisto,1981,146.0,Drama,7.7,12551,https://www.imdb.com/title/tt0082736
tt0365265,Ginger Snaps Back: The Beginning,Ginger Snaps Back: The Beginning,2004,94.0,Drama,5.8,12526,https://www.imdb.com/title/tt0365265
tt1181614,Wuthering Heights,Wuthering Heights,2011,129.0,Drama,6.0,12507,https://www.imdb.com/title/tt1181614
tt1124052,City of Life and Death,Nanjing! Nanjing!,2009,133.0,Drama,7.7,12469,https://www.imdb.com/title/tt1124052
tt2582498,Sweet Virginia,Sweet Virginia,2017,93.0,Drama,6.2,12468,https://www.imdb.com/title/tt2582498
tt2251281,Dark Was the Night,Dark Was the Night,2014,99.0,Drama,5.6,12457,https://www.imdb.com/title/tt2251281
tt5119116,Pyewacket,Pyewacket,2017,88.0,Drama,5.8,12454,https://www.imdb.com/title/tt5119116
tt0247613,Peppermint Candy,Bakhasatang,1999,129.0,Drama,7.6,12451,https://www.imdb.com/title/tt0247613
tt0300214,Morvern Callar,Morvern Callar,2002,97.0,Drama,6.8,12429,https://www.imdb.com/title/tt0300214
tt0386342,Brothers,Brødre,2004,117.0,Drama,7.5,12414,https://www.imdb.com/title/tt0386342
tt8262802,The Holiday Calendar,The Holiday Calendar,2018,95.0,Drama,5.7,12409,https://www.imdb.com/title/tt8262802
tt1322385,Submarino,Submarino,2010,105.0,Drama,7.5,12401,https://www.imdb.com/title/tt1322385
tt0420901,Shooting Dogs,Shooting Dogs,2005,115.0,Drama,7.6,12398,https://www.imdb.com/title/tt0420901
tt3780500,Journey's End,Journey's End,2017,107.0,Drama,6.7,12395,https://www.imdb.com/title/tt3780500
tt0423169,Sherrybaby,Sherrybaby,2006,96.0,Drama,6.6,12366,https://www.imdb.com/title/tt0423169
tt3517870,Mine 9,Mine 9,2019,83.0,Drama,6.0,12341,https://www.imdb.com/title/tt3517870
tt0787523,Towelhead,Nothing Is Private,2007,124.0,Drama,6.9,12323,https://www.imdb.com/title/tt0787523
tt1483831,Lebanon,Lebanon,2009,93.0,Drama,6.9,12314,https://www.imdb.com/title/tt1483831
tt0099731,The Handmaid's Tale,The Handmaid's Tale,1990,108.0,Drama,6.0,12292,https://www.imdb.com/title/tt0099731
tt0324197,Time of the Wolf,Le temps du loup,2003,114.0,Drama,6.4,12284,https://www.imdb.com/title/tt0324197
tt4370784,The Innocents,Les innocentes,2016,115.0,Drama,7.3,12264,https://www.imdb.com/title/tt4370784
tt0084549,Blind Chance,Przypadek,1987,114.0,Drama,7.7,12244,https://www.imdb.com/title/tt0084549
tt0286261,All or Nothing,All or Nothing,2002,128.0,Drama,7.5,12240,https://www.imdb.com/title/tt0286261
tt21272942,I Was a Stranger,I Was a Stranger,2024,103.0,Drama,8.3,12232,https://www.imdb.com/title/tt21272942
tt1111890,Diary of a Nymphomaniac,Diario de una ninfómana,2008,101.0,Drama,5.6,12212,https://www.imdb.com/title/tt1111890
tt0456470,The Bow,Hwal,2005,90.0,Drama,7.1,12212,https://www.imdb.com/title/tt0456470
tt0120070,Savior,Savior,1998,103.0,Drama,7.2,12186,https://www.imdb.com/title/tt0120070
tt8851148,The In Between,The In Between,2022,115.0,Drama,5.9,12182,https://www.imdb.com/title/tt8851148
tt0352343,Facing Windows,La finestra di fronte,2003,102.0,Drama,7.2,12181,https://www.imdb.com/title/tt0352343
tt2315582,Una,Una,2016,94.0,Drama,6.2,12174,https://www.imdb.com/title/tt2315582
tt2115295,Ginger & Rosa,Ginger & Rosa,2012,90.0,Drama,6.2,12170,https://www.imdb.com/title/tt2115295
tt7851428,First Signal,First Signal,2021,102.0,Drama,3.3,12166,https://www.imdb.com/title/tt7851428
tt1854513,Snow White,Blancanieves,2012,104.0,Drama,7.5,12145,https://www.imdb.com/title/tt1854513
tt14407336,The Beast,La bête,2023,146.0,Drama,6.4,12144,https://www.imdb.com/title/tt14407336
tt0093036,Flowers in the Attic,Flowers in the Attic,1987,93.0,Drama,5.8,12138,https://www.imdb.com/title/tt0093036
tt0367913,Ju-On: The Grudge 2,Ju-on 2,2003,92.0,Drama,6.3,12131,https://www.imdb.com/title/tt0367913
tt0127311,Somersault in a Coffin,Tabutta Rövasata,1996,76.0,Drama,7.6,12118,https://www.imdb.com/title/tt0127311
tt0252480,The Grey Zone,The Grey Zone,2001,108.0,Drama,7.0,12111,https://www.imdb.com/title/tt0252480
tt5616176,2 Hearts,2 Hearts,2020,101.0,Drama,6.3,12108,https://www.imdb.com/title/tt5616176
tt5910280,Tunnel,Teo-neol,2016,126.0,Drama,6.8,12102,https://www.imdb.com/title/tt5910280
tt0494290,Vivah,Vivah,2006,160.0,Drama,6.7,12092,https://www.imdb.com/title/tt0494290
tt15334488,After Everything,After Everything,2023,93.0,Drama,4.8,12086,https://www.imdb.com/title/tt15334488
tt33307144,Court - State Vs. A Nobody,Court: State vs. A Nobody,2025,155.0,Drama,7.9,12083,https://www.imdb.com/title/tt33307144
tt1961675,Inside,Yeralti,2012,107.0,Drama,7.1,12079,https://www.imdb.com/title/tt1961675
tt6081670,Possum,Possum,2018,85.0,Drama,5.8,12057,https://www.imdb.com/title/tt6081670
tt0494834,Silk,Silk,2007,107.0,Drama,5.8,12055,https://www.imdb.com/title/tt0494834
tt0141974,The War Zone,The War Zone,1999,98.0,Drama,7.2,12017,https://www.imdb.com/title/tt0141974
tt0952682,Shotgun Stories,Shotgun Stories,2007,92.0,Drama,7.1,12000,https://www.imdb.com/title/tt0952682
tt0240913,Under the Sand,Sous le sable,2000,92.0,Drama,7.0,11991,https://www.imdb.com/title/tt0240913
tt0997246,The Song of Sparrows,Avaze gonjeshk-ha,2008,96.0,Drama,7.9,11981,https://www.imdb.com/title/tt0997246
tt0210075,Girlfight,Girlfight,2000,110.0,Drama,6.7,11963,https://www.imdb.com/title/tt0210075
tt6598238,Life in a Year,Life in a Year,2020,107.0,Drama,6.3,11957,https://www.imdb.com/title/tt6598238
tt3862750,The Perfect Guy,The Perfect Guy,2015,100.0,Drama,5.6,11954,https://www.imdb.com/title/tt3862750
tt5215088,A.I. Rising,A.I. Rising,2018,85.0,Drama,4.9,11945,https://www.imdb.com/title/tt5215088
tt1447972,StreetDance 3D,StreetDance 3D,2010,98.0,Drama,5.8,11941,https://www.imdb.com/title/tt1447972
tt15416342,The Bengal Files,The Bengal Files,2025,200.0,Drama,7.0,11936,https://www.imdb.com/title/tt15416342
tt0804507,Mother of Tears,La terza madre,2007,102.0,Drama,5.0,11899,https://www.imdb.com/title/tt0804507
tt3148348,Let Us Prey,Let Us Prey,2014,92.0,Drama,5.8,11898,https://www.imdb.com/title/tt3148348
tt2012011,Scenic Route,Scenic Route,2013,82.0,Drama,6.4,11898,https://www.imdb.com/title/tt2012011
tt0091830,The Green Ray,Le rayon vert,1986,99.0,Drama,7.6,11897,https://www.imdb.com/title/tt0091830
tt3836512,Ratter,Ratter,2015,80.0,Drama,4.8,11894,https://www.imdb.com/title/tt3836512
tt2461520,Man Down,Man Down,2015,90.0,Drama,6.0,11882,https://www.imdb.com/title/tt2461520
tt10023286,The Humans,The Humans,2021,108.0,Drama,6.1,11876,https://www.imdb.com/title/tt10023286
tt0268690,13 Conversations About One Thing,Thirteen Conversations About One Thing,2001,104.0,Drama,7.0,11875,https://www.imdb.com/title/tt0268690
tt3153634,Hope,So-won,2013,122.0,Drama,8.2,11868,https://www.imdb.com/title/tt3153634
tt0095936,Qayamat Se Qayamat Tak,Qayamat Se Qayamat Tak,1988,162.0,Drama,7.4,11865,https://www.imdb.com/title/tt0095936
tt31598703,Tanvi: The Great,Tanvi: The Great,2025,150.0,Drama,6.9,11863,https://www.imdb.com/title/tt31598703
tt0411267,The Dark,The Dark,2005,93.0,Drama,5.3,11863,https://www.imdb.com/title/tt0411267
tt0111845,Through the Olive Trees,Zire darakhatan zeyton,1994,103.0,Drama,7.7,11847,https://www.imdb.com/title/tt0111845
tt10131024,Shut In,Shut In,2022,89.0,Drama,5.7,11839,https://www.imdb.com/title/tt10131024
tt3696180,The Forgiven,The Forgiven,2021,117.0,Drama,6.1,11827,https://www.imdb.com/title/tt3696180
tt0886539,Luck by Chance,Luck by Chance,2009,156.0,Drama,7.1,11827,https://www.imdb.com/title/tt0886539
tt9026184,Girl on the Third Floor,Girl on the Third Floor,2019,93.0,Drama,4.7,11814,https://www.imdb.com/title/tt9026184
tt0401815,Tamara,Tamara,2005,98.0,Drama,5.1,11802,https://www.imdb.com/title/tt0401815
tt3078242,Miss Violence,Miss Violence,2013,98.0,Drama,7.0,11800,https://www.imdb.com/title/tt3078242
tt0160484,Lost Souls,Lost Souls,2000,97.0,Drama,4.8,11794,https://www.imdb.com/title/tt0160484
tt2364975,We Are the Best!,Vi är bäst!,2013,102.0,Drama,7.1,11785,https://www.imdb.com/title/tt2364975
tt3142872,A Small September Affair,Bi Küçük Eylül Meselesi,2014,106.0,Drama,7.1,11778,https://www.imdb.com/title/tt3142872
tt2049543,Synchronicity,Synchronicity,2015,101.0,Drama,5.4,11757,https://www.imdb.com/title/tt2049543
tt0110889,Priest,Priest,1994,98.0,Drama,7.1,11757,https://www.imdb.com/title/tt0110889
tt0107468,M. Butterfly,M. Butterfly,1993,101.0,Drama,6.7,11753,https://www.imdb.com/title/tt0107468
tt0089276,The Official Story,La historia oficial,1985,112.0,Drama,7.7,11752,https://www.imdb.com/title/tt0089276
tt0485241,"Don't Worry, I'm Fine","Je vais bien, ne t'en fais pas",2006,92.0,Drama,7.3,11746,https://www.imdb.com/title/tt0485241
tt0383534,Noel,Noel,2004,96.0,Drama,6.1,11745,https://www.imdb.com/title/tt0383534
tt24870072,Locked In,Locked In,2023,96.0,Drama,5.1,11734,https://www.imdb.com/title/tt24870072
tt0104507,Indochine,Indochine,1992,160.0,Drama,7.0,11734,https://www.imdb.com/title/tt0104507
tt0116722,Jude,Jude,1996,123.0,Drama,6.9,11733,https://www.imdb.com/title/tt0116722
tt1347521,I Saw the Sun,Günesi Gördüm,2009,114.0,Drama,6.6,11731,https://www.imdb.com/title/tt1347521
tt11242218,Books of Blood,Books of Blood,2020,107.0,Drama,5.6,11728,https://www.imdb.com/title/tt11242218
tt15257644,Mili,Mili,2022,127.0,Drama,6.7,11727,https://www.imdb.com/title/tt15257644
tt0090270,Vision Quest,Vision Quest,1985,107.0,Drama,6.7,11705,https://www.imdb.com/title/tt0090270
tt8745960,Daniel Isn't Real,Daniel Isn't Real,2019,100.0,Drama,6.0,11700,https://www.imdb.com/title/tt8745960
tt0468094,The Road to Guantanamo,The Road to Guantanamo,2006,95.0,Drama,7.4,11697,https://www.imdb.com/title/tt0468094
tt4126438,The Ones Below,The Ones Below,2015,87.0,Drama,6.1,11694,https://www.imdb.com/title/tt4126438
tt13276352,Toscana,Toscana,2022,90.0,Drama,5.7,11690,https://www.imdb.com/title/tt13276352
tt0906734,The Broken,The Broken,2008,93.0,Drama,5.4,11684,https://www.imdb.com/title/tt0906734
tt4072326,Ali and Nino,Ali and Nino,2016,100.0,Drama,6.8,11683,https://www.imdb.com/title/tt4072326
tt0418460,Aitraaz,Aitraaz,2004,160.0,Drama,6.6,11658,https://www.imdb.com/title/tt0418460
tt5770864,The Man from Earth: Holocene,The Man from Earth: Holocene,2017,98.0,Drama,5.2,11656,https://www.imdb.com/title/tt5770864
tt0315543,Open Hearts,Elsker dig for evigt,2002,113.0,Drama,7.5,11652,https://www.imdb.com/title/tt0315543
tt13235822,Umma,Umma,2022,83.0,Drama,4.7,11646,https://www.imdb.com/title/tt13235822
tt12800524,Encounter,Encounter,2021,108.0,Drama,5.9,11629,https://www.imdb.com/title/tt12800524
tt0084899,White Dog,White Dog,1982,90.0,Drama,7.0,11610,https://www.imdb.com/title/tt0084899
tt10648714,Chernobyl: Abyss,Chernobyl,2021,136.0,Drama,5.2,11607,https://www.imdb.com/title/tt10648714
tt0320193,Oasis,Oasiseu,2002,133.0,Drama,7.8,11593,https://www.imdb.com/title/tt0320193
tt0139362,High Art,High Art,1998,101.0,Drama,6.6,11589,https://www.imdb.com/title/tt0139362
tt2364897,The Disappointments Room,The Disappointments Room,2016,91.0,Drama,4.0,11569,https://www.imdb.com/title/tt2364897
tt0105682,A Heart in Winter,Un coeur en hiver,1992,105.0,Drama,7.5,11560,https://www.imdb.com/title/tt0105682
tt1233219,"My Son, My Son, What Have Ye Done","My Son, My Son, What Have Ye Done",2009,91.0,Drama,6.1,11555,https://www.imdb.com/title/tt1233219
tt3021360,Faults,Faults,2014,89.0,Drama,6.7,11554,https://www.imdb.com/title/tt3021360
tt0840322,Forever Strong,Forever Strong,2008,112.0,Drama,7.1,11547,https://www.imdb.com/title/tt0840322
tt0082970,Ragtime,Ragtime,1981,155.0,Drama,7.3,11544,https://www.imdb.com/title/tt0082970
tt3481634,Inconceivable,Inconceivable,2017,105.0,Drama,5.2,11543,https://www.imdb.com/title/tt3481634
tt0105391,Shining Through,Shining Through,1992,132.0,Drama,6.4,11543,https://www.imdb.com/title/tt0105391
tt1417075,In Darkness,W ciemnosci,2011,145.0,Drama,7.3,11529,https://www.imdb.com/title/tt1417075
tt3445702,1/1,1/1,2018,85.0,Drama,5.9,11486,https://www.imdb.com/title/tt3445702
tt26677014,The Penguin Lessons,The Penguin Lessons,2024,111.0,Drama,7.1,11471,https://www.imdb.com/title/tt26677014
tt0395585,House of 9,House of 9,2005,90.0,Drama,5.3,11448,https://www.imdb.com/title/tt0395585
tt0105159,The Power of One,The Power of One,1992,127.0,Drama,7.1,11437,https://www.imdb.com/title/tt0105159
tt0377309,Survival Island,Three,2005,95.0,Drama,4.9,11414,https://www.imdb.com/title/tt0377309
tt0375735,Enduring Love,Enduring Love,2004,100.0,Drama,6.3,11364,https://www.imdb.com/title/tt0375735
tt6002232,Custody,Jusqu'à la garde,2017,93.0,Drama,7.5,11343,https://www.imdb.com/title/tt6002232
tt1945062,About Cherry,About Cherry,2012,98.0,Drama,4.8,11329,https://www.imdb.com/title/tt1945062
tt0299458,All the Real Girls,All the Real Girls,2003,108.0,Drama,6.7,11324,https://www.imdb.com/title/tt0299458
tt10037014,Fear of Rain,Fear of Rain,2021,109.0,Drama,6.0,11322,https://www.imdb.com/title/tt10037014
tt2905772,Thou Gild'st the Even,Sen Aydinlatirsin Geceyi,2013,107.0,Drama,7.6,11318,https://www.imdb.com/title/tt2905772
tt0118768,The Brave,The Brave,1997,123.0,Drama,6.1,11313,https://www.imdb.com/title/tt0118768
tt10023024,Love Aaj Kal,Love Aaj Kal,2020,142.0,Drama,4.7,11292,https://www.imdb.com/title/tt10023024
tt9815554,Not to Forget,Not to Forget,2021,84.0,Drama,5.1,11281,https://www.imdb.com/title/tt9815554
tt14034966,Wheel of Fortune and Fantasy,Gûzen to sôzô,2021,121.0,Drama,7.5,11280,https://www.imdb.com/title/tt14034966
tt0482463,Bella,Bella,2006,91.0,Drama,7.0,11273,https://www.imdb.com/title/tt0482463
tt2597892,Viral,Viral,2016,85.0,Drama,5.5,11237,https://www.imdb.com/title/tt2597892
tt0995740,No Smoking,No Smoking,2007,128.0,Drama,7.3,11196,https://www.imdb.com/title/tt0995740
tt10199586,Atlantics,Atlantique,2019,106.0,Drama,6.7,11191,https://www.imdb.com/title/tt10199586
tt19403516,Hallow Road,Hallow Road,2025,80.0,Drama,6.0,11184,https://www.imdb.com/title/tt19403516
tt21998526,Zwigato,Zwigato,2022,105.0,Drama,6.6,11178,https://www.imdb.com/title/tt21998526
tt0307213,Bad Guy,Nappeun namja,2001,100.0,Drama,6.6,11166,https://www.imdb.com/title/tt0307213
tt0472458,Dumplings,Gau ji,2004,91.0,Drama,6.7,11165,https://www.imdb.com/title/tt0472458
tt10303430,Sightless,Sightless,2020,89.0,Drama,5.5,11161,https://www.imdb.com/title/tt10303430
tt0368658,Stage Beauty,Stage Beauty,2004,106.0,Drama,7.1,11141,https://www.imdb.com/title/tt0368658
tt0102181,Kafka,Kafka,1991,98.0,Drama,6.8,11130,https://www.imdb.com/title/tt0102181
tt5278832,The Lure,Córki dancingu,2015,92.0,Drama,6.2,11128,https://www.imdb.com/title/tt5278832
tt28358950,Neru,Neru,2023,150.0,Drama,7.5,11117,https://www.imdb.com/title/tt28358950
tt0082449,Ghost Story,Ghost Story,1981,110.0,Drama,6.3,11106,https://www.imdb.com/title/tt0082449
tt0425079,Lovelorn,Gönül Yarasi,2005,142.0,Drama,7.7,11101,https://www.imdb.com/title/tt0425079
tt0096288,Landscape in the Mist,Topio stin omihli,1988,127.0,Drama,7.9,11092,https://www.imdb.com/title/tt0096288
tt2702920,The Secret Garden,The Secret Garden,2020,99.0,Drama,5.6,11073,https://www.imdb.com/title/tt2702920
tt5952138,We Have Always Lived in the Castle,We Have Always Lived in the Castle,2018,95.0,Drama,5.6,11063,https://www.imdb.com/title/tt5952138
tt0093940,September,September,1987,83.0,Drama,6.5,11053,https://www.imdb.com/title/tt0093940
tt0119792,Nil by Mouth,Nil by Mouth,1997,128.0,Drama,7.3,11043,https://www.imdb.com/title/tt0119792
tt0107617,The Scent of Green Papaya,Mùi du du xanh,1993,104.0,Drama,7.3,11030,https://www.imdb.com/title/tt0107617
tt8009906,The Cleansing Hour,The Cleansing Hour,2019,94.0,Drama,6.0,11025,https://www.imdb.com/title/tt8009906
tt0216817,Hum Saath-Saath Hain,Hum Saath-Saath Hain,1999,177.0,Drama,6.4,10997,https://www.imdb.com/title/tt0216817
tt6859762,The Little Stranger,The Little Stranger,2018,111.0,Drama,5.5,10991,https://www.imdb.com/title/tt6859762
tt6010628,Zoe,Zoe,2018,104.0,Drama,6.1,10973,https://www.imdb.com/title/tt6010628
tt0204700,Trouble Every Day,Trouble Every Day,2001,101.0,Drama,5.9,10962,https://www.imdb.com/title/tt0204700
tt1217070,Triage,Triage,2009,99.0,Drama,6.5,10957,https://www.imdb.com/title/tt1217070
tt1625150,North Sea Texas,"Noordzee, Texas",2011,98.0,Drama,7.1,10946,https://www.imdb.com/title/tt1625150
tt4481066,Giant Little Ones,Giant Little Ones,2018,93.0,Drama,7.2,10945,https://www.imdb.com/title/tt4481066
tt14821150,Vortex,Vortex,2021,142.0,Drama,7.4,10933,https://www.imdb.com/title/tt14821150
tt5655222,The Hero,The Hero,2017,96.0,Drama,6.5,10932,https://www.imdb.com/title/tt5655222
tt0348568,The Classic,Keulraesik,2003,127.0,Drama,7.7,10930,https://www.imdb.com/title/tt0348568
tt26655658,Kaushaljis vs Kaushal,Kaushaljis vs Kaushal,2025,131.0,Drama,6.1,10917,https://www.imdb.com/title/tt26655658
tt0252684,Manic,Manic,2001,100.0,Drama,7.1,10901,https://www.imdb.com/title/tt0252684
tt6063050,Acrimony,Acrimony,2018,120.0,Drama,5.9,10885,https://www.imdb.com/title/tt6063050
tt1403214,Paradise: Love,Paradies: Liebe,2012,120.0,Drama,7.0,10865,https://www.imdb.com/title/tt1403214
tt3451230,High Strung,High Strung,2016,96.0,Drama,6.3,10863,https://www.imdb.com/title/tt3451230
tt0472071,Death Defying Acts,Death Defying Acts,2007,97.0,Drama,5.8,10834,https://www.imdb.com/title/tt0472071
tt4266638,Krisha,Krisha,2015,83.0,Drama,7.1,10833,https://www.imdb.com/title/tt4266638
tt2077886,The Phantom of the Opera at the Royal Albert Hall,The Phantom of the Opera at the Royal Albert Hall,2011,137.0,Drama,8.8,10827,https://www.imdb.com/title/tt2077886
tt6288250,Patti Cake$,Patti Cake$,2017,109.0,Drama,6.8,10823,https://www.imdb.com/title/tt6288250
tt0354356,Five Times Two,5x2,2004,90.0,Drama,6.6,10809,https://www.imdb.com/title/tt0354356
tt0274497,The Ignorant Fairies,Le fate ignoranti,2001,106.0,Drama,7.3,10801,https://www.imdb.com/title/tt0274497
tt0116684,Jane Eyre,Jane Eyre,1996,112.0,Drama,6.8,10793,https://www.imdb.com/title/tt0116684
tt7391996,C/o Kancharapalem,C/o Kancharapalem,2018,152.0,Drama,8.8,10786,https://www.imdb.com/title/tt7391996
tt2035630,Starlet,Starlet,2012,103.0,Drama,7.0,10786,https://www.imdb.com/title/tt2035630
tt0089748,When Father Was Away on Business,Otac na sluzbenom putu,1985,136.0,Drama,7.7,10774,https://www.imdb.com/title/tt0089748
tt0113762,The Mangler,The Mangler,1995,106.0,Drama,4.5,10767,https://www.imdb.com/title/tt0113762
tt6390668,Invisible Life,A Vida Invisível de Eurídice Gusmão,2019,139.0,Drama,7.7,10762,https://www.imdb.com/title/tt6390668
tt1038043,Mammoth,Mammoth,2009,125.0,Drama,6.8,10748,https://www.imdb.com/title/tt1038043
tt0093277,Ironweed,Ironweed,1987,143.0,Drama,6.7,10745,https://www.imdb.com/title/tt0093277
tt1531924,The Disappearance of Eleanor Rigby: Him,The Disappearance of Eleanor Rigby: Him,2013,89.0,Drama,6.8,10742,https://www.imdb.com/title/tt1531924
tt0817225,Secret Sunshine,Miryang,2007,142.0,Drama,7.5,10726,https://www.imdb.com/title/tt0817225
tt0082329,Endless Love,Endless Love,1981,116.0,Drama,4.9,10724,https://www.imdb.com/title/tt0082329
tt8185182,Long Day's Journey Into Night,Diqiu zuihou de yewan,2018,138.0,Drama,7.1,10715,https://www.imdb.com/title/tt8185182
tt8902990,The Sky Is Pink,The Sky Is Pink,2019,143.0,Drama,7.6,10713,https://www.imdb.com/title/tt8902990
tt14506528,Along for the Ride,Along for the Ride,2022,106.0,Drama,6.2,10708,https://www.imdb.com/title/tt14506528
tt2749296,The Beautiful Risk,The Beautiful Risk,2013,91.0,Drama,5.5,10707,https://www.imdb.com/title/tt2749296
tt6841122,Summerland,Summerland,2020,99.0,Drama,7.1,10704,https://www.imdb.com/title/tt6841122
tt1298554,Eva,Eva,2011,94.0,Drama,6.6,10697,https://www.imdb.com/title/tt1298554
tt0111112,The Secret of Roan Inish,The Secret of Roan Inish,1994,103.0,Drama,7.4,10697,https://www.imdb.com/title/tt0111112
tt1059925,According to Greta,Greta,2009,92.0,Drama,6.1,10680,https://www.imdb.com/title/tt1059925
tt8426594,The Wind,The Wind,2018,88.0,Drama,5.6,10679,https://www.imdb.com/title/tt8426594
tt0093206,Red Sorghum,Hong gao liang,1988,91.0,Drama,7.3,10679,https://www.imdb.com/title/tt0093206
tt1929308,Magic Magic,Magic Magic,2013,97.0,Drama,5.0,10671,https://www.imdb.com/title/tt1929308
tt0094712,Bat*21,Bat*21,1988,105.0,Drama,6.5,10652,https://www.imdb.com/title/tt0094712
tt0114057,Othello,Othello,1995,123.0,Drama,6.8,10650,https://www.imdb.com/title/tt0114057
tt0926380,The Boys Are Back,The Boys Are Back,2009,104.0,Drama,6.8,10649,https://www.imdb.com/title/tt0926380
tt0102443,A Midnight Clear,A Midnight Clear,1992,108.0,Drama,7.1,10645,https://www.imdb.com/title/tt0102443
tt2182972,Song One,Song One,2014,86.0,Drama,5.8,10645,https://www.imdb.com/title/tt2182972
tt0092576,StageFright,Deliria,1987,90.0,Drama,6.6,10635,https://www.imdb.com/title/tt0092576
tt23334616,Last Call for Istanbul,Istanbul Için Son Çagri,2023,91.0,Drama,5.3,10631,https://www.imdb.com/title/tt23334616
tt0188030,Butterfly,La lengua de las mariposas,1999,96.0,Drama,7.6,10619,https://www.imdb.com/title/tt0188030
tt3026488,Alone in Berlin,Alone in Berlin,2016,103.0,Drama,6.5,10618,https://www.imdb.com/title/tt3026488
tt0216986,Propaganda,Propaganda,1999,120.0,Drama,7.1,10606,https://www.imdb.com/title/tt0216986
tt19719836,Return to Seoul,Retour à Séoul,2022,119.0,Drama,6.9,10600,https://www.imdb.com/title/tt19719836
tt0291172,The Son,Le fils,2002,103.0,Drama,7.5,10575,https://www.imdb.com/title/tt0291172
tt3655522,Girlhood,Bande de filles,2014,113.0,Drama,6.9,10560,https://www.imdb.com/title/tt3655522
tt0996605,Love Songs,Les chansons d'amour,2007,91.0,Drama,7.0,10557,https://www.imdb.com/title/tt0996605
tt2325977,Strangerland,Strangerland,2015,112.0,Drama,5.2,10548,https://www.imdb.com/title/tt2325977
tt1220214,Heartless,Heartless,2009,114.0,Drama,5.9,10547,https://www.imdb.com/title/tt1220214
tt0101428,La belle noiseuse,La belle noiseuse,1991,238.0,Drama,7.5,10535,https://www.imdb.com/title/tt0101428
tt11617052,Undine,Undine,2020,91.0,Drama,6.6,10535,https://www.imdb.com/title/tt11617052
tt1707392,Lovely Molly,Lovely Molly,2011,99.0,Drama,5.3,10520,https://www.imdb.com/title/tt1707392
tt0100469,The Reflecting Skin,The Reflecting Skin,1990,96.0,Drama,6.7,10505,https://www.imdb.com/title/tt0100469
tt13968674,Fingernails,Fingernails,2023,113.0,Drama,5.8,10501,https://www.imdb.com/title/tt13968674
tt0361309,We Don't Live Here Anymore,We Don't Live Here Anymore,2004,101.0,Drama,6.2,10500,https://www.imdb.com/title/tt0361309
tt8846176,Concrete Cowboy,Concrete Cowboy,2020,111.0,Drama,6.3,10497,https://www.imdb.com/title/tt8846176
tt0101984,Guilty by Suspicion,Guilty by Suspicion,1991,105.0,Drama,6.6,10490,https://www.imdb.com/title/tt0101984
tt0267248,Abandon,Abandon,2002,99.0,Drama,4.8,10489,https://www.imdb.com/title/tt0267248
tt1965308,Interreflections,Interreflections,2020,165.0,Drama,5.7,10482,https://www.imdb.com/title/tt1965308
tt1045655,The Haunting of Molly Hartley,The Haunting of Molly Hartley,2008,85.0,Drama,3.9,10466,https://www.imdb.com/title/tt1045655
tt9793334,Athiran,Athiran,2019,136.0,Drama,6.7,10460,https://www.imdb.com/title/tt9793334
tt0384814,Ask the Dust,Ask the Dust,2006,117.0,Drama,5.7,10459,https://www.imdb.com/title/tt0384814
tt0926759,The First Day of the Rest of Your Life,Le premier jour du reste de ta vie,2008,114.0,Drama,7.5,10456,https://www.imdb.com/title/tt0926759
tt0093509,Matewan,Matewan,1987,135.0,Drama,7.9,10451,https://www.imdb.com/title/tt0093509
tt6720802,Trance,Trance,2020,170.0,Drama,7.3,10444,https://www.imdb.com/title/tt6720802
tt19864828,Memory,Memory,2023,103.0,Drama,6.7,10442,https://www.imdb.com/title/tt19864828
tt0373024,Imaginary Heroes,Imaginary Heroes,2004,111.0,Drama,7.0,10400,https://www.imdb.com/title/tt0373024
tt4323594,I'm No Longer Here,Ya no estoy aquí,2019,112.0,Drama,7.3,10395,https://www.imdb.com/title/tt4323594
tt10300570,Kadaisi Vivasayi,Kadaisi Vivasayi,2021,122.0,Drama,8.7,10391,https://www.imdb.com/title/tt10300570
tt0102116,The Indian Runner,The Indian Runner,1991,127.0,Drama,6.9,10391,https://www.imdb.com/title/tt0102116
tt0171359,Hamlet,Hamlet,2000,112.0,Drama,5.9,10390,https://www.imdb.com/title/tt0171359
tt6483364,Teen Spirit,Teen Spirit,2018,93.0,Drama,6.1,10377,https://www.imdb.com/title/tt6483364
tt13885320,India Lockdown,India Lockdown,2022,117.0,Drama,7.1,10371,https://www.imdb.com/title/tt13885320
tt0116353,Foxfire,Foxfire,1996,102.0,Drama,6.2,10369,https://www.imdb.com/title/tt0116353
tt2611652,Virgin Mountain,Fúsi,2015,94.0,Drama,7.4,10364,https://www.imdb.com/title/tt2611652
tt0080408,Bad Timing,Bad Timing,1980,123.0,Drama,6.9,10361,https://www.imdb.com/title/tt0080408
tt13423846,321 Action,321 Action,2020,100.0,Drama,1.0,10333,https://www.imdb.com/title/tt13423846
tt22773644,The Dead Don't Hurt,The Dead Don't Hurt,2023,129.0,Drama,6.4,10304,https://www.imdb.com/title/tt22773644
tt2978462,Dolphin Tale 2,Dolphin Tale 2,2014,107.0,Drama,6.4,10298,https://www.imdb.com/title/tt2978462
tt7095482,The Candidate,El reino,2018,132.0,Drama,7.1,10284,https://www.imdb.com/title/tt7095482
tt8767908,Matthias & Maxime,Matthias et Maxime,2019,119.0,Drama,6.8,10264,https://www.imdb.com/title/tt8767908
tt1393746,Aftershock,Tang shan da di zhen,2010,135.0,Drama,7.5,10257,https://www.imdb.com/title/tt1393746
tt0889588,The Children of Huang Shi,The Children of Huang Shi,2008,125.0,Drama,7.0,10233,https://www.imdb.com/title/tt0889588
tt3463106,The Cured,The Cured,2017,95.0,Drama,5.6,10214,https://www.imdb.com/title/tt3463106
tt0445939,The Burrowers,The Burrowers,2008,96.0,Drama,5.7,10193,https://www.imdb.com/title/tt0445939
tt1442519,The Hedgehog,Le Hérisson,2009,100.0,Drama,7.3,10178,https://www.imdb.com/title/tt1442519
tt0343996,The Lost City,The Lost City,2005,144.0,Drama,6.5,10173,https://www.imdb.com/title/tt0343996
tt0408017,Everything About Mustafa,Mustafa Hakkinda Hersey,2004,119.0,Drama,7.5,10167,https://www.imdb.com/title/tt0408017
tt0830570,I Can't Think Straight,I Can't Think Straight,2008,82.0,Drama,6.4,10154,https://www.imdb.com/title/tt0830570
tt1838520,The Truth About Emanuel,The Truth About Emanuel,2013,95.0,Drama,6.0,10144,https://www.imdb.com/title/tt1838520
tt1592303,Ask Your Heart,Yüregine Sor,2010,115.0,Drama,7.9,10142,https://www.imdb.com/title/tt1592303
tt0282599,Il Mare,Siworae,2000,105.0,Drama,7.5,10127,https://www.imdb.com/title/tt0282599
tt3720788,The Disappearance of Eleanor Rigby: Her,The Disappearance of Eleanor Rigby: Her,2013,100.0,Drama,6.8,10115,https://www.imdb.com/title/tt3720788
tt1728196,Hara-Kiri: Death of a Samurai,Ichimei,2011,128.0,Drama,7.3,10104,https://www.imdb.com/title/tt1728196
tt4399952,The Lodgers,The Lodgers,2017,92.0,Drama,5.1,10103,https://www.imdb.com/title/tt4399952
tt9257484,Rattlesnake,Rattlesnake,2019,85.0,Drama,4.7,10089,https://www.imdb.com/title/tt9257484
tt0437407,Parineeta,Parineeta,2005,130.0,Drama,7.2,10085,https://www.imdb.com/title/tt0437407
tt1535467,Patiala House,Patiala House,2011,140.0,Drama,5.7,10078,https://www.imdb.com/title/tt1535467
tt0273689,It's All About Love,It's All About Love,2003,106.0,Drama,5.3,10059,https://www.imdb.com/title/tt0273689
tt0120603,Beloved,Beloved,1998,172.0,Drama,6.1,10043,https://www.imdb.com/title/tt0120603
tt9204204,Little Joe,Little Joe,2019,105.0,Drama,5.8,10028,https://www.imdb.com/title/tt9204204
tt0092843,The Dead,The Dead,1987,83.0,Drama,7.2,10009,https://www.imdb.com/title/tt0092843
tt9048804,Birth/Rebirth,Birth/Rebirth,2023,98.0,Drama,6.2,9996,https://www.imdb.com/title/tt9048804
tt1976989,Love and Honor,Love and Honor,2013,100.0,Drama,5.7,9994,https://www.imdb.com/title/tt1976989
tt4034452,Hyena Road,Hyena Road,2015,120.0,Drama,6.5,9991,https://www.imdb.com/title/tt4034452
tt1319704,Chatroom,Chatroom,2010,97.0,Drama,5.4,9991,https://www.imdb.com/title/tt1319704
tt0091142,Gothic,Gothic,1986,87.0,Drama,5.7,9986,https://www.imdb.com/title/tt0091142
tt0772168,Grace Is Gone,Grace Is Gone,2007,85.0,Drama,6.7,9971,https://www.imdb.com/title/tt0772168
tt0244870,Spiral,Uzumaki,2000,90.0,Drama,6.1,9969,https://www.imdb.com/title/tt0244870
tt29242846,The Children's Train,Il treno dei bambini,2024,106.0,Drama,7.4,9968,https://www.imdb.com/title/tt29242846
tt8800266,Ema,Ema,2019,107.0,Drama,6.7,9965,https://www.imdb.com/title/tt8800266
tt8482584,12 Mighty Orphans,12 Mighty Orphans,2021,118.0,Drama,6.9,9962,https://www.imdb.com/title/tt8482584
tt12573480,Hold Your Breath,Hold Your Breath,2024,94.0,Drama,5.3,9959,https://www.imdb.com/title/tt12573480
tt0084390,The Ballad of Narayama,Narayama bushikô,1983,130.0,Drama,7.8,9952,https://www.imdb.com/title/tt0084390
tt0468526,Old Joy,Old Joy,2006,76.0,Drama,6.8,9950,https://www.imdb.com/title/tt0468526
tt18561380,Müjde,Müjde,2022,48.0,Drama,1.2,9948,https://www.imdb.com/title/tt18561380
tt0385277,The Music Man,Santouri,2007,107.0,Drama,7.5,9940,https://www.imdb.com/title/tt0385277
tt0201485,The Body,The Body,2001,109.0,Drama,5.4,9934,https://www.imdb.com/title/tt0201485
tt10274284,Girl Lost: A Hollywood Story,Girl Lost: A Hollywood Story,2020,90.0,Drama,5.2,9930,https://www.imdb.com/title/tt10274284
tt1879030,Desire,Q,2011,103.0,Drama,5.4,9910,https://www.imdb.com/title/tt1879030
tt35766629,Goodbye June,Goodbye June,2025,114.0,Drama,6.7,9906,https://www.imdb.com/title/tt35766629
tt3563262,Submergence,Submergence,2017,112.0,Drama,5.4,9904,https://www.imdb.com/title/tt3563262
tt1666335,The Calling,The Calling,2014,108.0,Drama,5.9,9900,https://www.imdb.com/title/tt1666335
tt0368913,Osama,Osama,2003,83.0,Drama,7.3,9898,https://www.imdb.com/title/tt0368913
tt2714380,The Remaining,The Remaining,2014,88.0,Drama,4.3,9898,https://www.imdb.com/title/tt2714380
tt11992424,Saptha Sagaradaache Ello - Side A,Sapta Sagaradaache Ello: Side A,2023,142.0,Drama,8.2,9897,https://www.imdb.com/title/tt11992424
tt2018069,Our House,Our House,2018,90.0,Drama,5.3,9896,https://www.imdb.com/title/tt2018069
tt29606526,The Girlfriend,The Girlfriend,2025,138.0,Drama,6.5,9893,https://www.imdb.com/title/tt29606526
tt0242888,The Sleeping Dictionary,The Sleeping Dictionary,2003,109.0,Drama,6.5,9887,https://www.imdb.com/title/tt0242888
tt1382725,The Round Up,La rafle,2010,115.0,Drama,7.1,9886,https://www.imdb.com/title/tt1382725
tt1037850,Secret,Bu Neng Shuo De. Mi Mi,2007,101.0,Drama,7.5,9884,https://www.imdb.com/title/tt1037850
tt9185066,Human Capital,Human Capital,2019,98.0,Drama,5.7,9867,https://www.imdb.com/title/tt9185066
tt0150216,Cradle Will Rock,Cradle Will Rock,1999,132.0,Drama,6.7,9867,https://www.imdb.com/title/tt0150216
tt1226232,The Greatest,The Greatest,2009,99.0,Drama,6.6,9856,https://www.imdb.com/title/tt1226232
tt0120613,A Walk on the Moon,A Walk on the Moon,1999,107.0,Drama,6.6,9854,https://www.imdb.com/title/tt0120613
tt1532958,Battle of the Year,Battle of the Year,2013,110.0,Drama,5.0,9852,https://www.imdb.com/title/tt1532958
tt2054790,Age of Uprising: The Legend of Michael Kohlhaas,Michael Kohlhaas,2013,122.0,Drama,6.1,9838,https://www.imdb.com/title/tt2054790
tt8786654,Payback,Payback,2021,91.0,Drama,5.1,9831,https://www.imdb.com/title/tt8786654
tt0090917,Deadly Friend,Deadly Friend,1986,91.0,Drama,5.6,9820,https://www.imdb.com/title/tt0090917
tt0209189,Not One Less,Yi ge dou bu neng shao,1999,106.0,Drama,7.7,9816,https://www.imdb.com/title/tt0209189
tt1657510,Gimme Shelter,Gimme Shelter,2013,101.0,Drama,6.4,9811,https://www.imdb.com/title/tt1657510
tt0103251,White Palace,White Palace,1990,103.0,Drama,6.5,9805,https://www.imdb.com/title/tt0103251
tt0107209,"Faraway, So Close!","In weiter Ferne, so nah!",1993,140.0,Drama,7.2,9804,https://www.imdb.com/title/tt0107209
tt4105970,They Look Like People,They Look Like People,2015,80.0,Drama,5.8,9802,https://www.imdb.com/title/tt4105970
tt5005684,The New Classmate,Nil Battey Sannata,2015,100.0,Drama,8.2,9797,https://www.imdb.com/title/tt5005684
tt10329134,Your Name Engraved Herein,Ke zai ni xin di de ming zi,2020,118.0,Drama,7.3,9791,https://www.imdb.com/title/tt10329134
tt0112679,Circle of Friends,Circle of Friends,1995,103.0,Drama,6.6,9782,https://www.imdb.com/title/tt0112679
tt0155388,The Winslow Boy,The Winslow Boy,1999,104.0,Drama,7.3,9780,https://www.imdb.com/title/tt0155388
tt1068956,In the Name of God,Khuda Kay Liye,2007,168.0,Drama,8.3,9753,https://www.imdb.com/title/tt1068956
tt1718903,StreetDance 2,StreetDance 2,2012,85.0,Drama,5.6,9751,https://www.imdb.com/title/tt1718903
tt2395417,Still Life,Still Life,2013,92.0,Drama,7.4,9746,https://www.imdb.com/title/tt2395417
tt2315152,A Werewolf Boy,Neuk-dae-so-nyeon,2012,127.0,Drama,7.2,9741,https://www.imdb.com/title/tt2315152
tt10843306,The Beach House,The Beach House,2019,88.0,Drama,5.3,9740,https://www.imdb.com/title/tt10843306
tt8011276,Laila Majnu,Laila Majnu,2018,140.0,Drama,7.6,9729,https://www.imdb.com/title/tt8011276
tt0094799,"Bright Lights, Big City","Bright Lights, Big City",1988,107.0,Drama,5.7,9728,https://www.imdb.com/title/tt0094799
tt3638396,Closet Monster,Closet Monster,2015,90.0,Drama,7.0,9710,https://www.imdb.com/title/tt3638396
tt8128188,High Flying Bird,High Flying Bird,2019,90.0,Drama,6.2,9683,https://www.imdb.com/title/tt8128188
tt0360130,Undertow,Undertow,2004,108.0,Drama,6.5,9677,https://www.imdb.com/title/tt0360130
tt0087100,Crimes of Passion,Crimes of Passion,1984,107.0,Drama,6.4,9676,https://www.imdb.com/title/tt0087100
tt2190367,Neighboring Sounds,O Som ao Redor,2012,131.0,Drama,7.1,9676,https://www.imdb.com/title/tt2190367
tt0086510,Under Fire,Under Fire,1983,128.0,Drama,7.0,9664,https://www.imdb.com/title/tt0086510
tt0099902,Ju Dou,Ju Dou,1990,95.0,Drama,7.6,9655,https://www.imdb.com/title/tt0099902
tt7541720,Music,Music,2021,107.0,Drama,3.2,9650,https://www.imdb.com/title/tt7541720
tt3344694,The Secret Scripture,The Secret Scripture,2016,108.0,Drama,6.7,9645,https://www.imdb.com/title/tt3344694
tt19623228,Godland,Vanskabte land,2022,143.0,Drama,7.1,9628,https://www.imdb.com/title/tt19623228
tt0085475,Eddie and the Cruisers,Eddie and the Cruisers,1983,95.0,Drama,6.9,9622,https://www.imdb.com/title/tt0085475
tt0110146,Intersection,Intersection,1994,98.0,Drama,5.4,9599,https://www.imdb.com/title/tt0110146
tt0488905,The Banishment,Izgnanie,2007,157.0,Drama,7.5,9579,https://www.imdb.com/title/tt0488905
tt3909336,Worlds Apart,Enas allos kosmos,2015,113.0,Drama,7.3,9570,https://www.imdb.com/title/tt3909336
tt0082370,The Woman Next Door,La femme d'à côté,1981,106.0,Drama,7.2,9561,https://www.imdb.com/title/tt0082370
tt0367153,Toolbox Murders,Toolbox Murders,2004,95.0,Drama,5.3,9557,https://www.imdb.com/title/tt0367153
tt7142506,Sir,Sir,2018,99.0,Drama,7.7,9555,https://www.imdb.com/title/tt7142506
tt0417189,Time to Leave,Le temps qui reste,2005,81.0,Drama,7.1,9555,https://www.imdb.com/title/tt0417189
tt0330843,Saathiya,Saathiya,2002,138.0,Drama,6.8,9543,https://www.imdb.com/title/tt0330843
tt2708254,Life of a King,Life of a King,2013,100.0,Drama,6.9,9539,https://www.imdb.com/title/tt2708254
tt7180544,The Brawler,Mukkabaaz,2017,154.0,Drama,8.0,9521,https://www.imdb.com/title/tt7180544
tt1138489,Personal Effects,Personal Effects,2009,111.0,Drama,6.2,9513,https://www.imdb.com/title/tt1138489
tt6933454,Puzzle,Puzzle,2018,103.0,Drama,6.7,9505,https://www.imdb.com/title/tt6933454
tt2141751,God Help the Girl,God Help the Girl,2014,112.0,Drama,6.4,9504,https://www.imdb.com/title/tt2141751
tt2616810,Blind,Blind,2014,96.0,Drama,6.8,9497,https://www.imdb.com/title/tt2616810
tt1753813,"Farewell, My Queen",Les adieux à la reine,2012,100.0,Drama,6.2,9495,https://www.imdb.com/title/tt1753813
tt1368440,Branded,Branded,2012,106.0,Drama,4.6,9492,https://www.imdb.com/title/tt1368440
tt0233841,Baran,Baran,2001,94.0,Drama,7.7,9490,https://www.imdb.com/title/tt0233841
tt32204858,Late Shift,Heldin,2025,92.0,Drama,7.7,9483,https://www.imdb.com/title/tt32204858
tt2936180,Far from Men,Loin des hommes,2014,101.0,Drama,7.2,9482,https://www.imdb.com/title/tt2936180
tt2624412,Boulevard,Boulevard,2014,88.0,Drama,5.8,9479,https://www.imdb.com/title/tt2624412
tt15282148,A Beautiful Life,A Beautiful Life,2023,98.0,Drama,6.4,9479,https://www.imdb.com/title/tt15282148
tt0259072,A Time for Drunken Horses,Zamani baray-e masti-e asbha,2000,80.0,Drama,7.7,9475,https://www.imdb.com/title/tt0259072
tt15452062,Cairo Conspiracy,Walad min al-Janna,2022,126.0,Drama,6.9,9462,https://www.imdb.com/title/tt15452062
tt0865297,The Black Balloon,The Black Balloon,2008,97.0,Drama,7.2,9451,https://www.imdb.com/title/tt0865297
tt11930126,Alcarràs,Alcarràs,2022,120.0,Drama,7.0,9448,https://www.imdb.com/title/tt11930126
tt0458455,Pope Joan,Die Päpstin,2009,149.0,Drama,6.7,9437,https://www.imdb.com/title/tt0458455
tt0100680,Stanley & Iris,Stanley & Iris,1990,104.0,Drama,6.4,9434,https://www.imdb.com/title/tt0100680
tt1186369,Lorna's Silence,Le silence de Lorna,2008,105.0,Drama,7.1,9431,https://www.imdb.com/title/tt1186369
tt30852384,All of You,All of You,2024,98.0,Drama,6.3,9428,https://www.imdb.com/title/tt30852384
tt1891757,Bol,Bol,2011,165.0,Drama,8.2,9424,https://www.imdb.com/title/tt1891757
tt1235170,The Future,The Future,2011,91.0,Drama,6.1,9423,https://www.imdb.com/title/tt1235170
tt4083572,Urge,Urge,2016,89.0,Drama,4.3,9409,https://www.imdb.com/title/tt4083572
tt0445054,7 Days,Les 7 jours du talion,2010,105.0,Drama,6.5,9402,https://www.imdb.com/title/tt0445054
tt11286640,Nowhere Special,Nowhere Special,2020,96.0,Drama,7.4,9396,https://www.imdb.com/title/tt11286640
tt27540185,Chithha,Chithha,2023,140.0,Drama,8.2,9396,https://www.imdb.com/title/tt27540185
tt0107322,King of the Hill,King of the Hill,1993,103.0,Drama,7.3,9394,https://www.imdb.com/title/tt0107322
tt2674430,Approaching the Unknown,Approaching the Unknown,2016,90.0,Drama,4.9,9373,https://www.imdb.com/title/tt2674430
tt2334733,Madame Bovary,Madame Bovary,2014,118.0,Drama,5.7,9370,https://www.imdb.com/title/tt2334733
tt5294522,Dreamland,Dreamland,2019,98.0,Drama,5.9,9364,https://www.imdb.com/title/tt5294522
tt1530983,Red Hill,Red Hill,2010,95.0,Drama,6.3,9363,https://www.imdb.com/title/tt1530983
tt0118698,Bent,Bent,1997,105.0,Drama,7.1,9352,https://www.imdb.com/title/tt0118698
tt22023218,You'll Never Find Me,You'll Never Find Me,2023,100.0,Drama,5.8,9342,https://www.imdb.com/title/tt22023218
tt0086543,The 4th Man,De vierde man,1983,102.0,Drama,7.1,9342,https://www.imdb.com/title/tt0086543
tt0151691,My Name Is Joe,My Name Is Joe,1998,105.0,Drama,7.4,9332,https://www.imdb.com/title/tt0151691
tt1629242,Careful What You Wish For,Careful What You Wish For,2015,91.0,Drama,5.6,9327,https://www.imdb.com/title/tt1629242
tt0984200,Incendiary,Incendiary,2008,96.0,Drama,5.8,9298,https://www.imdb.com/title/tt0984200
tt0195778,Here on Earth,Here on Earth,2000,96.0,Drama,5.2,9291,https://www.imdb.com/title/tt0195778
tt0112445,The White Balloon,Badkonake sefid,1995,85.0,Drama,7.6,9284,https://www.imdb.com/title/tt0112445
tt0119590,Ma vie en rose,Ma vie en rose,1997,88.0,Drama,7.5,9278,https://www.imdb.com/title/tt0119590
tt21810682,The End We Start From,The End We Start From,2023,102.0,Drama,5.8,9270,https://www.imdb.com/title/tt21810682
tt7985692,After the Wedding,After the Wedding,2019,112.0,Drama,6.3,9267,https://www.imdb.com/title/tt7985692
tt0119506,Lawn Dogs,Lawn Dogs,1997,101.0,Drama,7.4,9264,https://www.imdb.com/title/tt0119506
tt1692504,We Are the Night,Wir sind die Nacht,2010,99.0,Drama,6.2,9260,https://www.imdb.com/title/tt1692504
tt0098437,The Winter War,Talvisota,1989,199.0,Drama,7.5,9240,https://www.imdb.com/title/tt0098437
tt0099747,Havana,Havana,1990,144.0,Drama,6.1,9236,https://www.imdb.com/title/tt0099747
tt0115644,Bed of Roses,Bed of Roses,1996,87.0,Drama,6.1,9224,https://www.imdb.com/title/tt0115644
tt0443527,The Hamiltons,The Hamiltons,2006,86.0,Drama,5.0,9220,https://www.imdb.com/title/tt0443527
tt1418646,Beneath Hill 60,Beneath Hill 60,2010,122.0,Drama,7.0,9218,https://www.imdb.com/title/tt1418646
tt32084246,Mary,Mary,2024,112.0,Drama,5.3,9215,https://www.imdb.com/title/tt32084246
tt4682804,Lucy in the Sky,Lucy in the Sky,2019,124.0,Drama,4.9,9211,https://www.imdb.com/title/tt4682804
tt1296899,Wake Wood,Wake Wood,2009,90.0,Drama,5.5,9208,https://www.imdb.com/title/tt1296899
tt1092082,Passchendaele,Passchendaele,2008,114.0,Drama,6.4,9201,https://www.imdb.com/title/tt1092082
tt0326835,Dot the I,Dot the I,2003,92.0,Drama,6.7,9183,https://www.imdb.com/title/tt0326835
tt5897636,Summer 1993,Estiu 1993,2017,97.0,Drama,7.1,9164,https://www.imdb.com/title/tt5897636
tt2187115,Child's Pose,Pozitia copilului,2013,112.0,Drama,7.3,9163,https://www.imdb.com/title/tt2187115
tt7947604,In from the Side,In from the Side,2022,134.0,Drama,6.7,9158,https://www.imdb.com/title/tt7947604
tt28494851,Stolen,Stolen,2023,92.0,Drama,7.5,9157,https://www.imdb.com/title/tt28494851
tt0391891,Cruel Intentions 3,Cruel Intentions 3,2004,85.0,Drama,4.6,9153,https://www.imdb.com/title/tt0391891
tt9264728,What Lies Below,What Lies Below,2020,87.0,Drama,4.4,9147,https://www.imdb.com/title/tt9264728
tt1396221,Passion Play,Passion Play,2010,94.0,Drama,4.5,9145,https://www.imdb.com/title/tt1396221
tt1278379,Jack Goes Boating,Jack Goes Boating,2010,89.0,Drama,6.3,9137,https://www.imdb.com/title/tt1278379
tt1541874,Love,Love,2011,84.0,Drama,5.4,9133,https://www.imdb.com/title/tt1541874
tt1986202,Whispers,Whispers,2015,89.0,Drama,4.0,9118,https://www.imdb.com/title/tt1986202
tt5462288,Rockaway,Rockaway,2017,90.0,Drama,6.3,9115,https://www.imdb.com/title/tt5462288
tt15683734,It Lives Inside,It Lives Inside,2023,99.0,Drama,5.2,9114,https://www.imdb.com/title/tt15683734
tt12829958,The Old Ways,The Old Ways,2020,90.0,Drama,5.4,9110,https://www.imdb.com/title/tt12829958
tt0301978,Ten,Dah,2002,94.0,Drama,7.4,9105,https://www.imdb.com/title/tt0301978
tt10931784,Nanny,Nanny,2022,99.0,Drama,5.3,9102,https://www.imdb.com/title/tt10931784
tt0120112,She's So Lovely,She's So Lovely,1997,100.0,Drama,5.9,9096,https://www.imdb.com/title/tt0120112
tt1560970,Neds,Neds,2010,124.0,Drama,6.9,9090,https://www.imdb.com/title/tt1560970
tt1371630,Air Doll,Kûki ningyô,2009,125.0,Drama,6.9,9087,https://www.imdb.com/title/tt1371630
tt0090319,White Nights,White Nights,1985,136.0,Drama,6.7,9081,https://www.imdb.com/title/tt0090319
tt0099691,Graffiti Bridge,Graffiti Bridge,1990,90.0,Drama,4.7,9072,https://www.imdb.com/title/tt0099691
tt0470000,Wicked Little Things,Wicked Little Things,2006,94.0,Drama,5.0,9063,https://www.imdb.com/title/tt0470000
tt0084445,One from the Heart,One from the Heart,1981,107.0,Drama,6.5,9053,https://www.imdb.com/title/tt0084445
tt0432289,First Snow,First Snow,2006,101.0,Drama,6.2,9050,https://www.imdb.com/title/tt0432289
tt1440741,From Beginning to End,Do Começo ao Fim,2009,94.0,Drama,6.6,9044,https://www.imdb.com/title/tt1440741
tt13482828,One Fine Morning,Un beau matin,2022,112.0,Drama,6.9,9036,https://www.imdb.com/title/tt13482828
tt9735470,Little Fish,Little Fish,2020,101.0,Drama,7.0,9030,https://www.imdb.com/title/tt9735470
tt1613062,The Music Never Stopped,The Music Never Stopped,2011,105.0,Drama,7.5,9010,https://www.imdb.com/title/tt1613062
tt0117398,The Promise,La promesse,1996,90.0,Drama,7.7,9001,https://www.imdb.com/title/tt0117398
tt1135952,White Material,White Material,2009,106.0,Drama,6.9,8993,https://www.imdb.com/title/tt1135952
tt4273886,The Beauty Inside,Byuti insaideu,2015,127.0,Drama,7.3,8986,https://www.imdb.com/title/tt4273886
tt0101590,Class Action,Class Action,1991,110.0,Drama,6.4,8982,https://www.imdb.com/title/tt0101590
tt2543336,The Harvest,The Harvest,2013,104.0,Drama,6.1,8980,https://www.imdb.com/title/tt2543336
tt0290210,Max,Max,2002,106.0,Drama,6.4,8978,https://www.imdb.com/title/tt0290210
tt20212786,The Shrouds,The Shrouds,2024,120.0,Drama,5.7,8977,https://www.imdb.com/title/tt20212786
tt0109306,Blue Sky,Blue Sky,1994,101.0,Drama,6.4,8977,https://www.imdb.com/title/tt0109306
tt0117905,Comrades: Almost a Love Story,Tian mi mi,1996,118.0,Drama,8.1,8970,https://www.imdb.com/title/tt0117905
tt2400283,What If...,An...,2012,111.0,Drama,6.9,8961,https://www.imdb.com/title/tt2400283
tt15115280,Sundown,Sundown,2021,82.0,Drama,6.5,8961,https://www.imdb.com/title/tt15115280
tt2510028,Frontera,Frontera,2014,103.0,Drama,6.6,8954,https://www.imdb.com/title/tt2510028
tt5113010,The Beautiful Game,The Beautiful Game,2024,125.0,Drama,6.3,8951,https://www.imdb.com/title/tt5113010
tt0262432,George Washington,George Washington,2000,89.0,Drama,7.2,8949,https://www.imdb.com/title/tt0262432
tt0119079,Onegin,Onegin,1999,106.0,Drama,6.8,8945,https://www.imdb.com/title/tt0119079
tt17196124,Grimcutty,Grimcutty,2022,101.0,Drama,4.3,8944,https://www.imdb.com/title/tt17196124
tt1043451,Delhi-6,Delhi-6,2009,141.0,Drama,6.2,8941,https://www.imdb.com/title/tt1043451
tt0155722,Gloomy Sunday,Gloomy Sunday - Ein Lied von Liebe und Tod,1999,112.0,Drama,7.8,8939,https://www.imdb.com/title/tt0155722
tt0242256,Alai Payuthey,Alai Payuthey,2000,156.0,Drama,8.3,8935,https://www.imdb.com/title/tt0242256
tt6423362,The Sun Is Also a Star,The Sun Is Also a Star,2019,100.0,Drama,5.9,8934,https://www.imdb.com/title/tt6423362
tt16118524,Baby,Baby,2023,175.0,Drama,7.0,8933,https://www.imdb.com/title/tt16118524
tt0330702,Don't Move,Non ti muovere,2004,125.0,Drama,7.0,8926,https://www.imdb.com/title/tt0330702
tt0255111,Dhadkan,Dhadkan,2000,161.0,Drama,6.5,8922,https://www.imdb.com/title/tt0255111
tt9648672,Street Dancer 3D,Street Dancer 3D,2020,146.0,Drama,3.8,8918,https://www.imdb.com/title/tt9648672
tt0124179,Two Girls and a Guy,Two Girls and a Guy,1997,84.0,Drama,5.5,8908,https://www.imdb.com/title/tt0124179
tt8914492,Game Over,Game Over,2019,102.0,Drama,6.9,8906,https://www.imdb.com/title/tt8914492
tt3469798,Órbita 9,Órbita 9,2017,95.0,Drama,5.9,8894,https://www.imdb.com/title/tt3469798
tt21397580,Suitable Flesh,Suitable Flesh,2023,100.0,Drama,5.3,8893,https://www.imdb.com/title/tt21397580
tt15010692,The Damned,The Damned,2024,89.0,Drama,5.7,8888,https://www.imdb.com/title/tt15010692
tt32495339,The Taj Story,The Taj Story,2025,165.0,Drama,5.1,8878,https://www.imdb.com/title/tt32495339
tt7737224,Turtles All the Way Down,Turtles All the Way Down,2024,111.0,Drama,6.6,8871,https://www.imdb.com/title/tt7737224
tt3954660,Suntan,Suntan,2016,104.0,Drama,6.6,8870,https://www.imdb.com/title/tt3954660
tt0778661,Daddy's Little Girls,Daddy's Little Girls,2007,100.0,Drama,5.9,8865,https://www.imdb.com/title/tt0778661
tt0758053,Saawariya,Saawariya,2007,142.0,Drama,5.2,8855,https://www.imdb.com/title/tt0758053
tt1389139,When the Bough Breaks,When the Bough Breaks,2016,107.0,Drama,5.2,8818,https://www.imdb.com/title/tt1389139
tt13648224,We're All Going to the World's Fair,We're All Going to the World's Fair,2021,86.0,Drama,5.4,8814,https://www.imdb.com/title/tt13648224
tt0104107,Diggstown,Diggstown,1992,98.0,Drama,6.9,8814,https://www.imdb.com/title/tt0104107
tt35705898,Jai Mata Ji: Let's Rock,Jai Mata Ji: Let's Rock,2025,118.0,Drama,6.9,8808,https://www.imdb.com/title/tt35705898
tt1169809,Book of Blood,Book of Blood,2009,100.0,Drama,5.3,8803,https://www.imdb.com/title/tt1169809
tt10272534,Lux Æterna,Lux Æterna,2019,51.0,Drama,6.2,8799,https://www.imdb.com/title/tt10272534
tt0165773,Felicia's Journey,Felicia's Journey,1999,116.0,Drama,7.0,8783,https://www.imdb.com/title/tt0165773
tt14775784,Great Freedom,Große Freiheit,2021,116.0,Drama,7.5,8780,https://www.imdb.com/title/tt14775784
tt7942742,Her Smell,Her Smell,2018,136.0,Drama,5.9,8769,https://www.imdb.com/title/tt7942742
tt15245268,Young Hearts,Young Hearts,2024,99.0,Drama,7.9,8768,https://www.imdb.com/title/tt15245268
tt3294200,The Falling,The Falling,2014,102.0,Drama,5.3,8767,https://www.imdb.com/title/tt3294200
tt5153956,Last Sentinel,Last Sentinel,2023,117.0,Drama,4.9,8753,https://www.imdb.com/title/tt5153956
tt5287168,Sami Blood,Sameblod,2016,110.0,Drama,7.3,8748,https://www.imdb.com/title/tt5287168
tt9663896,Asphalt City,Asphalt City,2023,125.0,Drama,6.1,8742,https://www.imdb.com/title/tt9663896
tt4056738,Do You Believe?,Do You Believe?,2015,120.0,Drama,6.1,8713,https://www.imdb.com/title/tt4056738
tt0113720,All Things Fair,Lust och fägring stor,1995,130.0,Drama,6.8,8703,https://www.imdb.com/title/tt0113720
tt4465572,American Woman,American Woman,2018,111.0,Drama,6.9,8701,https://www.imdb.com/title/tt4465572
tt6673840,Spacewalker,Vremya pervykh,2017,137.0,Drama,7.2,8697,https://www.imdb.com/title/tt6673840
tt0200720,The House of Mirth,The House of Mirth,2000,135.0,Drama,7.0,8686,https://www.imdb.com/title/tt0200720
tt3082854,The Commune,Kollektivet,2016,111.0,Drama,6.4,8685,https://www.imdb.com/title/tt3082854
tt0836700,Summer Hours,L'heure d'été,2008,103.0,Drama,7.1,8684,https://www.imdb.com/title/tt0836700
tt0088683,Agnes of God,Agnes of God,1985,98.0,Drama,6.6,8669,https://www.imdb.com/title/tt0088683
tt5474042,Half Girlfriend,Half Girlfriend,2017,135.0,Drama,4.7,8652,https://www.imdb.com/title/tt5474042
tt1885265,Good Deeds,Good Deeds,2012,110.0,Drama,5.7,8648,https://www.imdb.com/title/tt1885265
tt1244658,Burning Bright,Burning Bright,2010,89.0,Drama,5.8,8647,https://www.imdb.com/title/tt1244658
tt20114686,Femme,Femme,2023,99.0,Drama,7.3,8641,https://www.imdb.com/title/tt20114686
tt34896026,Legally Veer,Legally Veer,2024,142.0,Drama,6.2,8637,https://www.imdb.com/title/tt34896026
tt0387914,Innocent Voices,Voces inocentes,2004,120.0,Drama,7.8,8629,https://www.imdb.com/title/tt0387914
tt4516162,Martin Eden,Martin Eden,2019,129.0,Drama,7.0,8629,https://www.imdb.com/title/tt4516162
tt10675724,The Swarm,La nuée,2020,101.0,Drama,5.3,8621,https://www.imdb.com/title/tt10675724
tt1667354,The Painted Bird,Nabarvené ptáce,2019,169.0,Drama,7.3,8611,https://www.imdb.com/title/tt1667354
tt1660379,House of Tolerance,L'Apollonide (Souvenirs de la maison close),2011,122.0,Drama,6.7,8609,https://www.imdb.com/title/tt1660379
tt2640474,The House at the End of Time,La casa del fin de los tiempos,2013,101.0,Drama,6.7,8607,https://www.imdb.com/title/tt2640474
tt0428541,Five Fingers,Five Fingers,2006,87.0,Drama,6.3,8602,https://www.imdb.com/title/tt0428541
tt16565742,Hidden Blade,Wu ming,2023,128.0,Drama,6.3,8600,https://www.imdb.com/title/tt16565742
tt1196334,After Last Season,After Last Season,2009,93.0,Drama,1.6,8599,https://www.imdb.com/title/tt1196334
tt5985288,Sour Apples,Eksi Elmalar,2016,114.0,Drama,7.1,8598,https://www.imdb.com/title/tt5985288
tt2048770,I'll Follow You Down,I'll Follow You Down,2013,89.0,Drama,6.1,8590,https://www.imdb.com/title/tt2048770
tt0287803,Fate,Yazgi,2001,119.0,Drama,7.5,8589,https://www.imdb.com/title/tt0287803
tt0084565,Querelle,Querelle,1982,108.0,Drama,6.6,8576,https://www.imdb.com/title/tt0084565
tt0381429,Somersault,Somersault,2004,106.0,Drama,6.7,8574,https://www.imdb.com/title/tt0381429
tt1405500,For Colored Girls,For Colored Girls,2010,133.0,Drama,6.3,8572,https://www.imdb.com/title/tt1405500
tt1142798,The Family That Preys,The Family That Preys,2008,111.0,Drama,6.0,8568,https://www.imdb.com/title/tt1142798
tt4456982,No Deposit,No Deposit,2015,80.0,Drama,4.8,8562,https://www.imdb.com/title/tt4456982
tt3618822,The Big Fat Stone,The Big Fat Stone,2014,111.0,Drama,5.2,8561,https://www.imdb.com/title/tt3618822
tt0234837,Suzhou River,Suzhou he,2000,83.0,Drama,7.4,8547,https://www.imdb.com/title/tt0234837
tt13801462,Gandhi Godse Ek Yudh,Gandhi Godse Ek Yudh,2023,110.0,Drama,6.6,8545,https://www.imdb.com/title/tt13801462
tt8522820,The Warden,Sorkhpoost,2019,87.0,Drama,7.3,8536,https://www.imdb.com/title/tt8522820
tt0069049,The Other Side of the Wind,The Other Side of the Wind,2018,122.0,Drama,6.6,8524,https://www.imdb.com/title/tt0069049
tt14428598,Qala,Qala,2022,119.0,Drama,7.2,8523,https://www.imdb.com/title/tt14428598
tt1650453,I Wish,Kiseki,2011,128.0,Drama,7.4,8512,https://www.imdb.com/title/tt1650453
tt4814760,Here Alone,Here Alone,2016,98.0,Drama,5.6,8502,https://www.imdb.com/title/tt4814760
tt2620736,Jug Face,Jug Face,2013,81.0,Drama,5.3,8497,https://www.imdb.com/title/tt2620736
tt0368563,Possession,Possession,2009,85.0,Drama,5.4,8487,https://www.imdb.com/title/tt0368563
tt0117965,The Trigger Effect,The Trigger Effect,1996,94.0,Drama,5.7,8477,https://www.imdb.com/title/tt0117965
tt0089015,Desert Hearts,Desert Hearts,1985,91.0,Drama,7.1,8470,https://www.imdb.com/title/tt0089015
tt0213682,Taboo,Gohatto,1999,100.0,Drama,6.8,8470,https://www.imdb.com/title/tt0213682
tt8436026,A Fortunate Man,Lykke-Per,2018,162.0,Drama,7.2,8470,https://www.imdb.com/title/tt8436026
tt0430051,The Elementary Particles,Elementarteilchen,2006,113.0,Drama,6.5,8465,https://www.imdb.com/title/tt0430051
tt2374902,Metalhead,Málmhaus,2013,97.0,Drama,7.0,8461,https://www.imdb.com/title/tt2374902
tt0283283,Millennium Mambo,Qian xi man bo,2001,119.0,Drama,7.0,8455,https://www.imdb.com/title/tt0283283
tt2069100,The Third Half,Treto poluvreme,2012,113.0,Drama,7.4,8445,https://www.imdb.com/title/tt2069100
tt2353767,"1,000 Times Good Night",Tusen ganger god natt,2013,117.0,Drama,7.0,8436,https://www.imdb.com/title/tt2353767
tt1220213,Grace,Grace,2009,85.0,Drama,5.2,8434,https://www.imdb.com/title/tt1220213
tt7323600,Hagazussa,Hagazussa,2017,102.0,Drama,5.8,8432,https://www.imdb.com/title/tt7323600
tt0150433,Earth,Earth,1998,110.0,Drama,7.6,8425,https://www.imdb.com/title/tt0150433
tt0113725,Maborosi,Maboroshi no hikari,1995,110.0,Drama,7.5,8425,https://www.imdb.com/title/tt0113725
tt6896536,Foxtrot,Foxtrot,2017,113.0,Drama,7.2,8422,https://www.imdb.com/title/tt6896536
tt27722618,Left-Handed Girl,Zuopiezi nuhai,2025,108.0,Drama,7.3,8421,https://www.imdb.com/title/tt27722618
tt2893490,Manglehorn,Manglehorn,2014,97.0,Drama,5.5,8413,https://www.imdb.com/title/tt2893490
tt0088007,The River,The River,1984,124.0,Drama,6.3,8390,https://www.imdb.com/title/tt0088007
tt0364986,Ben & Arthur,Ben & Arthur,2002,85.0,Drama,1.9,8380,https://www.imdb.com/title/tt0364986
tt7738330,The Long Game,The Long Game,2023,112.0,Drama,6.7,8370,https://www.imdb.com/title/tt7738330
tt0300015,I Capture the Castle,I Capture the Castle,2003,113.0,Drama,6.8,8367,https://www.imdb.com/title/tt0300015
tt9147456,"Endings, Beginnings","Endings, Beginnings",2019,110.0,Drama,5.6,8363,https://www.imdb.com/title/tt9147456
tt0377800,Don't Come Knocking,Don't Come Knocking,2005,122.0,Drama,6.6,8363,https://www.imdb.com/title/tt0377800
tt8092252,Be with You,Jigeum mannareo gabmida,2018,132.0,Drama,7.7,8359,https://www.imdb.com/title/tt8092252
tt3346224,Zipper,Zipper,2015,112.0,Drama,5.8,8358,https://www.imdb.com/title/tt3346224
tt10189300,Lunana: A Yak in the Classroom,Lunana,2019,110.0,Drama,7.5,8339,https://www.imdb.com/title/tt10189300
tt0824330,Female Agents,Les femmes de l'ombre,2008,148.0,Drama,6.7,8333,https://www.imdb.com/title/tt0824330
tt4437216,Goat,Goat,2016,96.0,Drama,5.7,8330,https://www.imdb.com/title/tt4437216
tt32189846,Niram Marum Ulagil,Niram Marum Ulagil,2025,146.0,Drama,4.9,8329,https://www.imdb.com/title/tt32189846
tt3700392,Heidi,Heidi,2015,111.0,Drama,7.4,8328,https://www.imdb.com/title/tt3700392
tt1773764,Ship of Theseus,Ship of Theseus,2012,140.0,Drama,8.0,8322,https://www.imdb.com/title/tt1773764
tt21261388,Gargi,Gargi,2022,140.0,Drama,8.1,8317,https://www.imdb.com/title/tt21261388
tt4042818,The Death & Life of John F. Donovan,The Death & Life of John F. Donovan,2018,123.0,Drama,6.1,8312,https://www.imdb.com/title/tt4042818
tt0098573,Don't Let Them Shoot the Kite,Uçurtmayi Vurmasinlar,1989,90.0,Drama,8.2,8304,https://www.imdb.com/title/tt0098573
tt19465630,Sniper. The White Raven,Sniper. The White Raven,2022,111.0,Drama,6.4,8304,https://www.imdb.com/title/tt19465630
tt0084654,Veronika Voss,Die Sehnsucht der Veronika Voss,1982,104.0,Drama,7.6,8302,https://www.imdb.com/title/tt0084654
tt11423818,Pawankhind,Pawankhind,2022,153.0,Drama,8.3,8299,https://www.imdb.com/title/tt11423818
tt0381392,Ma mère,Ma mère,2004,110.0,Drama,4.9,8298,https://www.imdb.com/title/tt0381392
tt13650742,Suncoast,Suncoast,2024,109.0,Drama,6.7,8295,https://www.imdb.com/title/tt13650742
tt6964940,Skater Girl,Skater Girl,2021,107.0,Drama,6.7,8295,https://www.imdb.com/title/tt6964940
tt3417756,Shrew's Nest,Musarañas,2014,91.0,Drama,6.7,8291,https://www.imdb.com/title/tt3417756
tt0487419,The Secret of the Grain,La graine et le mulet,2007,151.0,Drama,7.4,8273,https://www.imdb.com/title/tt0487419
tt1034325,Phoebe in Wonderland,Phoebe in Wonderland,2008,96.0,Drama,7.0,8272,https://www.imdb.com/title/tt1034325
tt32313870,Blue Cave,Mavi Magara,2024,88.0,Drama,5.3,8270,https://www.imdb.com/title/tt32313870
tt1684628,Circumstance,Circumstance,2011,107.0,Drama,5.9,8262,https://www.imdb.com/title/tt1684628
tt1937449,At Any Price,At Any Price,2012,105.0,Drama,5.6,8255,https://www.imdb.com/title/tt1937449
tt3722062,Bokeh,Bokeh,2017,92.0,Drama,5.0,8239,https://www.imdb.com/title/tt3722062
tt5039994,Dismissed,Dismissed,2017,87.0,Drama,5.7,8239,https://www.imdb.com/title/tt5039994
tt0093170,Man Behind the Sun,Hei tai yang 731,1988,105.0,Drama,6.1,8238,https://www.imdb.com/title/tt0093170
tt3836958,Shamitabh,Shamitabh,2015,155.0,Drama,6.7,8237,https://www.imdb.com/title/tt3836958
tt4827986,The Sense of an Ending,The Sense of an Ending,2017,108.0,Drama,6.4,8236,https://www.imdb.com/title/tt4827986
tt0101991,Rhapsody in August,Hachigatsu no rapusodî,1991,98.0,Drama,7.2,8233,https://www.imdb.com/title/tt0101991
tt32237537,Wall to Wall,84 Jegopmiteo,2025,118.0,Drama,5.9,8224,https://www.imdb.com/title/tt32237537
tt2976182,Roy,Roy,2015,146.0,Drama,3.2,8221,https://www.imdb.com/title/tt2976182
tt1646973,The Silent House,La casa muda,2010,86.0,Drama,5.3,8216,https://www.imdb.com/title/tt1646973
tt9252488,The Secrets We Keep,The Secrets We Keep,2020,97.0,Drama,5.9,8205,https://www.imdb.com/title/tt9252488
tt3365778,Breathe,Respire,2014,91.0,Drama,7.0,8193,https://www.imdb.com/title/tt3365778
tt8983166,Panga,Panga,2020,131.0,Drama,6.8,8186,https://www.imdb.com/title/tt8983166
tt0436364,Good,Good,2008,92.0,Drama,6.2,8182,https://www.imdb.com/title/tt0436364
tt5085522,Hostile,Hostile,2017,83.0,Drama,5.3,8182,https://www.imdb.com/title/tt5085522
tt4919484,Little Men,Little Men,2016,85.0,Drama,6.7,8180,https://www.imdb.com/title/tt4919484
tt13321244,Origin,Origin,2023,141.0,Drama,7.2,8174,https://www.imdb.com/title/tt13321244
tt5197544,Baar Baar Dekho,Baar Baar Dekho,2016,141.0,Drama,5.4,8170,https://www.imdb.com/title/tt5197544
tt3253650,Little England,Mikra Anglia,2013,132.0,Drama,7.8,8166,https://www.imdb.com/title/tt3253650
tt0113089,Fluke,Fluke,1995,96.0,Drama,6.6,8155,https://www.imdb.com/title/tt0113089
tt13097434,Colour Photo,Colour Photo,2020,140.0,Drama,8.1,8153,https://www.imdb.com/title/tt13097434
tt8710596,Jungleland,Jungleland,2019,90.0,Drama,6.2,8140,https://www.imdb.com/title/tt8710596
tt0385017,In My Father's Den,In My Father's Den,2004,127.0,Drama,7.4,8133,https://www.imdb.com/title/tt0385017
tt7241926,Tell It to the Bees,Tell It to the Bees,2018,108.0,Drama,6.5,8132,https://www.imdb.com/title/tt7241926
tt0120490,Welcome to Sarajevo,Welcome to Sarajevo,1997,103.0,Drama,6.7,8132,https://www.imdb.com/title/tt0120490
tt12244822,Amira,Amira,2021,98.0,Drama,4.2,8129,https://www.imdb.com/title/tt12244822
tt2667918,About Alex,About Alex,2014,99.0,Drama,6.3,8111,https://www.imdb.com/title/tt2667918
tt29141112,The Devil's Bath,Des Teufels Bad,2024,121.0,Drama,6.6,8110,https://www.imdb.com/title/tt29141112
tt0102825,Saajan,Saajan,1991,193.0,Drama,7.2,8110,https://www.imdb.com/title/tt0102825
tt1847746,The German Doctor,Wakolda,2013,93.0,Drama,6.7,8105,https://www.imdb.com/title/tt1847746
tt1720182,October Baby,October Baby,2011,107.0,Drama,6.6,8105,https://www.imdb.com/title/tt1720182
tt13304286,Eflatun,Eflatun,2022,103.0,Drama,6.7,8101,https://www.imdb.com/title/tt13304286
tt0222368,The Nameless,Los sin nombre,1999,102.0,Drama,5.8,8079,https://www.imdb.com/title/tt0222368
tt5311546,Natsamrat,Natsamrat,2016,166.0,Drama,8.8,8075,https://www.imdb.com/title/tt5311546
tt33311244,Culpa Nuestra,Culpa nuestra,2025,112.0,Drama,5.4,8066,https://www.imdb.com/title/tt33311244
tt2231874,Every Breath You Take,You Belong to Me,2021,105.0,Drama,5.4,8066,https://www.imdb.com/title/tt2231874
tt0859765,Still Life,San xia hao ren,2006,111.0,Drama,7.3,8056,https://www.imdb.com/title/tt0859765
tt2222052,My Salinger Year,My Salinger Year,2020,101.0,Drama,6.5,8056,https://www.imdb.com/title/tt2222052
tt11235142,Dia,Dia,2020,137.0,Drama,8.0,8054,https://www.imdb.com/title/tt11235142
tt2321163,ABCD (Any Body Can Dance),ABCD (Any Body Can Dance),2013,160.0,Drama,6.3,8049,https://www.imdb.com/title/tt2321163
tt0093660,Nuts,Nuts,1987,116.0,Drama,6.7,8046,https://www.imdb.com/title/tt0093660
tt9074574,Dogs Don't Wear Pants,Koirat eivät käytä housuja,2019,105.0,Drama,6.7,8045,https://www.imdb.com/title/tt9074574
tt2290840,Masquerade,"Gwang-hae, wang-i doin nam-ja",2012,131.0,Drama,7.8,8045,https://www.imdb.com/title/tt2290840
tt1233334,Pariah,Pariah,2011,86.0,Drama,7.2,8045,https://www.imdb.com/title/tt1233334
tt0120449,The Dreamlife of Angels,La vie rêvée des anges,1998,113.0,Drama,7.4,8042,https://www.imdb.com/title/tt0120449
tt0220627,Maelstrom,Maelström,2000,87.0,Drama,6.7,8038,https://www.imdb.com/title/tt0220627
tt4291590,Evolution,Évolution,2015,81.0,Drama,5.9,8031,https://www.imdb.com/title/tt4291590
tt0107611,Mr. Jones,Mr. Jones,1993,114.0,Drama,5.8,8023,https://www.imdb.com/title/tt0107611
tt0114863,Ulysses' Gaze,To vlemma tou Odyssea,1995,176.0,Drama,7.6,8021,https://www.imdb.com/title/tt0114863
tt4271820,OK Kanmani,O Kadhal Kanmani,2015,139.0,Drama,7.4,8020,https://www.imdb.com/title/tt4271820
tt0978649,Bliss,Mutluluk,2007,123.0,Drama,7.5,8019,https://www.imdb.com/title/tt0978649
tt3013610,My Mother,Mia madre,2015,106.0,Drama,6.8,8019,https://www.imdb.com/title/tt3013610
tt20420628,Freud's Last Session,Freud's Last Session,2023,110.0,Drama,6.1,8010,https://www.imdb.com/title/tt20420628
tt14043966,Terror on the Prairie,Terror on the Prairie,2022,107.0,Drama,5.2,7995,https://www.imdb.com/title/tt14043966
tt0127349,Waking the Dead,Waking the Dead,2000,105.0,Drama,6.4,7990,https://www.imdb.com/title/tt0127349
tt5091530,M.F.A.,M.F.A.,2017,92.0,Drama,5.9,7989,https://www.imdb.com/title/tt5091530
tt0120402,Ulee's Gold,Ulee's Gold,1997,113.0,Drama,7.0,7984,https://www.imdb.com/title/tt0120402
tt1549589,Elles,Elles,2011,99.0,Drama,5.6,7981,https://www.imdb.com/title/tt1549589
tt3302706,Boychoir,Boychoir,2014,103.0,Drama,6.7,7980,https://www.imdb.com/title/tt3302706
tt1745686,The Wall,Die Wand,2012,108.0,Drama,6.7,7978,https://www.imdb.com/title/tt1745686
tt0086429,Testament,Testament,1983,90.0,Drama,6.9,7978,https://www.imdb.com/title/tt0086429
tt6493286,1987: When the Day Comes,1987,2017,129.0,Drama,7.7,7971,https://www.imdb.com/title/tt6493286
tt1523515,Jolly Life,Neseli Hayat,2009,100.0,Drama,6.2,7968,https://www.imdb.com/title/tt1523515
tt2488778,The Keeping Room,The Keeping Room,2014,95.0,Drama,6.0,7952,https://www.imdb.com/title/tt2488778
tt2153963,Tabu,Tabu,2012,118.0,Drama,7.3,7948,https://www.imdb.com/title/tt2153963
tt1985017,Atlas Shrugged II: The Strike,Atlas Shrugged II: The Strike,2012,111.0,Drama,5.3,7946,https://www.imdb.com/title/tt1985017
tt0334754,Yossi & Jagger,Yossi & Jagger,2002,65.0,Drama,7.1,7942,https://www.imdb.com/title/tt0334754
tt3483612,Hamari Adhuri Kahani,Hamari Adhuri Kahani,2015,129.0,Drama,6.8,7936,https://www.imdb.com/title/tt3483612
tt0114916,When Night Is Falling,When Night Is Falling,1995,94.0,Drama,6.5,7935,https://www.imdb.com/title/tt0114916
tt0083542,Alone in the Dark,Alone in the Dark,1982,92.0,Drama,6.0,7926,https://www.imdb.com/title/tt0083542
tt3089326,Magical Girl,Magical Girl,2014,127.0,Drama,7.2,7923,https://www.imdb.com/title/tt3089326
tt0113269,Haunted,Haunted,1995,108.0,Drama,6.2,7922,https://www.imdb.com/title/tt0113269
tt9143112,Falling,Falling,2020,112.0,Drama,6.5,7916,https://www.imdb.com/title/tt9143112
tt1663655,Martyrs,Martyrs,2015,86.0,Drama,4.0,7910,https://www.imdb.com/title/tt1663655
tt11697844,There Is No Evil,Sheytan vojood nadarad,2020,151.0,Drama,7.5,7901,https://www.imdb.com/title/tt11697844
tt0119248,Steam: The Turkish Bath,Hamam,1997,94.0,Drama,6.8,7900,https://www.imdb.com/title/tt0119248
tt9319812,Hum Chaar,Hum Chaar,2019,143.0,Drama,6.6,7896,https://www.imdb.com/title/tt9319812
tt1075113,Don't Look Back,Ne te retourne pas,2009,111.0,Drama,5.8,7893,https://www.imdb.com/title/tt1075113
tt8718300,Proximity,Proximity,2020,119.0,Drama,4.8,7892,https://www.imdb.com/title/tt8718300
tt0326429,The Miracle of Bern,Das Wunder von Bern,2003,118.0,Drama,6.7,7891,https://www.imdb.com/title/tt0326429
tt4932154,Center of My World,Die Mitte der Welt,2016,115.0,Drama,7.1,7885,https://www.imdb.com/title/tt4932154
tt0097635,Jesus of Montreal,Jésus de Montréal,1989,120.0,Drama,7.5,7883,https://www.imdb.com/title/tt0097635
tt0091817,Rad,Rad,1986,93.0,Drama,6.7,7881,https://www.imdb.com/title/tt0091817
tt7937168,The Endless Trench,La trinchera infinita,2019,147.0,Drama,7.2,7879,https://www.imdb.com/title/tt7937168
tt11614912,She Dies Tomorrow,She Dies Tomorrow,2020,86.0,Drama,5.0,7878,https://www.imdb.com/title/tt11614912
tt0350193,Take My Eyes,Te doy mis ojos,2003,109.0,Drama,7.4,7874,https://www.imdb.com/title/tt0350193
tt0425321,The Yacoubian Building,Omaret yakobean,2006,165.0,Drama,7.5,7872,https://www.imdb.com/title/tt0425321
tt5893264,Based on a True Story,D'après une histoire vraie,2017,100.0,Drama,5.7,7868,https://www.imdb.com/title/tt5893264
tt9000388,Tottaa Pataaka Item Maal,Tottaa Pataaka Item Maal,2019,107.0,Drama,6.3,7865,https://www.imdb.com/title/tt9000388
tt8372094,Flashback,The Education of Fredrick Fitzell,2020,97.0,Drama,5.4,7858,https://www.imdb.com/title/tt8372094
tt11131464,The Novice,The Novice,2021,97.0,Drama,6.5,7857,https://www.imdb.com/title/tt11131464
tt9664078,American Son,American Son,2019,90.0,Drama,5.9,7854,https://www.imdb.com/title/tt9664078
tt15361028,Jalsa,Jalsa,2022,126.0,Drama,6.6,7853,https://www.imdb.com/title/tt15361028
tt0094884,Clean and Sober,Clean and Sober,1988,124.0,Drama,6.7,7842,https://www.imdb.com/title/tt0094884
tt0291003,Behind the Sun,Abril Despedaçado,2001,105.0,Drama,7.6,7841,https://www.imdb.com/title/tt0291003
tt4331970,Being 17,Quand on a 17 ans,2016,114.0,Drama,7.2,7832,https://www.imdb.com/title/tt4331970
tt0126765,23,23 - Nichts ist so wie es scheint,1998,99.0,Drama,7.1,7827,https://www.imdb.com/title/tt0126765
tt15309708,Uunchai,Uunchai,2022,173.0,Drama,7.0,7826,https://www.imdb.com/title/tt15309708
tt1314280,Welcome,Welcome,2009,110.0,Drama,7.5,7819,https://www.imdb.com/title/tt1314280
tt25405130,Dada,Dada,2023,133.0,Drama,8.1,7818,https://www.imdb.com/title/tt25405130
tt0417385,12 and Holding,12 and Holding,2005,94.0,Drama,7.4,7808,https://www.imdb.com/title/tt0417385
tt1124394,Sauna,Sauna,2008,83.0,Drama,6.2,7807,https://www.imdb.com/title/tt1124394
tt0366943,Reconstruction,Reconstruction,2003,90.0,Drama,7.3,7804,https://www.imdb.com/title/tt0366943
tt0186253,Jesus' Son,Jesus' Son,1999,107.0,Drama,6.9,7801,https://www.imdb.com/title/tt0186253
tt0801526,The Tracey Fragments,The Tracey Fragments,2007,77.0,Drama,6.0,7797,https://www.imdb.com/title/tt0801526
tt27722543,Green Border,Zielona granica,2023,152.0,Drama,6.4,7795,https://www.imdb.com/title/tt27722543
tt10360862,The Man Who Sold His Skin,Ar-rajul alladi ba'a zahrahu,2020,104.0,Drama,6.9,7794,https://www.imdb.com/title/tt10360862
tt1571724,Honey,Bal,2010,103.0,Drama,7.1,7791,https://www.imdb.com/title/tt1571724
tt5017936,Prodigy,Prodigy,2017,80.0,Drama,5.9,7785,https://www.imdb.com/title/tt5017936
tt1510906,Third Star,Third Star,2010,92.0,Drama,7.2,7772,https://www.imdb.com/title/tt1510906
tt0101811,Enchanted April,Enchanted April,1991,95.0,Drama,7.3,7767,https://www.imdb.com/title/tt0101811
tt0086650,To Our Loves,À nos amours,1983,99.0,Drama,7.1,7753,https://www.imdb.com/title/tt0086650
tt4441280,The Corpse of Anna Fritz,El cadáver de Anna Fritz,2015,76.0,Drama,5.9,7752,https://www.imdb.com/title/tt4441280
tt1820488,War Witch,Rebelle,2012,90.0,Drama,7.0,7750,https://www.imdb.com/title/tt1820488
tt3409848,Zama,Zama,2017,115.0,Drama,6.7,7732,https://www.imdb.com/title/tt3409848
tt0343663,Eros,Eros,2004,104.0,Drama,5.9,7730,https://www.imdb.com/title/tt0343663
tt1900908,Clip,Klip,2012,102.0,Drama,5.5,7714,https://www.imdb.com/title/tt1900908
tt11881160,Gaia,Gaia,2021,96.0,Drama,5.6,7711,https://www.imdb.com/title/tt11881160
tt10505316,Lost Illusions,Illusions perdues,2021,149.0,Drama,7.4,7708,https://www.imdb.com/title/tt10505316
tt1064931,The White Angel,Beyaz Melek,2007,118.0,Drama,6.5,7705,https://www.imdb.com/title/tt1064931
tt0099729,Hamoun,Hamoun,1990,120.0,Drama,7.8,7703,https://www.imdb.com/title/tt0099729
tt0870211,Battle for Haditha,Battle for Haditha,2007,97.0,Drama,6.9,7703,https://www.imdb.com/title/tt0870211
tt0210358,Things You Can Tell Just by Looking at Her,Things You Can Tell Just by Looking at Her,2000,109.0,Drama,6.4,7698,https://www.imdb.com/title/tt0210358
tt1582271,The Good Doctor,The Good Doctor,2011,93.0,Drama,5.5,7697,https://www.imdb.com/title/tt1582271
tt8639136,The East,De Oost,2020,137.0,Drama,6.8,7694,https://www.imdb.com/title/tt8639136
tt0461694,Four Minutes,Vier Minuten,2006,112.0,Drama,7.3,7685,https://www.imdb.com/title/tt0461694
tt1206488,The Milk of Sorrow,La teta asustada,2009,94.0,Drama,6.7,7683,https://www.imdb.com/title/tt1206488
tt0097714,Last Exit to Brooklyn,Last Exit to Brooklyn,1989,102.0,Drama,6.8,7674,https://www.imdb.com/title/tt0097714
tt7818580,While at War,Mientras dure la guerra,2019,107.0,Drama,6.9,7672,https://www.imdb.com/title/tt7818580
tt1426378,No One Knows About Persian Cats,Kasi az gorbehaye irani khabar nadareh,2009,106.0,Drama,7.1,7671,https://www.imdb.com/title/tt1426378
tt5265960,The Untamed,La región salvaje,2016,98.0,Drama,6.1,7669,https://www.imdb.com/title/tt5265960
tt0322674,Twin Sisters,De tweeling,2002,137.0,Drama,7.4,7668,https://www.imdb.com/title/tt0322674
tt2815902,The Childhood of a Leader,The Childhood of a Leader,2015,115.0,Drama,6.2,7666,https://www.imdb.com/title/tt2815902
tt0443584,Melissa P.,Melissa P.,2005,100.0,Drama,4.7,7665,https://www.imdb.com/title/tt0443584
tt2523832,A Girl Like Her,A Girl Like Her,2015,91.0,Drama,7.0,7665,https://www.imdb.com/title/tt2523832
tt14570440,Radical,Radical,2023,125.0,Drama,7.8,7665,https://www.imdb.com/title/tt14570440
tt0405507,Murder,Murder,2004,130.0,Drama,5.6,7652,https://www.imdb.com/title/tt0405507
tt0396688,The King,The King,2005,105.0,Drama,6.6,7642,https://www.imdb.com/title/tt0396688
tt4058012,96 Souls,96 Souls,2016,112.0,Drama,5.2,7640,https://www.imdb.com/title/tt4058012
tt0380366,A Fond Kiss,Ae Fond Kiss...,2004,104.0,Drama,7.1,7639,https://www.imdb.com/title/tt0380366
tt1330591,Autumn,Sonbahar,2008,99.0,Drama,7.6,7638,https://www.imdb.com/title/tt1330591
tt1609168,Vinnaithaandi Varuvaayaa,Vinnaithaandi Varuvaayaa,2010,157.0,Drama,8.1,7636,https://www.imdb.com/title/tt1609168
tt13874422,The Eternal Daughter,The Eternal Daughter,2022,96.0,Drama,5.9,7624,https://www.imdb.com/title/tt13874422
tt1368491,Undertow,Contracorriente,2009,97.0,Drama,7.7,7621,https://www.imdb.com/title/tt1368491
tt1850419,Rhino Season,Fasle kargadan,2012,88.0,Drama,6.3,7608,https://www.imdb.com/title/tt1850419
tt0442286,The Hidden Blade,Kakushi ken: Oni no tsume,2004,132.0,Drama,7.6,7604,https://www.imdb.com/title/tt0442286
tt26067432,Wil,Wil,2023,110.0,Drama,6.8,7602,https://www.imdb.com/title/tt26067432
tt0472582,2:37,2:37,2006,91.0,Drama,6.8,7602,https://www.imdb.com/title/tt0472582
tt4511200,Manifesto,Manifesto,2015,95.0,Drama,6.5,7602,https://www.imdb.com/title/tt4511200
tt0117718,The Spitfire Grill,The Spitfire Grill,1996,117.0,Drama,7.0,7584,https://www.imdb.com/title/tt0117718
tt0401420,Fierce People,Fierce People,2005,107.0,Drama,6.4,7583,https://www.imdb.com/title/tt0401420
tt0097883,Millennium,Millennium,1989,108.0,Drama,5.7,7572,https://www.imdb.com/title/tt0097883
tt11718516,Huesera: The Bone Woman,Huesera,2022,97.0,Drama,6.0,7565,https://www.imdb.com/title/tt11718516
tt0102721,Proof,Proof,1991,86.0,Drama,7.2,7552,https://www.imdb.com/title/tt0102721
tt1641975,Citadel,Citadel,2012,84.0,Drama,5.5,7546,https://www.imdb.com/title/tt1641975
tt6068960,Hatred,Wolyn,2016,150.0,Drama,7.6,7543,https://www.imdb.com/title/tt6068960
tt0487503,The Page Turner,La tourneuse de pages,2006,85.0,Drama,7.0,7542,https://www.imdb.com/title/tt0487503
tt0298856,Evelyn,Evelyn,2002,94.0,Drama,7.0,7529,https://www.imdb.com/title/tt0298856
tt4288636,James White,James White,2015,85.0,Drama,7.1,7528,https://www.imdb.com/title/tt4288636
tt0368774,The Heart Is Deceitful Above All Things,The Heart Is Deceitful Above All Things,2004,97.0,Drama,6.2,7525,https://www.imdb.com/title/tt0368774
tt16491560,A Sacrifice,Berlin Nobody,2024,94.0,Drama,5.0,7522,https://www.imdb.com/title/tt16491560
tt14097206,The Unlikely Pilgrimage of Harold Fry,The Unlikely Pilgrimage of Harold Fry,2023,108.0,Drama,6.8,7522,https://www.imdb.com/title/tt14097206
tt17679584,The Blue Caftan,Le bleu du caftan,2022,122.0,Drama,7.5,7519,https://www.imdb.com/title/tt17679584
tt0243794,Pellet,El Bola,2000,88.0,Drama,7.3,7509,https://www.imdb.com/title/tt0243794
tt6418778,Fast Color,Fast Color,2018,100.0,Drama,6.1,7507,https://www.imdb.com/title/tt6418778
tt0099566,The Field,The Field,1990,107.0,Drama,7.3,7507,https://www.imdb.com/title/tt0099566
tt9472334,Malum,Malum,2023,92.0,Drama,5.0,7503,https://www.imdb.com/title/tt9472334
tt2463512,Hateship Loveship,Hateship Loveship,2013,104.0,Drama,6.2,7499,https://www.imdb.com/title/tt2463512
tt0082497,The Hand,The Hand,1981,104.0,Drama,5.5,7499,https://www.imdb.com/title/tt0082497
tt0099073,Avalon,Avalon,1990,128.0,Drama,7.2,7492,https://www.imdb.com/title/tt0099073
tt2725076,Two Ways Home,Two Ways Home,2019,92.0,Drama,7.8,7492,https://www.imdb.com/title/tt2725076
tt6207878,"No Date, No Signature","Bedoone Tarikh, Bedoone Emza",2017,99.0,Drama,7.2,7488,https://www.imdb.com/title/tt6207878
tt0387059,Bee Season,Bee Season,2005,104.0,Drama,5.5,7488,https://www.imdb.com/title/tt0387059
tt4855748,XOXO,XOXO,2016,92.0,Drama,5.3,7480,https://www.imdb.com/title/tt4855748
tt0263124,Brainstorm,Bicho de Sete Cabeças,2000,74.0,Drama,7.7,7476,https://www.imdb.com/title/tt0263124
tt0119832,One Night Stand,One Night Stand,1997,102.0,Drama,5.9,7472,https://www.imdb.com/title/tt0119832
tt1605777,The Woman in the Fifth,La femme du Vème,2011,84.0,Drama,5.3,7457,https://www.imdb.com/title/tt1605777
tt33549447,Anemone,Anemone,2025,125.0,Drama,5.6,7454,https://www.imdb.com/title/tt33549447
tt0119843,Oscar and Lucinda,Oscar and Lucinda,1997,132.0,Drama,6.5,7451,https://www.imdb.com/title/tt0119843
tt0102456,Mississippi Masala,Mississippi Masala,1991,118.0,Drama,6.8,7451,https://www.imdb.com/title/tt0102456
tt9261218,Uncorked,Uncorked,2020,104.0,Drama,6.4,7444,https://www.imdb.com/title/tt9261218
tt10763618,Tune in for Love,Yuyeolui eumagaelbeom,2019,122.0,Drama,7.2,7426,https://www.imdb.com/title/tt10763618
tt12875782,Freaks: You're One of Us,Freaks - Du bist eine von uns,2020,92.0,Drama,5.4,7425,https://www.imdb.com/title/tt12875782
tt3305316,A Second Chance,En chance til,2014,102.0,Drama,6.8,7424,https://www.imdb.com/title/tt3305316
tt0082671,Lola,Lola,1981,115.0,Drama,7.4,7423,https://www.imdb.com/title/tt0082671
tt0087644,Love Streams,Love Streams,1984,141.0,Drama,7.6,7421,https://www.imdb.com/title/tt0087644
tt0367082,Fateless,Sorstalanság,2005,140.0,Drama,7.0,7421,https://www.imdb.com/title/tt0367082
tt8526370,Bad Tales,Favolacce,2020,98.0,Drama,6.4,7416,https://www.imdb.com/title/tt8526370
tt27410895,Let Go,Släpp taget,2024,110.0,Drama,7.0,7415,https://www.imdb.com/title/tt27410895
tt7587876,Hope Gap,Hope Gap,2019,100.0,Drama,6.8,7406,https://www.imdb.com/title/tt7587876
tt9318280,Driveways,Driveways,2019,83.0,Drama,7.2,7400,https://www.imdb.com/title/tt9318280
tt0234217,Clouds of May,Mayis Sikintisi,1999,130.0,Drama,7.3,7398,https://www.imdb.com/title/tt0234217
tt10928202,Hawa,Hawa,2022,131.0,Drama,7.6,7395,https://www.imdb.com/title/tt10928202
tt3759298,Ashes in the Snow,Ashes in the Snow,2018,98.0,Drama,6.6,7389,https://www.imdb.com/title/tt3759298
tt2368749,After Lucia,Después de Lucía,2012,103.0,Drama,7.1,7386,https://www.imdb.com/title/tt2368749
tt0087188,The Ship Sails On,E la nave va,1983,128.0,Drama,7.4,7379,https://www.imdb.com/title/tt0087188
tt0255094,The Circle,Dayereh,2000,90.0,Drama,7.4,7370,https://www.imdb.com/title/tt0255094
tt0109665,Dream Lover,Dream Lover,1994,103.0,Drama,6.2,7367,https://www.imdb.com/title/tt0109665
tt13698942,The Immaculate Room,The Immaculate Room,2022,92.0,Drama,5.1,7355,https://www.imdb.com/title/tt13698942
tt0220100,Timecode,Timecode,2000,97.0,Drama,6.0,7354,https://www.imdb.com/title/tt0220100
tt0420015,Nine Lives,Nine Lives,2005,115.0,Drama,6.7,7352,https://www.imdb.com/title/tt0420015
tt3993894,Queen of Earth,Queen of Earth,2015,90.0,Drama,6.2,7351,https://www.imdb.com/title/tt3993894
tt18394610,Nuovo Olimpo,Nuovo Olimpo,2023,113.0,Drama,7.2,7351,https://www.imdb.com/title/tt18394610
tt0084740,El Sur,El sur,1983,95.0,Drama,7.8,7336,https://www.imdb.com/title/tt0084740
tt1533013,Beautiful Boy,Beautiful Boy,2010,100.0,Drama,6.6,7336,https://www.imdb.com/title/tt1533013
tt0384686,The White Countess,The White Countess,2005,135.0,Drama,6.5,7335,https://www.imdb.com/title/tt0384686
tt5983262,Tikli and Laxmi Bomb,Tikli and Laxmi Bomb,2017,151.0,Drama,7.0,7331,https://www.imdb.com/title/tt5983262
tt3108244,Capsule,Capsule,2015,91.0,Drama,5.4,7329,https://www.imdb.com/title/tt3108244
tt7461272,Call Jane,Call Jane,2022,121.0,Drama,6.5,7323,https://www.imdb.com/title/tt7461272
tt3765326,Warsaw 44,Miasto 44,2014,130.0,Drama,6.6,7320,https://www.imdb.com/title/tt3765326
tt4158624,3 Generations,3 Generations,2015,92.0,Drama,6.0,7310,https://www.imdb.com/title/tt4158624
tt34886821,Grace,La grazia,2025,132.0,Drama,7.4,7310,https://www.imdb.com/title/tt34886821
tt0088707,American Flyers,American Flyers,1985,113.0,Drama,6.5,7305,https://www.imdb.com/title/tt0088707
tt6164502,November,November,2017,115.0,Drama,7.1,7301,https://www.imdb.com/title/tt6164502
tt8290698,The Spy Gone North,Gongjak,2018,137.0,Drama,7.4,7300,https://www.imdb.com/title/tt8290698
tt12861212,Chhorii,Chhorii,2021,129.0,Drama,6.7,7300,https://www.imdb.com/title/tt12861212
tt1513713,Love in Another Language,Baska Dilde Ask,2009,98.0,Drama,7.3,7294,https://www.imdb.com/title/tt1513713
tt0283431,Kandahar,Safar-e Ghandehar,2001,81.0,Drama,6.8,7290,https://www.imdb.com/title/tt0283431
tt1575539,Elena Undone,Elena Undone,2010,111.0,Drama,6.1,7286,https://www.imdb.com/title/tt1575539
tt21848358,Jogi,Jogi,2022,116.0,Drama,7.1,7284,https://www.imdb.com/title/tt21848358
tt12677092,C U Soon,C U Soon,2020,98.0,Drama,7.6,7277,https://www.imdb.com/title/tt12677092
tt1166085,120,120,2008,114.0,Drama,7.2,7274,https://www.imdb.com/title/tt1166085
tt2741806,In Bloom,Grzeli nateli dgeebi,2013,102.0,Drama,7.3,7273,https://www.imdb.com/title/tt2741806
tt1023441,Coco Chanel & Igor Stravinsky,Coco Chanel & Igor Stravinsky,2009,119.0,Drama,6.3,7270,https://www.imdb.com/title/tt1023441
tt1857670,Deiva Thirumagal,Deiva Thirumagal,2011,166.0,Drama,8.2,7265,https://www.imdb.com/title/tt1857670
tt23468836,Touch,Snerting,2024,121.0,Drama,7.4,7248,https://www.imdb.com/title/tt23468836
tt0098115,Prancer,Prancer,1989,103.0,Drama,6.5,7248,https://www.imdb.com/title/tt0098115
tt0111019,Wild Reeds,Les roseaux sauvages,1994,110.0,Drama,7.3,7242,https://www.imdb.com/title/tt0111019
tt4978710,Marjorie Prime,Marjorie Prime,2017,99.0,Drama,6.3,7237,https://www.imdb.com/title/tt4978710
tt0352994,Walk on Water,Walk on Water,2004,103.0,Drama,7.3,7236,https://www.imdb.com/title/tt0352994
tt2123129,3,3,2012,145.0,Drama,7.4,7235,https://www.imdb.com/title/tt2123129
tt1517561,Thulladha Manamum Thullum,Thulladha Manamum Thullum,1999,170.0,Drama,8.3,7231,https://www.imdb.com/title/tt1517561
tt0120576,Dance with Me,Dance with Me,1998,126.0,Drama,6.0,7230,https://www.imdb.com/title/tt0120576
tt0421625,Istanbul Tales,Anlat Istanbul,2005,99.0,Drama,7.3,7229,https://www.imdb.com/title/tt0421625
tt17219484,Clock,Clock,2023,91.0,Drama,5.0,7227,https://www.imdb.com/title/tt17219484
tt0096324,Two Moon Junction,Two Moon Junction,1988,104.0,Drama,5.0,7226,https://www.imdb.com/title/tt0096324
tt15799524,The History of Sound,The History of Sound,2025,128.0,Drama,6.9,7223,https://www.imdb.com/title/tt15799524
tt13269580,Full Time,À plein temps,2021,88.0,Drama,7.4,7222,https://www.imdb.com/title/tt13269580
tt0806029,Farewell,L'affaire Farewell,2009,113.0,Drama,6.9,7221,https://www.imdb.com/title/tt0806029
tt14091818,Ajeeb Daastaans,Ajeeb Daastaans,2021,142.0,Drama,6.7,7214,https://www.imdb.com/title/tt14091818
tt0335013,The Company,The Company,2003,112.0,Drama,6.2,7203,https://www.imdb.com/title/tt0335013
tt0143334,The Small Town,Kasaba,1997,85.0,Drama,7.0,7201,https://www.imdb.com/title/tt0143334
tt3115906,Girl Lost,Nowhereland,2016,95.0,Drama,6.1,7193,https://www.imdb.com/title/tt3115906
tt2942522,Moebius,Moebiuseu,2013,89.0,Drama,6.3,7190,https://www.imdb.com/title/tt2942522
tt32194932,The Ritual,The Ritual,2025,98.0,Drama,4.5,7190,https://www.imdb.com/title/tt32194932
tt0480919,Monamour,Monamour,2005,104.0,Drama,5.2,7177,https://www.imdb.com/title/tt0480919
tt0841925,Silent Light,Stellet Licht,2007,136.0,Drama,7.2,7176,https://www.imdb.com/title/tt0841925
tt0253200,Last Orders,Last Orders,2001,109.0,Drama,6.9,7173,https://www.imdb.com/title/tt0253200
tt0464029,Grbavica,Grbavica,2006,90.0,Drama,7.2,7173,https://www.imdb.com/title/tt0464029
tt0475355,Pride,Pride,2007,104.0,Drama,6.3,7172,https://www.imdb.com/title/tt0475355
tt0443708,Page 3,Page 3,2005,139.0,Drama,7.3,7170,https://www.imdb.com/title/tt0443708
tt1407065,The Moth Diaries,The Moth Diaries,2011,82.0,Drama,4.9,7162,https://www.imdb.com/title/tt1407065
tt0097607,Jacknife,Jacknife,1989,102.0,Drama,6.4,7161,https://www.imdb.com/title/tt0097607
tt1588875,How I Ended This Summer,Kak ya provyol etim letom,2010,130.0,Drama,6.9,7157,https://www.imdb.com/title/tt1588875
tt0133122,New Rose Hotel,New Rose Hotel,1998,93.0,Drama,5.2,7156,https://www.imdb.com/title/tt0133122
tt0418004,Neverwas,Neverwas,2005,103.0,Drama,6.5,7152,https://www.imdb.com/title/tt0418004
tt5737388,The Accursed,The Accursed,2021,84.0,Drama,4.3,7152,https://www.imdb.com/title/tt5737388
tt10192704,My True Fairytale,My True Fairytale,2021,86.0,Drama,5.4,7145,https://www.imdb.com/title/tt10192704
tt0099710,The Guardian,The Guardian,1990,92.0,Drama,5.4,7140,https://www.imdb.com/title/tt0099710
tt8738964,Clergy,Kler,2018,133.0,Drama,7.3,7139,https://www.imdb.com/title/tt8738964
tt4428814,The Measure of a Man,La loi du marché,2015,91.0,Drama,6.8,7138,https://www.imdb.com/title/tt4428814
tt0218378,The Claim,The Claim,2000,120.0,Drama,6.3,7137,https://www.imdb.com/title/tt0218378
tt3542188,April 9th,9. april,2015,93.0,Drama,6.6,7133,https://www.imdb.com/title/tt3542188
tt3125472,Coming Home,Gui lai,2014,109.0,Drama,7.3,7126,https://www.imdb.com/title/tt3125472
tt0772181,Krabat,Krabat,2008,120.0,Drama,6.1,7117,https://www.imdb.com/title/tt0772181
tt3139756,Black Mountain Side,Black Mountain Side,2014,99.0,Drama,5.1,7116,https://www.imdb.com/title/tt3139756
tt3794028,From the Land of the Moon,Mal de pierres,2016,120.0,Drama,6.6,7112,https://www.imdb.com/title/tt3794028
tt0090768,The Boy Who Could Fly,The Boy Who Could Fly,1986,114.0,Drama,6.6,7111,https://www.imdb.com/title/tt0090768
tt0285441,Atanarjuat: The Fast Runner,Atanarjuat,2001,172.0,Drama,7.4,7097,https://www.imdb.com/title/tt0285441
tt1172963,Lemon Tree,Etz Limon,2008,106.0,Drama,7.3,7094,https://www.imdb.com/title/tt1172963
tt0216799,Harrison's Flowers,Harrison's Flowers,2000,121.0,Drama,7.0,7093,https://www.imdb.com/title/tt0216799
tt13652142,Magazine Dreams,Magazine Dreams,2023,123.0,Drama,7.0,7093,https://www.imdb.com/title/tt13652142
tt0284034,Demonlover,Demonlover,2002,129.0,Drama,5.9,7088,https://www.imdb.com/title/tt0284034
tt11950888,Cellar Door,Cellar Door,2024,97.0,Drama,5.2,7080,https://www.imdb.com/title/tt11950888
tt5723416,The Beyond,The Beyond,2017,103.0,Drama,4.9,7067,https://www.imdb.com/title/tt5723416
tt0102722,Prospero's Books,Prospero's Books,1991,124.0,Drama,6.8,7065,https://www.imdb.com/title/tt0102722
tt10406596,You Are Not My Mother,You Are Not My Mother,2021,93.0,Drama,5.8,7043,https://www.imdb.com/title/tt10406596
tt1376717,Play,Play,2011,118.0,Drama,7.1,7041,https://www.imdb.com/title/tt1376717
tt0896529,Cairo Time,Cairo Time,2009,90.0,Drama,6.6,7038,https://www.imdb.com/title/tt0896529
tt4085084,Disorder,Maryland,2015,98.0,Drama,6.2,7035,https://www.imdb.com/title/tt4085084
tt3740778,Mountains May Depart,Shan he gu ren,2015,126.0,Drama,6.9,7026,https://www.imdb.com/title/tt3740778
tt1087842,Eden Log,Eden Log,2007,98.0,Drama,5.2,7020,https://www.imdb.com/title/tt1087842
tt3899516,Those People,Those People,2015,89.0,Drama,6.5,7019,https://www.imdb.com/title/tt3899516
tt28618488,Vermiglio,Vermiglio,2024,119.0,Drama,6.9,7018,https://www.imdb.com/title/tt28618488
tt0104008,A Tale of Winter,Conte d'hiver,1992,114.0,Drama,7.2,7017,https://www.imdb.com/title/tt0104008
tt0448564,Irresistible,Irresistible,2006,103.0,Drama,5.7,7017,https://www.imdb.com/title/tt0448564
tt8305852,All My Life,All My Life,2020,91.0,Drama,6.3,7015,https://www.imdb.com/title/tt8305852
tt1870529,Won't Back Down,Won't Back Down,2012,121.0,Drama,6.4,7011,https://www.imdb.com/title/tt1870529
tt2177511,Caesar Must Die,Cesare deve morire,2012,77.0,Drama,7.3,7007,https://www.imdb.com/title/tt2177511
tt0096908,A City of Sadness,Beiqing chengshi,1989,157.0,Drama,7.8,7005,https://www.imdb.com/title/tt0096908
tt0304229,Japanese Story,Japanese Story,2003,106.0,Drama,6.8,7005,https://www.imdb.com/title/tt0304229
tt0791303,A Summer in Genoa,Genova,2008,93.0,Drama,6.0,6991,https://www.imdb.com/title/tt0791303
tt0428059,Toss-Up,Yazi Tura,2004,102.0,Drama,7.6,6983,https://www.imdb.com/title/tt0428059
tt2328813,Hard to Be a God,Trudno byt bogom,2013,177.0,Drama,6.5,6983,https://www.imdb.com/title/tt2328813
tt0375233,Innocence,Innocence,2004,122.0,Drama,6.8,6973,https://www.imdb.com/title/tt0375233
tt32086046,Souleymane's Story,L'histoire de Souleymane,2024,93.0,Drama,7.6,6972,https://www.imdb.com/title/tt32086046
tt5963218,Aloko Udapadi,Aloko Udapadi,2017,113.0,Drama,8.3,6963,https://www.imdb.com/title/tt5963218
tt4399594,Fitoor,Fitoor,2016,131.0,Drama,5.5,6962,https://www.imdb.com/title/tt4399594
tt13926298,Nanban Oruvan Vantha Piragu,Nanban Oruvan Vantha Piragu,2024,134.0,Drama,6.2,6959,https://www.imdb.com/title/tt13926298
tt27766440,The Salt Path,The Salt Path,2024,115.0,Drama,6.6,6959,https://www.imdb.com/title/tt27766440
tt1426352,Amer,Amer,2009,90.0,Drama,6.1,6954,https://www.imdb.com/title/tt1426352
tt0124014,The Mutilator,The Mutilator,1984,86.0,Drama,5.2,6950,https://www.imdb.com/title/tt0124014
tt5639446,Jonathan,Jonathan,2018,100.0,Drama,5.9,6948,https://www.imdb.com/title/tt5639446
tt5427194,The Miracle Season,The Miracle Season,2018,101.0,Drama,6.5,6948,https://www.imdb.com/title/tt5427194
tt18298588,Monolith,Monolith,2022,94.0,Drama,5.8,6936,https://www.imdb.com/title/tt18298588
tt0082677,Looker,Looker,1981,93.0,Drama,6.1,6935,https://www.imdb.com/title/tt0082677
tt0857355,The Year My Parents Went on Vacation,O Ano em que Meus Pais Saíram de Férias,2006,110.0,Drama,7.3,6932,https://www.imdb.com/title/tt0857355
tt9373688,Settlers,Settlers,2021,103.0,Drama,4.8,6927,https://www.imdb.com/title/tt9373688
tt0454931,Requiem,Requiem,2006,93.0,Drama,6.8,6918,https://www.imdb.com/title/tt0454931
tt0348529,Anatomy of Hell,Anatomie de l'enfer,2004,77.0,Drama,4.4,6916,https://www.imdb.com/title/tt0348529
tt12736014,CTRL,CTRL,2024,99.0,Drama,6.2,6904,https://www.imdb.com/title/tt12736014
tt3213684,1944,1944,2015,100.0,Drama,7.0,6902,https://www.imdb.com/title/tt3213684
tt2170667,Wheels,Wheels,2014,115.0,Drama,7.4,6902,https://www.imdb.com/title/tt2170667
tt9827834,Sylvie's Love,Sylvie's Love,2020,116.0,Drama,6.8,6900,https://www.imdb.com/title/tt9827834
tt2224004,Sweetwater,Sweetwater,2013,95.0,Drama,6.2,6898,https://www.imdb.com/title/tt2224004
tt1232826,Involuntary,De ofrivilliga,2008,98.0,Drama,6.9,6894,https://www.imdb.com/title/tt1232826
tt0325675,Boats Out of Watermelon Rinds,Karpuz Kabugundan Gemiler Yapmak,2004,97.0,Drama,7.7,6893,https://www.imdb.com/title/tt0325675
tt0113691,Losing Isaiah,Losing Isaiah,1995,111.0,Drama,6.4,6892,https://www.imdb.com/title/tt0113691
tt1223934,The Door,Die Tür,2009,103.0,Drama,6.6,6892,https://www.imdb.com/title/tt1223934
tt0097243,A Dry White Season,A Dry White Season,1989,106.0,Drama,7.0,6879,https://www.imdb.com/title/tt0097243
tt1196340,Inhale,Inhale,2010,83.0,Drama,6.5,6877,https://www.imdb.com/title/tt1196340
tt1876451,Sparkle,Sparkle,2012,116.0,Drama,5.8,6876,https://www.imdb.com/title/tt1876451
tt8090580,Noah Land,Nuh Tepesi,2019,109.0,Drama,7.1,6876,https://www.imdb.com/title/tt8090580
tt4230700,Complete Unknown,Complete Unknown,2016,91.0,Drama,5.4,6864,https://www.imdb.com/title/tt4230700
tt4613254,Heartstone,Hjartasteinn,2016,129.0,Drama,7.4,6863,https://www.imdb.com/title/tt4613254
tt4191702,Norman,Norman: The Moderate Rise and Tragic Fall of a New York Fixer,2016,118.0,Drama,6.1,6853,https://www.imdb.com/title/tt4191702
tt2560102,Lilting,Lilting,2014,91.0,Drama,7.2,6852,https://www.imdb.com/title/tt2560102
tt0123034,The Curve,Dead Man's Curve,1998,91.0,Drama,5.8,6852,https://www.imdb.com/title/tt0123034
tt5918074,A Death in the Gunj,A Death in the Gunj,2016,110.0,Drama,7.4,6849,https://www.imdb.com/title/tt5918074
tt3812366,Ode to My Father,Gukjesijang,2014,126.0,Drama,7.8,6849,https://www.imdb.com/title/tt3812366
tt14536120,The Master and Margarita,Master i Margarita,2024,156.0,Drama,7.1,6843,https://www.imdb.com/title/tt14536120
tt0424434,Beautiful City,Shahr-e ziba,2004,98.0,Drama,7.6,6840,https://www.imdb.com/title/tt0424434
tt0492784,Strange Circus,Kimyô na sâkasu,2005,108.0,Drama,6.9,6835,https://www.imdb.com/title/tt0492784
tt1959409,Imaginaerum,Imaginaerum,2012,86.0,Drama,6.1,6832,https://www.imdb.com/title/tt1959409
tt0290661,Dog Days,Hundstage,2001,121.0,Drama,7.0,6831,https://www.imdb.com/title/tt0290661
tt0770810,How She Move,How She Move,2007,94.0,Drama,3.6,6827,https://www.imdb.com/title/tt0770810
tt0484905,Valley of Angels,Valley of Angels,2008,99.0,Drama,4.0,6822,https://www.imdb.com/title/tt0484905
tt0082894,Pennies from Heaven,Pennies from Heaven,1981,108.0,Drama,6.5,6820,https://www.imdb.com/title/tt0082894
tt0804529,Sleep Dealer,Sleep Dealer,2008,90.0,Drama,6.0,6819,https://www.imdb.com/title/tt0804529
tt0101531,Cadence,Cadence,1990,97.0,Drama,6.5,6816,https://www.imdb.com/title/tt0101531
tt0093073,Gardens of Stone,Gardens of Stone,1987,111.0,Drama,6.3,6816,https://www.imdb.com/title/tt0093073
tt33714084,Reminders of Him,Reminders of Him,2026,114.0,Drama,6.3,6814,https://www.imdb.com/title/tt33714084
tt5114840,Six Minutes to Midnight,Six Minutes to Midnight,2020,99.0,Drama,6.0,6814,https://www.imdb.com/title/tt5114840
tt1754109,Les Misérables in Concert: The 25th Anniversary,Les Misérables in Concert: The 25th Anniversary,2010,178.0,Drama,8.8,6811,https://www.imdb.com/title/tt1754109
tt0088322,Under the Volcano,Under the Volcano,1984,112.0,Drama,6.8,6811,https://www.imdb.com/title/tt0088322
tt2066176,Any Day Now,Any Day Now,2012,98.0,Drama,7.4,6800,https://www.imdb.com/title/tt2066176
tt5095506,Tight Dress,Dar Elbise,2016,77.0,Drama,8.2,6798,https://www.imdb.com/title/tt5095506
tt1086216,Uncertainty,Uncertainty,2008,101.0,Drama,5.7,6788,https://www.imdb.com/title/tt1086216
tt0388318,Frozen Land,Paha maa,2005,130.0,Drama,7.4,6788,https://www.imdb.com/title/tt0388318
tt5153288,Backstabbing for Beginners,Backstabbing for Beginners,2018,108.0,Drama,6.3,6786,https://www.imdb.com/title/tt5153288
tt0381668,Tropical Malady,Sud pralad,2004,118.0,Drama,7.1,6786,https://www.imdb.com/title/tt0381668
tt1590024,"If I Want to Whistle, I Whistle","Eu când vreau sa fluier, fluier",2010,94.0,Drama,7.0,6785,https://www.imdb.com/title/tt1590024
tt0415856,Hounddog,Hounddog,2007,98.0,Drama,6.2,6780,https://www.imdb.com/title/tt0415856
tt5978724,My Days of Mercy,My Days of Mercy,2017,108.0,Drama,6.5,6779,https://www.imdb.com/title/tt5978724
tt8649344,Blue Jean,Blue Jean,2022,97.0,Drama,6.9,6775,https://www.imdb.com/title/tt8649344
tt0441782,Restraint,Restraint,2008,92.0,Drama,6.0,6772,https://www.imdb.com/title/tt0441782
tt11307724,John and the Hole,John and the Hole,2021,103.0,Drama,5.1,6766,https://www.imdb.com/title/tt11307724
tt0101898,Flirting,Flirting,1991,99.0,Drama,7.1,6763,https://www.imdb.com/title/tt0101898
tt13392012,Demonic,Demonic,2021,104.0,Drama,4.3,6763,https://www.imdb.com/title/tt13392012
tt8342680,The Burnt Orange Heresy,The Burnt Orange Heresy,2019,99.0,Drama,6.1,6761,https://www.imdb.com/title/tt8342680
tt1424327,Eyes Wide Open,Einayim Pekukhoth,2009,91.0,Drama,7.3,6759,https://www.imdb.com/title/tt1424327
tt0098061,Paperhouse,Paperhouse,1988,92.0,Drama,6.6,6754,https://www.imdb.com/title/tt0098061
tt0459102,Import Export,Import Export,2007,141.0,Drama,7.0,6751,https://www.imdb.com/title/tt0459102
tt9173154,Separation,Separation,2021,107.0,Drama,4.7,6745,https://www.imdb.com/title/tt9173154
tt1409004,Bloomington,Bloomington,2010,83.0,Drama,5.7,6745,https://www.imdb.com/title/tt1409004
tt1266583,Mumbai Meri Jaan,Mumbai Meri Jaan,2008,134.0,Drama,7.7,6740,https://www.imdb.com/title/tt1266583
tt0230597,A Northern Story of Valor,Oru Vadakkan Veeragatha,1989,168.0,Drama,8.7,6728,https://www.imdb.com/title/tt0230597
tt0107474,Madadayo,Mâdada yo,1993,134.0,Drama,7.3,6728,https://www.imdb.com/title/tt0107474
tt3774866,Autumn Lights,Autumn Lights,2016,98.0,Drama,5.1,6722,https://www.imdb.com/title/tt3774866
tt1214961,Happy Days,Happy Days,2007,153.0,Drama,7.9,6720,https://www.imdb.com/title/tt1214961
tt0162866,The Emperor and the Assassin,Jing Ke ci Qin Wang,1998,162.0,Drama,7.2,6711,https://www.imdb.com/title/tt0162866
tt15000156,Firebrand,Firebrand,2023,121.0,Drama,6.3,6710,https://www.imdb.com/title/tt15000156
tt6952604,Arrhythmia,Aritmiya,2017,116.0,Drama,7.4,6700,https://www.imdb.com/title/tt6952604
tt0086589,Suburbia,Suburbia,1983,94.0,Drama,6.9,6691,https://www.imdb.com/title/tt0086589
tt6832388,The Dark,The Dark,2018,95.0,Drama,5.6,6685,https://www.imdb.com/title/tt6832388
tt1707380,Every Thing Will Be Fine,Every Thing Will Be Fine,2015,118.0,Drama,5.5,6685,https://www.imdb.com/title/tt1707380
tt0119095,FairyTale: A True Story,FairyTale: A True Story,1997,99.0,Drama,6.5,6684,https://www.imdb.com/title/tt0119095
tt3044244,The Wonders,Le meraviglie,2014,110.0,Drama,6.7,6684,https://www.imdb.com/title/tt3044244
tt0106926,Flesh and Bone,Flesh and Bone,1993,126.0,Drama,6.3,6681,https://www.imdb.com/title/tt0106926
tt30268321,Eleanor the Great,Eleanor the Great,2025,98.0,Drama,6.7,6679,https://www.imdb.com/title/tt30268321
tt0092637,The Belly of an Architect,The Belly of an Architect,1987,119.0,Drama,6.9,6679,https://www.imdb.com/title/tt0092637
tt12292206,Those Who Walk Away,Those Who Walk Away,2022,94.0,Drama,4.2,6675,https://www.imdb.com/title/tt12292206
tt7778680,Photograph,Photograph,2019,110.0,Drama,6.8,6675,https://www.imdb.com/title/tt7778680
tt2400275,Goodbye to Language,Adieu au langage,2014,70.0,Drama,5.8,6670,https://www.imdb.com/title/tt2400275
tt8046498,Don't Tell a Soul,Don't Tell a Soul,2020,83.0,Drama,5.9,6666,https://www.imdb.com/title/tt8046498
tt2008006,A Simple Life,Tou ze,2011,118.0,Drama,7.5,6666,https://www.imdb.com/title/tt2008006
tt7798646,The Photograph,The Photograph,2020,106.0,Drama,6.1,6663,https://www.imdb.com/title/tt7798646
tt7260048,Outside In,Outside In,2017,109.0,Drama,6.7,6662,https://www.imdb.com/title/tt7260048
tt0092972,Epidemic,Epidemic,1987,106.0,Drama,5.9,6659,https://www.imdb.com/title/tt0092972
tt27417166,Crossing,Crossing,2024,106.0,Drama,7.4,6658,https://www.imdb.com/title/tt27417166
tt4257940,The Lost Husband,The Lost Husband,2020,109.0,Drama,6.1,6656,https://www.imdb.com/title/tt4257940
tt0822868,Make It Happen,Make It Happen,2008,90.0,Drama,5.4,6650,https://www.imdb.com/title/tt0822868
tt6263618,In the Aisles,In den Gängen,2018,125.0,Drama,6.9,6650,https://www.imdb.com/title/tt6263618
tt1691920,I Melt with You,I Melt with You,2011,129.0,Drama,5.9,6650,https://www.imdb.com/title/tt1691920
tt8717446,Blackbird,Blackbird,2019,97.0,Drama,6.6,6646,https://www.imdb.com/title/tt8717446
tt2866708,Strange But True,Strange But True,2019,96.0,Drama,5.9,6643,https://www.imdb.com/title/tt2866708
tt8186318,Overcomer,Overcomer,2019,119.0,Drama,6.7,6643,https://www.imdb.com/title/tt8186318
tt10123970,Mother's Child,Mother's Child,2020,127.0,Drama,8.2,6642,https://www.imdb.com/title/tt10123970
tt18550182,R.M.N.,R.M.N.,2022,125.0,Drama,7.2,6641,https://www.imdb.com/title/tt18550182
tt0089798,Perfect,Perfect,1985,115.0,Drama,4.8,6640,https://www.imdb.com/title/tt0089798
tt1799508,After,After,2012,90.0,Drama,5.4,6633,https://www.imdb.com/title/tt1799508
tt1601475,Seconds Apart,Seconds Apart,2011,89.0,Drama,5.6,6626,https://www.imdb.com/title/tt1601475
tt1508669,Hopeful Notes,Hopeful Notes,2010,94.0,Drama,5.8,6624,https://www.imdb.com/title/tt1508669
tt4659056,The Day Will Come,Der kommer en dag,2016,119.0,Drama,7.9,6606,https://www.imdb.com/title/tt4659056
tt8337320,The Last Vermeer,The Last Vermeer,2019,118.0,Drama,6.7,6601,https://www.imdb.com/title/tt8337320
tt1098356,Long Weekend,Long Weekend,2008,88.0,Drama,5.1,6600,https://www.imdb.com/title/tt1098356
tt22227936,Gorgeous,Cici,2022,151.0,Drama,7.1,6593,https://www.imdb.com/title/tt22227936
tt0251447,The Tunnel,Der Tunnel,2001,167.0,Drama,7.7,6581,https://www.imdb.com/title/tt0251447
tt0388505,Live and Become,"Va, vis et deviens",2005,140.0,Drama,7.8,6581,https://www.imdb.com/title/tt0388505
tt2667960,Miss Julie,Miss Julie,2014,129.0,Drama,5.5,6572,https://www.imdb.com/title/tt2667960
tt0807054,It's a Free World...,It's a Free World...,2007,96.0,Drama,7.0,6552,https://www.imdb.com/title/tt0807054
tt0289181,Failan,Failan,2001,115.0,Drama,7.5,6551,https://www.imdb.com/title/tt0289181
tt0087452,Iceman,Iceman,1984,100.0,Drama,6.2,6544,https://www.imdb.com/title/tt0087452
tt3043252,Parched,Parched,2015,116.0,Drama,7.5,6539,https://www.imdb.com/title/tt3043252
tt0100049,Longtime Companion,Longtime Companion,1989,100.0,Drama,7.6,6537,https://www.imdb.com/title/tt0100049
tt8956324,Warning,Warning,2021,86.0,Drama,4.6,6536,https://www.imdb.com/title/tt8956324
tt6269434,In This Gray Place,In This Gray Place,2018,101.0,Drama,4.4,6534,https://www.imdb.com/title/tt6269434
tt7720922,Batti Gul Meter Chalu,Batti Gul Meter Chalu,2018,161.0,Drama,5.9,6526,https://www.imdb.com/title/tt7720922
tt33030375,The New Year That Never Came,Anul Nou care n-a fost,2024,138.0,Drama,8.1,6522,https://www.imdb.com/title/tt33030375
tt6576556,The Silent Revolution,Das schweigende Klassenzimmer,2018,111.0,Drama,7.4,6519,https://www.imdb.com/title/tt6576556
tt1145144,Center Stage: Turn It Up,Center Stage: Turn It Up,2008,95.0,Drama,6.0,6517,https://www.imdb.com/title/tt1145144
tt0114086,Beyond the Clouds,Al di là delle nuvole,1995,110.0,Drama,6.4,6516,https://www.imdb.com/title/tt0114086
tt27458291,Annapoorani,Annapoorani: The Goddess of Food,2023,146.0,Drama,3.9,6514,https://www.imdb.com/title/tt27458291
tt1714014,Majority,Çogunluk,2010,111.0,Drama,7.4,6511,https://www.imdb.com/title/tt1714014
tt4935158,Demon,Demon,2015,94.0,Drama,6.1,6508,https://www.imdb.com/title/tt4935158
tt5599692,Clash,Eshtebak,2016,97.0,Drama,7.4,6506,https://www.imdb.com/title/tt5599692
tt0258490,Khushi,Khushi,2001,169.0,Drama,8.1,6502,https://www.imdb.com/title/tt0258490
tt2011953,Keep the Lights On,Keep the Lights On,2012,101.0,Drama,6.4,6499,https://www.imdb.com/title/tt2011953
tt1699513,Beginning of the Great Revival,Jian dang wei ye,2011,124.0,Drama,3.1,6498,https://www.imdb.com/title/tt1699513
tt3108158,The World of Kanako,Kawaki.,2014,118.0,Drama,6.5,6495,https://www.imdb.com/title/tt3108158
tt0112438,The Babysitter,The Babysitter,1995,88.0,Drama,4.3,6489,https://www.imdb.com/title/tt0112438
tt7797658,Awe!,Awe!,2018,150.0,Drama,7.6,6489,https://www.imdb.com/title/tt7797658
tt0105107,Passion Fish,Passion Fish,1992,135.0,Drama,7.3,6487,https://www.imdb.com/title/tt0105107
tt2139843,Electrick Children,Electrick Children,2012,96.0,Drama,6.7,6485,https://www.imdb.com/title/tt2139843
tt0152836,Taal,Taal,1999,179.0,Drama,6.7,6482,https://www.imdb.com/title/tt0152836
tt3029476,Pressure,Pressure,2015,91.0,Drama,5.6,6481,https://www.imdb.com/title/tt3029476
tt0824316,Dor,Dor,2006,147.0,Drama,7.9,6476,https://www.imdb.com/title/tt0824316
tt10796286,Dear Comrades!,Dorogie tovarishchi,2020,121.0,Drama,7.4,6471,https://www.imdb.com/title/tt10796286
tt0118623,Anna Karenina,Anna Karenina,1997,108.0,Drama,6.3,6461,https://www.imdb.com/title/tt0118623
tt7493370,Adults in the Room,Adults in the Room,2019,124.0,Drama,6.0,6456,https://www.imdb.com/title/tt7493370
tt0787462,Elvis and Anabelle,Elvis and Anabelle,2007,106.0,Drama,7.1,6453,https://www.imdb.com/title/tt0787462
tt0118040,Unforgettable,Unforgettable,1996,117.0,Drama,6.0,6448,https://www.imdb.com/title/tt0118040
tt10360772,My Best Friend Anne Frank,Mijn beste vriendin Anne Frank,2021,103.0,Drama,6.3,6447,https://www.imdb.com/title/tt10360772
tt9173264,Sibyl,Sibyl,2019,101.0,Drama,6.0,6446,https://www.imdb.com/title/tt9173264
tt2328819,A Long Story,Uzun Hikâye,2012,125.0,Drama,7.5,6446,https://www.imdb.com/title/tt2328819
tt8530978,Beats,Beats,2019,109.0,Drama,6.4,6445,https://www.imdb.com/title/tt8530978
tt6613878,Clara,Clara,2018,105.0,Drama,6.7,6444,https://www.imdb.com/title/tt6613878
tt3399896,Terminus,Terminus,2015,94.0,Drama,5.3,6442,https://www.imdb.com/title/tt3399896
tt0337961,In My Skin,Dans ma peau,2002,93.0,Drama,6.2,6441,https://www.imdb.com/title/tt0337961
tt13421132,Sunny,Sunny,2021,93.0,Drama,6.6,6441,https://www.imdb.com/title/tt13421132
tt0102757,The Rapture,The Rapture,1991,100.0,Drama,6.3,6441,https://www.imdb.com/title/tt0102757
tt27655393,Love You Ram,Love You Ram,2023,118.0,Drama,4.6,6439,https://www.imdb.com/title/tt27655393
tt1684925,Wish You Were Here,Wish You Were Here,2012,89.0,Drama,5.9,6430,https://www.imdb.com/title/tt1684925
tt13929998,On a Wing and a Prayer,On a Wing and a Prayer,2023,102.0,Drama,5.5,6430,https://www.imdb.com/title/tt13929998
tt0090557,'Round Midnight,'Round Midnight,1986,133.0,Drama,7.4,6426,https://www.imdb.com/title/tt0090557
tt2112287,Thale,Thale,2012,76.0,Drama,5.5,6423,https://www.imdb.com/title/tt2112287
tt4874206,The Student,(M)uchenik,2016,118.0,Drama,6.9,6422,https://www.imdb.com/title/tt4874206
tt29214162,The Dutchman,The Dutchman,2025,88.0,Drama,5.4,6421,https://www.imdb.com/title/tt29214162
tt1465505,Red White & Blue,Red White & Blue,2010,103.0,Drama,6.3,6421,https://www.imdb.com/title/tt1465505
tt20465746,Last Night of Amore,L'ultima notte di Amore,2023,124.0,Drama,7.1,6402,https://www.imdb.com/title/tt20465746
tt9026524,Bliss,Bliss,2019,80.0,Drama,5.9,6402,https://www.imdb.com/title/tt9026524
tt0948544,Troubled Water,deUsynlige,2008,115.0,Drama,7.5,6402,https://www.imdb.com/title/tt0948544
tt0095532,Little Nikita,Little Nikita,1988,98.0,Drama,5.9,6400,https://www.imdb.com/title/tt0095532
tt2261505,Evim Sensin,Evim Sensin,2012,91.0,Drama,5.1,6398,https://www.imdb.com/title/tt2261505
tt0212826,Bread and Roses,Bread and Roses,2000,110.0,Drama,7.0,6397,https://www.imdb.com/title/tt0212826
tt0459666,Three Times,Zui hao de shi guang,2005,120.0,Drama,6.9,6397,https://www.imdb.com/title/tt0459666
tt7213936,What Will People Say,Hva vil folk si,2017,106.0,Drama,7.4,6389,https://www.imdb.com/title/tt7213936
tt0436374,The Uninvited Guest,El habitante incierto,2004,90.0,Drama,6.7,6388,https://www.imdb.com/title/tt0436374
tt1743724,Guilty of Romance,Koi no tsumi,2011,144.0,Drama,6.8,6386,https://www.imdb.com/title/tt1743724
tt0103262,Wild Hearts Can't Be Broken,Wild Hearts Can't Be Broken,1991,88.0,Drama,7.2,6385,https://www.imdb.com/title/tt0103262
tt9801736,"A White, White Day","Hvítur, hvítur dagur",2019,109.0,Drama,6.6,6376,https://www.imdb.com/title/tt9801736
tt0252963,The Bunker,The Bunker,2001,88.0,Drama,5.4,6372,https://www.imdb.com/title/tt0252963
tt1576440,Good Neighbours,Good Neighbours,2010,99.0,Drama,5.8,6363,https://www.imdb.com/title/tt1576440
tt11286210,Master,Master,2022,98.0,Drama,5.3,6359,https://www.imdb.com/title/tt11286210
tt0085461,The Dresser,The Dresser,1983,118.0,Drama,7.4,6359,https://www.imdb.com/title/tt0085461
tt0096336,Story of Women,Une affaire de femmes,1988,108.0,Drama,7.5,6353,https://www.imdb.com/title/tt0096336
tt0104802,The Mambo Kings,The Mambo Kings,1992,104.0,Drama,6.4,6352,https://www.imdb.com/title/tt0104802
tt0081547,Spetters,Spetters,1980,120.0,Drama,6.7,6350,https://www.imdb.com/title/tt0081547
tt7394674,Blood Quantum,Blood Quantum,2019,98.0,Drama,5.6,6347,https://www.imdb.com/title/tt7394674
tt0087980,The Razor's Edge,The Razor's Edge,1984,128.0,Drama,6.4,6347,https://www.imdb.com/title/tt0087980
tt0206921,Mann - Soul's Heart,Mann,1999,160.0,Drama,6.2,6343,https://www.imdb.com/title/tt0206921
tt8347960,Breath,Breath,2022,106.0,Drama,4.8,6342,https://www.imdb.com/title/tt8347960
tt15193162,The Conversion,The Conversion,2022,134.0,Drama,8.1,6342,https://www.imdb.com/title/tt15193162
tt2801746,Hawaii,Hawaii,2013,102.0,Drama,7.2,6341,https://www.imdb.com/title/tt2801746
tt0910559,Cherry Blossoms,Kirschblüten - Hanami,2008,127.0,Drama,7.6,6338,https://www.imdb.com/title/tt0910559
tt0920462,Lost Girls and Love Hotels,Lost Girls and Love Hotels,2020,97.0,Drama,4.7,6337,https://www.imdb.com/title/tt0920462
tt0113280,Heavy,Heavy,1995,105.0,Drama,6.7,6332,https://www.imdb.com/title/tt0113280
tt2055709,Blindsided,Penthouse North,2013,90.0,Drama,5.5,6330,https://www.imdb.com/title/tt2055709
tt8042116,House Owner,House Owner,2019,109.0,Drama,7.0,6326,https://www.imdb.com/title/tt8042116
tt0897347,The Echo,The Echo,2008,96.0,Drama,5.5,6323,https://www.imdb.com/title/tt0897347
tt2149360,Found,Found,2012,103.0,Drama,5.8,6322,https://www.imdb.com/title/tt2149360
tt15376894,Saint Omer,Saint Omer,2022,122.0,Drama,6.7,6322,https://www.imdb.com/title/tt15376894
tt2848876,The Painting Pool,Howze Naghashi,2013,92.0,Drama,7.4,6321,https://www.imdb.com/title/tt2848876
tt8033592,Us and Them,Hou lai de wo men,2018,120.0,Drama,7.4,6318,https://www.imdb.com/title/tt8033592
tt10362566,The Exorcism of God,The Exorcism of God,2021,98.0,Drama,5.3,6317,https://www.imdb.com/title/tt10362566
tt0472268,The Flying Scotsman,The Flying Scotsman,2006,96.0,Drama,7.0,6306,https://www.imdb.com/title/tt0472268
tt15048606,Lost,Lost,2022,124.0,Drama,5.7,6305,https://www.imdb.com/title/tt15048606
tt0888693,Sleepwalking,Sleepwalking,2008,101.0,Drama,6.1,6304,https://www.imdb.com/title/tt0888693
tt1235187,Where Hands Touch,Where Hands Touch,2018,122.0,Drama,6.6,6304,https://www.imdb.com/title/tt1235187
tt0312841,The Way Home,Jibeuro,2002,80.0,Drama,7.7,6296,https://www.imdb.com/title/tt0312841
tt3159564,My World,Benim Dünyam,2013,100.0,Drama,7.5,6296,https://www.imdb.com/title/tt3159564
tt0119859,Paradise Road,Paradise Road,1997,122.0,Drama,6.8,6295,https://www.imdb.com/title/tt0119859
tt0492835,The King and the Clown,Wang-ui namja,2005,119.0,Drama,7.3,6295,https://www.imdb.com/title/tt0492835
tt4080768,Summertime,La belle saison,2015,105.0,Drama,6.7,6285,https://www.imdb.com/title/tt4080768
tt26690825,Balagam,Balagam,2023,131.0,Drama,7.9,6277,https://www.imdb.com/title/tt26690825
tt0111786,In the Heat of the Sun,Yang guang can lan de ri zi,1994,134.0,Drama,8.0,6276,https://www.imdb.com/title/tt0111786
tt11773308,Ranga Maarthaanda,Rangamarthanda,2023,153.0,Drama,8.0,6275,https://www.imdb.com/title/tt11773308
tt6324614,Sobibor,Sobibor,2018,118.0,Drama,6.4,6272,https://www.imdb.com/title/tt6324614
tt2321502,Uncanny,Uncanny,2015,85.0,Drama,6.2,6271,https://www.imdb.com/title/tt2321502
tt9916362,Coven,Akelarre,2020,92.0,Drama,6.4,6268,https://www.imdb.com/title/tt9916362
tt3661298,Septembers of Shiraz,Septembers of Shiraz,2015,110.0,Drama,6.2,6266,https://www.imdb.com/title/tt3661298
tt1095442,Goodbye Solo,Goodbye Solo,2008,91.0,Drama,7.3,6261,https://www.imdb.com/title/tt1095442
tt0101746,The Doctor,The Doctor,1991,122.0,Drama,6.9,6260,https://www.imdb.com/title/tt0101746
tt3344922,Hungry Hearts,Hungry Hearts,2014,109.0,Drama,6.5,6258,https://www.imdb.com/title/tt3344922
tt1029241,Vinyan,Vinyan,2008,96.0,Drama,5.3,6255,https://www.imdb.com/title/tt1029241
tt7737734,The Other Lamb,The Other Lamb,2019,96.0,Drama,5.3,6252,https://www.imdb.com/title/tt7737734
tt15042300,On Swift Horses,On Swift Horses,2024,119.0,Drama,6.0,6248,https://www.imdb.com/title/tt15042300
tt1848771,Aarakshan,Aarakshan,2011,164.0,Drama,6.2,6243,https://www.imdb.com/title/tt1848771
tt0317042,One Point O,One Point O,2004,95.0,Drama,5.9,6241,https://www.imdb.com/title/tt0317042
tt1034306,Dorothy Mills,Dorothy,2008,102.0,Drama,6.0,6239,https://www.imdb.com/title/tt1034306
tt24249946,The Caine Mutiny Court-Martial,The Caine Mutiny Court-Martial,2023,108.0,Drama,6.7,6239,https://www.imdb.com/title/tt24249946
tt27940347,Riwaj,Riwaj,2025,130.0,Drama,4.9,6239,https://www.imdb.com/title/tt27940347
tt3687398,The Runner,The Runner,2015,90.0,Drama,4.7,6238,https://www.imdb.com/title/tt3687398
tt3735332,Alienated,Alienated,2015,81.0,Drama,3.3,6237,https://www.imdb.com/title/tt3735332
tt1178197,The World is Big and Salvation Lurks Around the Corner,Svetat e golyam i spasenie debne otvsyakade,2008,105.0,Drama,7.9,6236,https://www.imdb.com/title/tt1178197
tt1014806,The Poker House,The Poker House,2008,93.0,Drama,6.2,6234,https://www.imdb.com/title/tt1014806
tt1839642,The Face of Love,The Face of Love,2013,92.0,Drama,6.2,6232,https://www.imdb.com/title/tt1839642
tt0086961,No End,Bez konca,1985,107.0,Drama,7.3,6229,https://www.imdb.com/title/tt0086961
tt8329290,The Golem,The Golem,2018,95.0,Drama,5.5,6217,https://www.imdb.com/title/tt8329290
tt1754367,Post Tenebras Lux,Post Tenebras Lux,2012,115.0,Drama,6.5,6216,https://www.imdb.com/title/tt1754367
tt3640682,I Smile Back,I Smile Back,2015,85.0,Drama,6.2,6210,https://www.imdb.com/title/tt3640682
tt0098063,Paprika,Paprika,1991,99.0,Drama,5.5,6209,https://www.imdb.com/title/tt0098063
tt1221141,The Headless Woman,La mujer sin cabeza,2008,87.0,Drama,6.6,6202,https://www.imdb.com/title/tt1221141
tt12229370,Mothering Sunday,Mothering Sunday,2021,104.0,Drama,6.1,6200,https://www.imdb.com/title/tt12229370
tt3129564,Diplomacy,Diplomatie,2014,84.0,Drama,7.1,6198,https://www.imdb.com/title/tt3129564
tt0116508,Heaven's Prisoners,Heaven's Prisoners,1996,132.0,Drama,5.8,6188,https://www.imdb.com/title/tt0116508
tt3090670,Advantageous,Advantageous,2015,90.0,Drama,6.0,6186,https://www.imdb.com/title/tt3090670
tt0484090,Alone,Alone,2007,105.0,Drama,6.4,6185,https://www.imdb.com/title/tt0484090
tt5735280,It Stains the Sands Red,It Stains the Sands Red,2016,92.0,Drama,5.5,6185,https://www.imdb.com/title/tt5735280
tt0961066,Everlasting Moments,Maria Larssons eviga ögonblick,2008,131.0,Drama,7.5,6180,https://www.imdb.com/title/tt0961066
tt8884906,Monday,Monday,2020,116.0,Drama,5.7,6169,https://www.imdb.com/title/tt8884906
tt1242618,Deadline,Deadline,2009,85.0,Drama,4.6,6164,https://www.imdb.com/title/tt1242618
tt23664710,Kutch Express,Kutch Express,2023,134.0,Drama,7.0,6160,https://www.imdb.com/title/tt23664710
tt0107002,Germinal,Germinal,1993,160.0,Drama,7.1,6152,https://www.imdb.com/title/tt0107002
tt6214084,Something Useful,Ise Yarar Bir Sey,2017,104.0,Drama,7.6,6144,https://www.imdb.com/title/tt6214084
tt0473333,The Backwoods,Bosque de sombras,2006,97.0,Drama,5.7,6140,https://www.imdb.com/title/tt0473333
tt23865712,Kadak Singh,Kadak Singh,2023,128.0,Drama,6.2,6136,https://www.imdb.com/title/tt23865712
tt0434179,Marebito,Marebito,2004,92.0,Drama,6.0,6134,https://www.imdb.com/title/tt0434179
tt0328802,September 11,11'09''01 - September 11,2002,134.0,Drama,6.8,6132,https://www.imdb.com/title/tt0328802
tt0086231,Sagara Sangamam,Sagara Sangamam,1983,160.0,Drama,8.7,6127,https://www.imdb.com/title/tt0086231
tt0102753,Rambling Rose,Rambling Rose,1991,112.0,Drama,6.5,6124,https://www.imdb.com/title/tt0102753
tt5510934,The Unnamed,Oggatonama,2016,100.0,Drama,8.9,6123,https://www.imdb.com/title/tt5510934
tt4922674,Parallel,Parallel,2018,104.0,Drama,5.9,6120,https://www.imdb.com/title/tt4922674
tt7112154,Asako I & II,Nete mo samete mo,2018,119.0,Drama,7.1,6113,https://www.imdb.com/title/tt7112154
tt1613040,Leader,Leader,2010,167.0,Drama,8.0,6113,https://www.imdb.com/title/tt1613040
tt19704542,Sidelined: The QB and Me,Sidelined: The QB and Me,2024,99.0,Drama,5.8,6110,https://www.imdb.com/title/tt19704542
tt1801061,Me and You,Io e te,2012,103.0,Drama,6.5,6109,https://www.imdb.com/title/tt1801061
tt7807026,Your Son,Tu hijo,2018,103.0,Drama,6.1,6109,https://www.imdb.com/title/tt7807026
tt13391708,The Five Devils,Les Cinq Diables,2022,103.0,Drama,6.7,6108,https://www.imdb.com/title/tt13391708
tt0091647,Nomads,Nomads,1986,91.0,Drama,5.2,6102,https://www.imdb.com/title/tt0091647
tt0086655,One Deadly Summer,L'été meurtrier,1983,133.0,Drama,7.2,6095,https://www.imdb.com/title/tt0086655
tt2113075,The Inevitable Defeat of Mister & Pete,The Inevitable Defeat of Mister & Pete,2013,108.0,Drama,7.5,6093,https://www.imdb.com/title/tt2113075
tt0120323,A Thousand Acres,A Thousand Acres,1997,105.0,Drama,6.1,6092,https://www.imdb.com/title/tt0120323
tt14186876,Bring Them Down,Bring Them Down,2024,106.0,Drama,6.4,6091,https://www.imdb.com/title/tt14186876
tt0420291,Keane,Keane,2004,100.0,Drama,6.8,6084,https://www.imdb.com/title/tt0420291
tt26731216,The Forge,The Forge,2024,124.0,Drama,6.8,6079,https://www.imdb.com/title/tt26731216
tt0433350,Boy Culture,Boy Culture,2006,88.0,Drama,6.8,6078,https://www.imdb.com/title/tt0433350
tt2106550,Möbius,Möbius,2013,103.0,Drama,6.2,6078,https://www.imdb.com/title/tt2106550
tt8307082,Sauvage/Wild,Sauvage,2018,99.0,Drama,7.1,6076,https://www.imdb.com/title/tt8307082
tt13495458,The Inspection,The Inspection,2022,95.0,Drama,6.7,6075,https://www.imdb.com/title/tt13495458
tt9581076,"So Long, My Son",Di jiu tian chang,2019,185.0,Drama,7.7,6074,https://www.imdb.com/title/tt9581076
tt6426028,Knife + Heart,Un couteau dans le coeur,2018,102.0,Drama,6.2,6073,https://www.imdb.com/title/tt6426028
tt4392770,Always Shine,Always Shine,2016,85.0,Drama,5.6,6069,https://www.imdb.com/title/tt4392770
tt13280054,Blood,Blood,2022,108.0,Drama,5.5,6061,https://www.imdb.com/title/tt13280054
tt2088950,The Show,This Is Your Death,2017,104.0,Drama,5.6,6053,https://www.imdb.com/title/tt2088950
tt2296697,Concussion,Concussion,2013,96.0,Drama,5.6,6050,https://www.imdb.com/title/tt2296697
tt8737614,Majili,Majili,2019,154.0,Drama,7.3,6045,https://www.imdb.com/title/tt8737614
tt1113810,M like Mother,Mim mesle madar,2006,113.0,Drama,7.4,6045,https://www.imdb.com/title/tt1113810
tt15048614,Blurr,Blurr,2022,127.0,Drama,5.8,6043,https://www.imdb.com/title/tt15048614
tt5149490,Gwen,Gwen,2018,84.0,Drama,5.7,6040,https://www.imdb.com/title/tt5149490
tt1437357,Faust,Faust,2011,140.0,Drama,6.5,6029,https://www.imdb.com/title/tt1437357
tt11388278,A Week Away,A Week Away,2021,94.0,Drama,5.8,6028,https://www.imdb.com/title/tt11388278
tt1890373,Combat Girls,Kriegerin,2011,107.0,Drama,6.7,6027,https://www.imdb.com/title/tt1890373
tt0445953,Disgrace,Disgrace,2008,119.0,Drama,6.5,6025,https://www.imdb.com/title/tt0445953
tt6999052,Mario,Mario,2018,124.0,Drama,7.4,6023,https://www.imdb.com/title/tt6999052
tt0210727,Himalaya,Himalaya - l'enfance d'un chef,1999,108.0,Drama,7.5,6017,https://www.imdb.com/title/tt0210727
tt1707391,4:44 Last Day on Earth,4:44 Last Day on Earth,2011,82.0,Drama,4.7,6016,https://www.imdb.com/title/tt1707391
tt1270286,To Save a Life,To Save a Life,2009,120.0,Drama,6.8,6010,https://www.imdb.com/title/tt1270286
tt13143988,Nail Polish,Nail Polish,2021,128.0,Drama,7.2,6010,https://www.imdb.com/title/tt13143988
tt1319694,Glorious 39,Glorious 39,2009,129.0,Drama,6.4,6007,https://www.imdb.com/title/tt1319694
tt9319826,Jungle Cry,Jungle Cry,2022,117.0,Drama,7.2,6007,https://www.imdb.com/title/tt9319826
tt11651780,Choked,Choked,2020,114.0,Drama,5.7,6005,https://www.imdb.com/title/tt11651780
tt0098260,Scandal,Scandal,1989,106.0,Drama,6.4,6001,https://www.imdb.com/title/tt0098260
tt0418778,Infection,Kansen,2004,98.0,Drama,6.0,5995,https://www.imdb.com/title/tt0418778
tt1021004,Egg,Yumurta,2007,97.0,Drama,6.6,5984,https://www.imdb.com/title/tt1021004
tt2818654,Cemetery of Splendor,Rak ti Khon Kaen,2015,122.0,Drama,6.8,5980,https://www.imdb.com/title/tt2818654
tt24515124,Winter Spring Summer or Fall,Winter Spring Summer or Fall,2024,97.0,Drama,6.1,5980,https://www.imdb.com/title/tt24515124
tt0434292,Princesses,Princesas,2005,109.0,Drama,7.0,5978,https://www.imdb.com/title/tt0434292
tt14527836,Recalled,Naeileui gieok,2021,99.0,Drama,6.7,5968,https://www.imdb.com/title/tt14527836
tt1618447,Goodbye First Love,Un amour de jeunesse,2011,110.0,Drama,6.7,5967,https://www.imdb.com/title/tt1618447
tt4300480,Italian Race,Veloce come il vento,2016,118.0,Drama,7.2,5966,https://www.imdb.com/title/tt4300480
tt18951176,Gulmohar,Gulmohar,2023,131.0,Drama,7.6,5960,https://www.imdb.com/title/tt18951176
tt2443822,The Boy,The Boy,2015,111.0,Drama,5.5,5952,https://www.imdb.com/title/tt2443822
tt3283804,Are We OK?,Tamam Miyiz?,2013,92.0,Drama,7.0,5951,https://www.imdb.com/title/tt3283804
tt2386285,Road to Paloma,Road to Paloma,2014,91.0,Drama,6.0,5950,https://www.imdb.com/title/tt2386285
tt33888131,Aap Jaisa Koi,Aap Jaisa Koi,2025,114.0,Drama,5.8,5948,https://www.imdb.com/title/tt33888131
tt0316188,Raising Victor Vargas,Raising Victor Vargas,2002,88.0,Drama,7.2,5946,https://www.imdb.com/title/tt0316188
tt0204709,An Affair of Love,Une liaison pornographique,1999,80.0,Drama,6.9,5945,https://www.imdb.com/title/tt0204709
tt0103125,True Colors,True Colors,1991,111.0,Drama,6.3,5942,https://www.imdb.com/title/tt0103125
tt4614612,Peterloo,Peterloo,2018,154.0,Drama,6.5,5940,https://www.imdb.com/title/tt4614612
tt5919756,Disappearance at Clifton Hill,Clifton Hill,2019,100.0,Drama,5.4,5929,https://www.imdb.com/title/tt5919756
tt0428856,The Moustache,La moustache,2005,87.0,Drama,6.6,5929,https://www.imdb.com/title/tt0428856
tt2429292,Shed No Tears,Känn ingen sorg,2013,109.0,Drama,6.9,5922,https://www.imdb.com/title/tt2429292
tt10702148,The Killing of Two Lovers,The Killing of Two Lovers,2020,85.0,Drama,6.8,5919,https://www.imdb.com/title/tt10702148
tt0117093,Mother Night,Mother Night,1996,114.0,Drama,7.1,5907,https://www.imdb.com/title/tt0117093
tt0112313,Akele Hum Akele Tum,Akele Hum Akele Tum,1995,160.0,Drama,6.9,5903,https://www.imdb.com/title/tt0112313
tt0110361,Lisbon Story,Lisbon Story,1994,100.0,Drama,7.1,5903,https://www.imdb.com/title/tt0110361
tt0088213,Swing Shift,Swing Shift,1984,100.0,Drama,6.0,5898,https://www.imdb.com/title/tt0088213
tt0405266,Raincoat,Raincoat,2004,117.0,Drama,7.7,5896,https://www.imdb.com/title/tt0405266
tt8941440,Virus,Virus,2019,152.0,Drama,7.7,5894,https://www.imdb.com/title/tt8941440
tt9067182,Rocks,Rocks,2019,93.0,Drama,7.4,5889,https://www.imdb.com/title/tt9067182
tt0281924,I Am Dina,I Am Dina,2002,125.0,Drama,6.5,5889,https://www.imdb.com/title/tt0281924
tt0191636,Widow of St. Pierre,La veuve de Saint-Pierre,2000,112.0,Drama,7.1,5883,https://www.imdb.com/title/tt0191636
tt1657517,The Song of Names,The Song of Names,2019,113.0,Drama,6.5,5875,https://www.imdb.com/title/tt1657517
tt4513316,Novitiate,Novitiate,2017,123.0,Drama,6.7,5870,https://www.imdb.com/title/tt4513316
tt7288408,Radioflash,Radioflash,2019,103.0,Drama,4.8,5870,https://www.imdb.com/title/tt7288408
tt0105191,Pure Country,Pure Country,1992,112.0,Drama,7.2,5865,https://www.imdb.com/title/tt0105191
tt5338222,"My Tomorrow, Your Yesterday","Boku wa asu, kinou no kimi to dêto suru",2016,111.0,Drama,7.4,5865,https://www.imdb.com/title/tt5338222
tt0090203,The Trip to Bountiful,The Trip to Bountiful,1985,108.0,Drama,7.4,5851,https://www.imdb.com/title/tt0090203
tt1638353,The Patience Stone,"Syngué sabour, pierre de patience",2012,102.0,Drama,7.1,5847,https://www.imdb.com/title/tt1638353
tt11591424,The Stay,The Stay,2021,87.0,Drama,4.1,5846,https://www.imdb.com/title/tt11591424
tt0437447,Riding Alone for Thousands of Miles,Qian li zou dan qi,2005,107.0,Drama,7.3,5846,https://www.imdb.com/title/tt0437447
tt3709344,CityLights,City Lights,2014,126.0,Drama,7.3,5843,https://www.imdb.com/title/tt3709344
tt10937434,Ultras,Ultras,2020,108.0,Drama,6.2,5841,https://www.imdb.com/title/tt10937434
tt0340376,The Statement,The Statement,2003,120.0,Drama,6.2,5841,https://www.imdb.com/title/tt0340376
tt36118360,Tu Yaa Main,Tu Yaa Main,2026,143.0,Drama,6.5,5837,https://www.imdb.com/title/tt36118360
tt0407998,The Mistress of Spices,The Mistress of Spices,2005,92.0,Drama,5.5,5835,https://www.imdb.com/title/tt0407998
tt0106535,The Cement Garden,The Cement Garden,1993,101.0,Drama,7.0,5830,https://www.imdb.com/title/tt0106535
tt0330904,A Snake of June,Rokugatsu no hebi,2002,77.0,Drama,6.8,5828,https://www.imdb.com/title/tt0330904
tt1627924,Mausam,Mausam,2011,161.0,Drama,4.8,5827,https://www.imdb.com/title/tt1627924
tt29702934,Sila Nodigalil,Sila Nodigalil,2023,94.0,Drama,5.1,5824,https://www.imdb.com/title/tt29702934
tt1951166,Capital,Le capital,2012,114.0,Drama,6.5,5823,https://www.imdb.com/title/tt1951166
tt5577494,Clemency,Clemency,2019,112.0,Drama,6.5,5823,https://www.imdb.com/title/tt5577494
tt2307002,One Eyed Girl,One Eyed Girl,2013,102.0,Drama,5.2,5819,https://www.imdb.com/title/tt2307002
tt2201548,A Teacher,A Teacher,2013,75.0,Drama,4.8,5811,https://www.imdb.com/title/tt2201548
tt21097192,Die Alone,Die Alone,2024,90.0,Drama,5.8,5807,https://www.imdb.com/title/tt21097192
tt3186318,Hellion,Hellion,2014,99.0,Drama,6.0,5804,https://www.imdb.com/title/tt3186318
tt0783767,Angel,Angel,2007,134.0,Drama,5.8,5804,https://www.imdb.com/title/tt0783767
tt1039652,The Zone,La Zona,2007,97.0,Drama,7.0,5803,https://www.imdb.com/title/tt1039652
tt0172627,Body Shots,Body Shots,1999,106.0,Drama,4.9,5798,https://www.imdb.com/title/tt0172627
tt0242252,The Affair of the Necklace,The Affair of the Necklace,2001,118.0,Drama,6.0,5795,https://www.imdb.com/title/tt0242252
tt1541149,Albatross,Albatross,2011,90.0,Drama,6.3,5792,https://www.imdb.com/title/tt1541149
tt5973032,Antiporno,Anchiporuno,2016,76.0,Drama,6.3,5786,https://www.imdb.com/title/tt5973032
tt5936492,The Witch in the Window,The Witch in the Window,2018,77.0,Drama,5.7,5784,https://www.imdb.com/title/tt5936492
tt0114808,The Star Maker,L'uomo delle stelle,1995,113.0,Drama,7.3,5784,https://www.imdb.com/title/tt0114808
tt0080464,The Boogey Man,The Boogey Man,1980,82.0,Drama,4.7,5782,https://www.imdb.com/title/tt0080464
tt2084977,The Scapegoat,The Scapegoat,2012,108.0,Drama,7.2,5782,https://www.imdb.com/title/tt2084977
tt33294533,Ronth,Ronth,2025,122.0,Drama,7.1,5780,https://www.imdb.com/title/tt33294533
tt32792934,The Plague,The Plague,2025,98.0,Drama,6.4,5777,https://www.imdb.com/title/tt32792934
tt3136112,Shelter,Shelter,2014,105.0,Drama,6.5,5770,https://www.imdb.com/title/tt3136112
tt5883632,Esteros,Esteros,2016,83.0,Drama,7.0,5769,https://www.imdb.com/title/tt5883632
tt0094315,The Whales of August,The Whales of August,1987,90.0,Drama,7.1,5769,https://www.imdb.com/title/tt0094315
tt9616700,Adu,Adú,2020,119.0,Drama,6.8,5764,https://www.imdb.com/title/tt9616700
tt15560626,Bhoothakaalam,Bhoothakaalam,2022,105.0,Drama,7.4,5761,https://www.imdb.com/title/tt15560626
tt0348505,Asylum,Asylum,2005,99.0,Drama,6.1,5760,https://www.imdb.com/title/tt0348505
tt6544220,The Mandela Effect,The Mandela Effect,2019,79.0,Drama,5.8,5758,https://www.imdb.com/title/tt6544220
tt3717068,Court,Court,2014,116.0,Drama,7.6,5757,https://www.imdb.com/title/tt3717068
tt6012380,Ordinary Love,Ordinary Love,2019,92.0,Drama,6.6,5755,https://www.imdb.com/title/tt6012380
tt27930156,I Love You,I Love You,2023,93.0,Drama,5.4,5743,https://www.imdb.com/title/tt27930156
tt0366721,Trilogy: The Weeping Meadow,Trilogia: To livadi pou dakryzei,2004,170.0,Drama,7.8,5741,https://www.imdb.com/title/tt0366721
tt1852770,Dracula 3D,Dracula 3D,2012,110.0,Drama,3.6,5738,https://www.imdb.com/title/tt1852770
tt14960612,See You on Venus,See You on Venus,2023,94.0,Drama,6.1,5737,https://www.imdb.com/title/tt14960612
tt4074928,Realive,Realive,2016,112.0,Drama,5.9,5730,https://www.imdb.com/title/tt4074928
tt9034290,Turkish Ice-Cream,Türk Isi Dondurma,2019,123.0,Drama,6.4,5729,https://www.imdb.com/title/tt9034290
tt0322659,Northfork,Northfork,2003,103.0,Drama,6.2,5723,https://www.imdb.com/title/tt0322659
tt13623916,Toolsidas Junior,Toolsidas Junior,2022,132.0,Drama,7.5,5720,https://www.imdb.com/title/tt13623916
tt1155053,A Frozen Flower,Ssang-hwa-jeom,2008,133.0,Drama,7.1,5720,https://www.imdb.com/title/tt1155053
tt0365960,Zero Day,Zero Day,2002,92.0,Drama,7.2,5715,https://www.imdb.com/title/tt0365960
tt4255110,Contracted: Phase II,Contracted: Phase II,2015,78.0,Drama,5.0,5714,https://www.imdb.com/title/tt4255110
tt3922816,The Daughter,The Daughter,2015,96.0,Drama,6.6,5714,https://www.imdb.com/title/tt3922816
tt5764024,OK Jaanu,OK Jaanu,2017,135.0,Drama,5.4,5710,https://www.imdb.com/title/tt5764024
tt1288376,When We Leave,Die Fremde,2010,119.0,Drama,7.5,5708,https://www.imdb.com/title/tt1288376
tt0095037,"Distant Voices, Still Lives","Distant Voices, Still Lives",1988,84.0,Drama,7.4,5707,https://www.imdb.com/title/tt0095037
tt28131427,Black Dog,Gouzhen,2024,116.0,Drama,7.2,5706,https://www.imdb.com/title/tt28131427
tt0152015,Pola X,Pola X,1999,134.0,Drama,5.7,5697,https://www.imdb.com/title/tt0152015
tt5060166,Beyond the Woods,Beyond the Woods,2016,84.0,Drama,4.3,5689,https://www.imdb.com/title/tt5060166
tt0080948,The Jazz Singer,The Jazz Singer,1980,115.0,Drama,6.0,5686,https://www.imdb.com/title/tt0080948
tt12358104,Two,Dos,2021,70.0,Drama,4.3,5685,https://www.imdb.com/title/tt12358104
tt20854842,Ved,Ved,2022,148.0,Drama,7.2,5681,https://www.imdb.com/title/tt20854842
tt28635681,Gorre Puranam,Gorre Puranam,2024,103.0,Drama,5.4,5680,https://www.imdb.com/title/tt28635681
tt1365474,Stricken,Komt een vrouw bij de dokter,2009,113.0,Drama,6.8,5679,https://www.imdb.com/title/tt1365474
tt9652782,Bait,Bait,2019,89.0,Drama,7.1,5673,https://www.imdb.com/title/tt9652782
tt1959438,Kiss of the Damned,Kiss of the Damned,2012,97.0,Drama,5.5,5670,https://www.imdb.com/title/tt1959438
tt0209180,Sky Hook,Nebeska udica,2000,95.0,Drama,8.2,5670,https://www.imdb.com/title/tt0209180
tt15189534,The Wrath of God,La ira de Dios,2022,97.0,Drama,5.8,5669,https://www.imdb.com/title/tt15189534
tt6341826,In the Blink of an Eye,In the Blink of an Eye,2026,94.0,Drama,6.1,5661,https://www.imdb.com/title/tt6341826
tt1100048,35 Shots of Rum,35 rhums,2008,100.0,Drama,7.1,5660,https://www.imdb.com/title/tt1100048
tt1239426,Hipsters,Stilyagi,2008,115.0,Drama,7.1,5660,https://www.imdb.com/title/tt1239426
tt4795546,Nocturama,Nocturama,2016,130.0,Drama,6.4,5658,https://www.imdb.com/title/tt4795546
tt0105569,Tetsuo II: Body Hammer,Tetsuo II: Body Hammer,1992,83.0,Drama,6.4,5655,https://www.imdb.com/title/tt0105569
tt1320352,Nothing Personal,Nothing Personal,2009,85.0,Drama,6.9,5652,https://www.imdb.com/title/tt1320352
tt3165630,The Benefactor,The Benefactor,2015,93.0,Drama,5.2,5650,https://www.imdb.com/title/tt3165630
tt7296862,SPF-18,SPF-18,2017,75.0,Drama,3.2,5643,https://www.imdb.com/title/tt7296862
tt0100046,The Long Walk Home,The Long Walk Home,1990,97.0,Drama,7.3,5643,https://www.imdb.com/title/tt0100046
tt39310158,The Kerala Story 2 Goes Beyond,The Kerala Story 2 Goes Beyond,2026,131.0,Drama,5.3,5638,https://www.imdb.com/title/tt39310158
tt0242795,Come Undone,Presque rien,2000,100.0,Drama,6.7,5637,https://www.imdb.com/title/tt0242795
tt4305148,Lovesong,Lovesong,2016,84.0,Drama,6.3,5637,https://www.imdb.com/title/tt4305148
tt15507512,The Piano Lesson,The Piano Lesson,2024,127.0,Drama,6.2,5633,https://www.imdb.com/title/tt15507512
tt0269746,What Time Is It There?,Ni na bian ji dian,2001,116.0,Drama,7.3,5627,https://www.imdb.com/title/tt0269746
tt1563704,Legendary,Legendary,2010,107.0,Drama,6.1,5623,https://www.imdb.com/title/tt1563704
tt1566501,For Greater Glory: The True Story of Cristiada,For Greater Glory: The True Story of Cristiada,2012,145.0,Drama,6.6,5617,https://www.imdb.com/title/tt1566501
tt2112293,The Comedy,The Comedy,2012,95.0,Drama,6.3,5612,https://www.imdb.com/title/tt2112293
tt2371824,Paradise: Faith,Paradies: Glaube,2012,115.0,Drama,6.7,5610,https://www.imdb.com/title/tt2371824
tt1462054,Letters to God,Letters to God,2010,110.0,Drama,6.2,5606,https://www.imdb.com/title/tt1462054
tt4966532,I Remember You,Ég man þig,2017,105.0,Drama,6.1,5604,https://www.imdb.com/title/tt4966532
tt12058584,Chess Story,Schachnovelle,2021,110.0,Drama,6.8,5601,https://www.imdb.com/title/tt12058584
tt2440036,Hush! Girls Don't Scream,Hiss Dokhtarha Faryad Nemizanand,2013,106.0,Drama,6.9,5598,https://www.imdb.com/title/tt2440036
tt6515910,The Kindness of Strangers,The Kindness of Strangers,2019,112.0,Drama,6.6,5596,https://www.imdb.com/title/tt6515910
tt0411469,Hazaaron Khwaishein Aisi,Hazaaron Khwaishein Aisi,2003,120.0,Drama,7.9,5590,https://www.imdb.com/title/tt0411469
tt0119062,The End of Violence,The End of Violence,1997,122.0,Drama,5.6,5587,https://www.imdb.com/title/tt0119062
tt0316078,Kadhalukku Mariyadhai,Kadhalukku Mariyadhai,1997,165.0,Drama,8.2,5583,https://www.imdb.com/title/tt0316078
tt5580392,Amateur,Amateur,2018,96.0,Drama,5.9,5576,https://www.imdb.com/title/tt5580392
tt0359692,When the Last Sword Is Drawn,Mibu gishi den,2002,143.0,Drama,7.4,5574,https://www.imdb.com/title/tt0359692
tt1774591,Teenage Cocktail,Teenage Cocktail,2016,88.0,Drama,5.8,5573,https://www.imdb.com/title/tt1774591
tt1206285,Camino,Camino,2008,138.0,Drama,7.4,5569,https://www.imdb.com/title/tt1206285
tt1528813,The Penitent Man,The Penitent Man,2010,92.0,Drama,5.7,5563,https://www.imdb.com/title/tt1528813
tt2275802,Satyagraha,Satyagraha,2013,152.0,Drama,5.9,5561,https://www.imdb.com/title/tt2275802
tt4622682,Above the Shadows,Above the Shadows,2019,111.0,Drama,6.1,5556,https://www.imdb.com/title/tt4622682
tt0757157,A Millionaire's First Love,Baekmanjangja-ui cheot-sarang,2006,116.0,Drama,7.2,5555,https://www.imdb.com/title/tt0757157
tt1565064,In Montauk,In Montauk,2012,69.0,Drama,4.7,5539,https://www.imdb.com/title/tt1565064
tt0415932,Lemming,Lemming,2005,129.0,Drama,6.7,5537,https://www.imdb.com/title/tt0415932
tt8269552,3 Faces,Se rokh,2018,100.0,Drama,7.0,5534,https://www.imdb.com/title/tt8269552
tt23782140,Vaazhai,Vaazhai,2024,134.0,Drama,7.7,5526,https://www.imdb.com/title/tt23782140
tt0240402,The Center of the World,The Center of the World,2001,88.0,Drama,5.8,5524,https://www.imdb.com/title/tt0240402
tt0090197,In a Glass Cage,Tras el cristal,1986,110.0,Drama,6.7,5523,https://www.imdb.com/title/tt0090197
tt4630444,Being Charlie,Being Charlie,2015,97.0,Drama,6.2,5522,https://www.imdb.com/title/tt4630444
tt11953194,Hey Sinamika,Hey! Sinamika,2022,150.0,Drama,6.3,5522,https://www.imdb.com/title/tt11953194
tt5517438,7 Years,7 años,2016,77.0,Drama,6.7,5516,https://www.imdb.com/title/tt5517438
tt20452454,Binny and Family,Binny and Family,2024,140.0,Drama,7.4,5511,https://www.imdb.com/title/tt20452454
tt1840911,Angels of Sex,El sexo de los ángeles,2012,105.0,Drama,6.4,5499,https://www.imdb.com/title/tt1840911
tt5593384,Truth and Justice,Tõde ja õigus,2019,165.0,Drama,7.9,5498,https://www.imdb.com/title/tt5593384
tt4768776,"Right Now, Wrong Then",Ji-geum-eun mat-go geu-ttae-neun teul-li-da,2015,121.0,Drama,7.1,5496,https://www.imdb.com/title/tt4768776
tt28766949,Uranus 2324,Uranus 2324,2024,130.0,Drama,6.3,5494,https://www.imdb.com/title/tt28766949
tt0867334,Jolene,Jolene,2008,121.0,Drama,6.4,5493,https://www.imdb.com/title/tt0867334
tt0249188,Thoovanathumbikal,Thoovanathumbikal,1987,151.0,Drama,8.6,5492,https://www.imdb.com/title/tt0249188
tt6520954,Debi,Debi,2018,107.0,Drama,7.7,5492,https://www.imdb.com/title/tt6520954
tt23804378,Three of Us,Three of Us,2022,99.0,Drama,7.5,5490,https://www.imdb.com/title/tt23804378
tt0990413,Sugar,Sugar,2008,114.0,Drama,7.1,5485,https://www.imdb.com/title/tt0990413
tt0109066,Vive L'Amour,Ai qing wan sui,1994,118.0,Drama,7.4,5485,https://www.imdb.com/title/tt0109066
tt1034302,The Cry of the Owl,The Cry of the Owl,2009,100.0,Drama,5.9,5483,https://www.imdb.com/title/tt1034302
tt2380207,Stockholm,Stockholm,2013,90.0,Drama,6.8,5473,https://www.imdb.com/title/tt2380207
tt1931470,Declaration of War,La guerre est déclarée,2011,100.0,Drama,7.0,5471,https://www.imdb.com/title/tt1931470
tt1906426,Michael,Michael,2011,96.0,Drama,6.9,5468,https://www.imdb.com/title/tt1906426
tt0315110,Twentynine Palms,Twentynine Palms,2003,119.0,Drama,5.1,5467,https://www.imdb.com/title/tt0315110
tt27302079,Aattam,Aattam,2023,139.0,Drama,8.1,5466,https://www.imdb.com/title/tt27302079
tt8970448,Adopt a Highway,Adopt a Highway,2019,81.0,Drama,6.3,5463,https://www.imdb.com/title/tt8970448
tt3155342,All Together Now,All Together Now,2020,92.0,Drama,6.5,5463,https://www.imdb.com/title/tt3155342
tt0783515,The Education of Charlie Banks,The Education of Charlie Banks,2007,100.0,Drama,6.5,5461,https://www.imdb.com/title/tt0783515
tt0102687,Poison,Poison,1991,85.0,Drama,6.3,5457,https://www.imdb.com/title/tt0102687
tt0102369,Mother,Madar,1990,108.0,Drama,8.5,5456,https://www.imdb.com/title/tt0102369
tt4830786,The Cakemaker,The Cakemaker,2017,113.0,Drama,7.3,5456,https://www.imdb.com/title/tt4830786
tt10192566,Alone,Alone,2020,92.0,Drama,5.1,5455,https://www.imdb.com/title/tt10192566
tt2092011,What Richard Did,What Richard Did,2012,88.0,Drama,6.2,5452,https://www.imdb.com/title/tt2092011
tt9247314,Spiral,Spiral,2019,87.0,Drama,5.5,5447,https://www.imdb.com/title/tt9247314
tt1158939,Never Grow Old,Never Grow Old,2019,100.0,Drama,6.0,5447,https://www.imdb.com/title/tt1158939
tt0096171,Stealing Home,Stealing Home,1988,98.0,Drama,6.6,5445,https://www.imdb.com/title/tt0096171
tt1135095,Tell Tale,Tell-Tale,2009,93.0,Drama,5.3,5441,https://www.imdb.com/title/tt1135095
tt1623745,Little Birds,Little Birds,2011,94.0,Drama,6.1,5441,https://www.imdb.com/title/tt1623745
tt0113947,Nelly & Monsieur Arnaud,Nelly & Monsieur Arnaud,1995,106.0,Drama,7.2,5440,https://www.imdb.com/title/tt0113947
tt0363532,Intimate Strangers,Confidences trop intimes,2004,104.0,Drama,6.9,5438,https://www.imdb.com/title/tt0363532
tt0149723,Besieged,L'assedio,1998,93.0,Drama,6.8,5437,https://www.imdb.com/title/tt0149723
tt1823059,A Perfect Ending,A Perfect Ending,2012,110.0,Drama,5.6,5436,https://www.imdb.com/title/tt1823059
tt0378215,King's Game,Kongekabale,2004,107.0,Drama,7.3,5434,https://www.imdb.com/title/tt0378215
tt0092842,Dead of Winter,Dead of Winter,1987,100.0,Drama,6.2,5430,https://www.imdb.com/title/tt0092842
tt0483180,Thanmathra,Thanmathra,2005,160.0,Drama,8.4,5423,https://www.imdb.com/title/tt0483180
tt0106335,The Baby of Mâcon,The Baby of Mâcon,1993,122.0,Drama,6.9,5417,https://www.imdb.com/title/tt0106335
tt0093754,Repentance,Monanieba,1984,153.0,Drama,8.0,5413,https://www.imdb.com/title/tt0093754
tt1371574,Kosmos,Kosmos,2009,122.0,Drama,7.0,5410,https://www.imdb.com/title/tt1371574
tt0080756,Foxes,Foxes,1980,106.0,Drama,6.1,5410,https://www.imdb.com/title/tt0080756
tt2337841,Bottom of the World,Bottom of the World,2017,85.0,Drama,5.0,5409,https://www.imdb.com/title/tt2337841
tt0114928,White Man's Burden,White Man's Burden,1995,89.0,Drama,5.3,5407,https://www.imdb.com/title/tt0114928
tt0197569,Humanity,L'humanité,1999,141.0,Drama,6.8,5406,https://www.imdb.com/title/tt0197569
tt8358220,After Midnight,After Midnight,2019,83.0,Drama,5.4,5406,https://www.imdb.com/title/tt8358220
tt0348853,Nathalie...,Nathalie...,2003,100.0,Drama,6.3,5404,https://www.imdb.com/title/tt0348853
tt0468820,Noriko's Dinner Table,Noriko no shokutaku,2005,159.0,Drama,7.0,5403,https://www.imdb.com/title/tt0468820
tt6412864,On the Beach at Night Alone,Bamui haebyun-eoseo honja,2017,101.0,Drama,6.8,5398,https://www.imdb.com/title/tt6412864
tt2371834,Paradise: Hope,Paradies: Hoffnung,2013,92.0,Drama,6.6,5394,https://www.imdb.com/title/tt2371834
tt1790834,Simon Killer,Simon Killer,2012,106.0,Drama,6.3,5388,https://www.imdb.com/title/tt1790834
tt4058500,A Perfect Man,Un homme idéal,2015,104.0,Drama,6.8,5385,https://www.imdb.com/title/tt4058500
tt13899570,Kannagi,Kannagi,2023,158.0,Drama,6.5,5374,https://www.imdb.com/title/tt13899570
tt0478829,Vitus,Vitus,2006,123.0,Drama,7.6,5372,https://www.imdb.com/title/tt0478829
tt0162830,Twin Falls Idaho,Twin Falls Idaho,1999,111.0,Drama,7.1,5372,https://www.imdb.com/title/tt0162830
tt3864060,Unstoppable,Unstoppable,2024,116.0,Drama,6.8,5367,https://www.imdb.com/title/tt3864060
tt0101891,The Five Heartbeats,The Five Heartbeats,1991,121.0,Drama,7.6,5365,https://www.imdb.com/title/tt0101891
tt4928620,Pathemari,Pathemari,2015,118.0,Drama,8.3,5364,https://www.imdb.com/title/tt4928620
tt2042583,The Golden Dream,La jaula de oro,2013,108.0,Drama,7.6,5360,https://www.imdb.com/title/tt2042583
tt0338706,Alexandra's Project,Alexandra's Project,2003,103.0,Drama,6.5,5359,https://www.imdb.com/title/tt0338706
tt1839522,Circles,Krugovi,2013,112.0,Drama,7.7,5357,https://www.imdb.com/title/tt1839522
tt20205236,No Bears,Khers nist,2022,106.0,Drama,7.2,5357,https://www.imdb.com/title/tt20205236
tt1907731,Nobody Walks,Nobody Walks,2012,83.0,Drama,5.3,5348,https://www.imdb.com/title/tt1907731
tt5479616,Amar,Amar,2017,105.0,Drama,5.1,5344,https://www.imdb.com/title/tt5479616
tt0451787,Kyon Ki...,Kyon Ki...,2005,160.0,Drama,5.6,5339,https://www.imdb.com/title/tt0451787
tt2402091,The Reunion,Återträffen,2013,90.0,Drama,6.8,5338,https://www.imdb.com/title/tt2402091
tt3754976,Elephant Song,Elephant Song,2014,110.0,Drama,6.5,5337,https://www.imdb.com/title/tt3754976
tt9902160,Herself,Herself,2020,97.0,Drama,7.0,5335,https://www.imdb.com/title/tt9902160
tt3904278,We Go On,We Go On,2016,90.0,Drama,5.8,5335,https://www.imdb.com/title/tt3904278
tt5836316,The Last Movie Star,Dog Years,2017,94.0,Drama,7.0,5331,https://www.imdb.com/title/tt5836316
tt2396721,The Scribbler,The Scribbler,2014,88.0,Drama,5.3,5329,https://www.imdb.com/title/tt2396721
tt5160928,Mean Dreams,Mean Dreams,2016,108.0,Drama,6.3,5329,https://www.imdb.com/title/tt5160928
tt3104818,"Like Sunday, Like Rain","Like Sunday, Like Rain",2014,104.0,Drama,6.9,5328,https://www.imdb.com/title/tt3104818
tt1620604,We Are What We Are,Somos lo que hay,2010,90.0,Drama,5.7,5324,https://www.imdb.com/title/tt1620604
tt0465188,Golden Door,Nuovomondo,2006,118.0,Drama,6.8,5323,https://www.imdb.com/title/tt0465188
tt0368619,Brides,Nyfes,2004,128.0,Drama,7.6,5323,https://www.imdb.com/title/tt0368619
tt0792966,Blame it on Fidel,La faute à Fidel!,2006,99.0,Drama,7.5,5316,https://www.imdb.com/title/tt0792966
tt4896168,Bed Rest,Bed Rest,2022,90.0,Drama,5.1,5315,https://www.imdb.com/title/tt4896168
tt0107863,Posse,Posse,1993,111.0,Drama,5.5,5313,https://www.imdb.com/title/tt0107863
tt0420740,A Little Trip to Heaven,A Little Trip to Heaven,2005,98.0,Drama,5.9,5313,https://www.imdb.com/title/tt0420740
tt0901475,Breath,Sum,2007,84.0,Drama,6.9,5312,https://www.imdb.com/title/tt0901475
tt3142958,Water and Fire,Su ve Ates,2013,113.0,Drama,6.1,5310,https://www.imdb.com/title/tt3142958
tt1909827,Red Sheep,Red Sheep,2012,112.0,Drama,6.5,5308,https://www.imdb.com/title/tt1909827
tt0248547,Tholi Prema,Tholi Prema,1998,146.0,Drama,8.3,5305,https://www.imdb.com/title/tt0248547
tt0117924,To Gillian on Her 37th Birthday,To Gillian on Her 37th Birthday,1996,93.0,Drama,5.8,5304,https://www.imdb.com/title/tt0117924
tt0810945,Live!,Live!,2007,96.0,Drama,5.8,5304,https://www.imdb.com/title/tt0810945
tt1267319,Home Movie,Home Movie,2008,77.0,Drama,5.5,5303,https://www.imdb.com/title/tt1267319
tt14967472,Of an Age,Of an Age,2022,100.0,Drama,7.1,5301,https://www.imdb.com/title/tt14967472
tt0095599,Masquerade,Masquerade,1988,91.0,Drama,6.1,5300,https://www.imdb.com/title/tt0095599
tt4238858,The Fits,The Fits,2015,72.0,Drama,6.6,5297,https://www.imdb.com/title/tt4238858
tt0111187,Silent Fall,Silent Fall,1994,101.0,Drama,5.9,5289,https://www.imdb.com/title/tt0111187
tt0279065,Time Out,L'emploi du temps,2001,134.0,Drama,7.3,5289,https://www.imdb.com/title/tt0279065
tt0442268,Be with You,"Ima, ai ni yukimasu",2004,119.0,Drama,7.8,5285,https://www.imdb.com/title/tt0442268
tt0088040,The Holy Innocents,Los santos inocentes,1984,107.0,Drama,8.1,5283,https://www.imdb.com/title/tt0088040
tt0099768,Hidden Agenda,Hidden Agenda,1990,108.0,Drama,6.9,5282,https://www.imdb.com/title/tt0099768
tt0405061,The Eye 2,Gin gwai 2,2004,95.0,Drama,5.7,5281,https://www.imdb.com/title/tt0405061
tt0772176,Christmas Story,Joulutarina,2007,83.0,Drama,7.1,5279,https://www.imdb.com/title/tt0772176
tt0420260,Tony Takitani,Tonî Takitani,2004,75.0,Drama,7.2,5278,https://www.imdb.com/title/tt0420260
tt14301252,Zombies 3,Zombies 3,2022,88.0,Drama,5.4,5276,https://www.imdb.com/title/tt14301252
tt0381682,A Hole in My Heart,Ett hål i mitt hjärta,2004,98.0,Drama,4.4,5274,https://www.imdb.com/title/tt0381682
tt10728764,Nobody Knows I'm Here,Nadie sabe que estoy aquí,2020,91.0,Drama,6.5,5269,https://www.imdb.com/title/tt10728764
tt2272918,Racing Hearts,Flying Home,2014,95.0,Drama,6.1,5265,https://www.imdb.com/title/tt2272918
tt0890885,Saturn in Opposition,Saturno contro,2007,106.0,Drama,6.7,5265,https://www.imdb.com/title/tt0890885
tt0108504,For a Lost Soldier,Voor een verloren soldaat,1992,92.0,Drama,7.5,5262,https://www.imdb.com/title/tt0108504
tt9418878,A Tale of Three Sisters,Kiz Kardesler,2019,108.0,Drama,7.4,5260,https://www.imdb.com/title/tt9418878
tt0337881,Blind Horizon,Blind Horizon,2003,99.0,Drama,5.5,5255,https://www.imdb.com/title/tt0337881
tt2118648,Handling the Undead,Håndtering av udøde,2024,97.0,Drama,5.3,5244,https://www.imdb.com/title/tt2118648
tt8282042,Donbass,Donbass,2018,122.0,Drama,6.6,5241,https://www.imdb.com/title/tt8282042
tt1002567,Hansel and Gretel,Henjel gwa Geuretel,2007,117.0,Drama,6.6,5231,https://www.imdb.com/title/tt1002567
tt0339707,Song for a Raggy Boy,Song for a Raggy Boy,2003,94.0,Drama,7.5,5231,https://www.imdb.com/title/tt0339707
tt33337007,Fussclass Dabhade,Fussclass Dabhade,2025,156.0,Drama,7.1,5231,https://www.imdb.com/title/tt33337007
tt14034294,Vanished Into the Night,Svaniti nella notte,2024,92.0,Drama,5.2,5228,https://www.imdb.com/title/tt14034294
tt1319569,Home,Home,2008,98.0,Drama,6.9,5223,https://www.imdb.com/title/tt1319569
tt3200980,Where Hope Grows,Where Hope Grows,2014,95.0,Drama,6.7,5222,https://www.imdb.com/title/tt3200980
tt2260850,4 Moons,Cuatro lunas,2014,110.0,Drama,7.4,5220,https://www.imdb.com/title/tt2260850
tt16915972,Satan's Slaves 2: Communion,Pengabdi Setan 2: Communion,2022,119.0,Drama,6.7,5213,https://www.imdb.com/title/tt16915972
tt2069715,Anadolu Kartallari,Anadolu Kartallari,2011,120.0,Drama,6.2,5211,https://www.imdb.com/title/tt2069715
tt7545566,Skate Kitchen,Skate Kitchen,2018,106.0,Drama,6.8,5209,https://www.imdb.com/title/tt7545566
tt0760188,When Nietzsche Wept,When Nietzsche Wept,2007,105.0,Drama,6.4,5207,https://www.imdb.com/title/tt0760188
tt3530978,Correspondence,La corrispondenza,2016,122.0,Drama,6.1,5206,https://www.imdb.com/title/tt3530978
tt2901736,Ilo Ilo,Ilo Ilo,2013,99.0,Drama,7.2,5205,https://www.imdb.com/title/tt2901736
tt6083230,Little Forest,Liteul poleseuteu,2018,103.0,Drama,7.3,5203,https://www.imdb.com/title/tt6083230
tt10914452,The Binding,Il legame,2020,93.0,Drama,4.8,5203,https://www.imdb.com/title/tt10914452
tt0119125,Firelight,Firelight,1997,103.0,Drama,7.2,5203,https://www.imdb.com/title/tt0119125
tt0367000,House of Voices,Saint Ange,2004,98.0,Drama,5.0,5202,https://www.imdb.com/title/tt0367000
tt36741457,The Big Fake,Il falsario,2025,116.0,Drama,6.6,5198,https://www.imdb.com/title/tt36741457
tt1470024,"Tuesday, After Christmas","Marti, dupa Craciun",2010,99.0,Drama,6.9,5196,https://www.imdb.com/title/tt1470024
tt0080397,From the Life of the Marionettes,Aus dem Leben der Marionetten,1980,104.0,Drama,7.2,5195,https://www.imdb.com/title/tt0080397
tt0221559,On the Edge,On the Edge,2001,85.0,Drama,6.9,5193,https://www.imdb.com/title/tt0221559
tt1483753,Pure,Till det som är vackert,2010,97.0,Drama,6.9,5190,https://www.imdb.com/title/tt1483753
tt3739110,The Yellow Birds,The Yellow Birds,2017,94.0,Drama,5.8,5188,https://www.imdb.com/title/tt3739110
tt13323118,The Wasteland,El páramo,2021,92.0,Drama,4.6,5188,https://www.imdb.com/title/tt13323118
tt11087960,Playground,Un monde,2021,72.0,Drama,7.3,5186,https://www.imdb.com/title/tt11087960
tt2923088,The Windmill,The Windmill Massacre,2016,85.0,Drama,4.9,5173,https://www.imdb.com/title/tt2923088
tt0981352,The Messenger,Ulak,2008,109.0,Drama,6.7,5170,https://www.imdb.com/title/tt0981352
tt5586362,The Maus,The Maus,2017,90.0,Drama,4.4,5163,https://www.imdb.com/title/tt5586362
tt1977739,Call Girl,Call Girl,2012,140.0,Drama,6.5,5159,https://www.imdb.com/title/tt1977739
tt4526546,Edge of Winter,Edge of Winter,2016,89.0,Drama,5.4,5159,https://www.imdb.com/title/tt4526546
tt2474310,Land of Storms,Viharsarok,2014,105.0,Drama,6.8,5156,https://www.imdb.com/title/tt2474310
tt1224366,Afterschool,Afterschool,2008,120.0,Drama,6.0,5156,https://www.imdb.com/title/tt1224366
tt0119908,Poison Ivy: The New Seduction,Poison Ivy: The New Seduction,1997,95.0,Drama,4.8,5150,https://www.imdb.com/title/tt0119908
tt0307873,Raaz,Raaz,2002,151.0,Drama,6.6,5149,https://www.imdb.com/title/tt0307873
tt0208606,The Third Page,Üçüncü Sayfa,1999,92.0,Drama,7.3,5145,https://www.imdb.com/title/tt0208606
tt1130088,Is Anybody There?,Is Anybody There?,2008,94.0,Drama,6.6,5143,https://www.imdb.com/title/tt1130088
tt15850662,The Whole Truth,The Whole Truth,2021,125.0,Drama,5.3,5140,https://www.imdb.com/title/tt15850662
tt6104206,Jackals,Jackals,2017,85.0,Drama,4.9,5135,https://www.imdb.com/title/tt6104206
tt18353064,Chokehold,Boga Boga,2023,112.0,Drama,5.7,5134,https://www.imdb.com/title/tt18353064
tt24070754,All Your Faces,Je verrai toujours vos visages,2023,118.0,Drama,7.5,5131,https://www.imdb.com/title/tt24070754
tt9410034,The Last Bus,The Last Bus,2021,86.0,Drama,6.6,5131,https://www.imdb.com/title/tt9410034
tt0385751,The Ketchup Effect,Hip hip hora!,2004,90.0,Drama,5.4,5130,https://www.imdb.com/title/tt0385751
tt6547786,Life Like,Life Like,2019,95.0,Drama,5.4,5127,https://www.imdb.com/title/tt6547786
tt5314118,Journeyman,Journeyman,2017,92.0,Drama,7.0,5127,https://www.imdb.com/title/tt5314118
tt0488380,Closing the Ring,Closing the Ring,2007,118.0,Drama,6.5,5122,https://www.imdb.com/title/tt0488380
tt1230215,Not Fade Away,Not Fade Away,2012,112.0,Drama,6.0,5122,https://www.imdb.com/title/tt1230215
tt0309291,Blue Spring,Aoi haru,2001,83.0,Drama,7.2,5119,https://www.imdb.com/title/tt0309291
tt21250176,Re/Member,Re/Member,2022,102.0,Drama,5.2,5109,https://www.imdb.com/title/tt21250176
tt3463938,Haunting of the Queen Mary,Haunting of the Queen Mary,2023,114.0,Drama,4.1,5106,https://www.imdb.com/title/tt3463938
tt0112365,Angels and Insects,Angels and Insects,1995,116.0,Drama,6.8,5102,https://www.imdb.com/title/tt0112365
tt8359822,Young Ahmed,Le jeune Ahmed,2019,85.0,Drama,6.6,5101,https://www.imdb.com/title/tt8359822
tt17632818,Kooman,Kooman,2022,153.0,Drama,7.3,5097,https://www.imdb.com/title/tt17632818
tt34548722,Sore: A Wife from the Future,Sore: Istri dari Masa Depan,2025,119.0,Drama,7.6,5097,https://www.imdb.com/title/tt34548722
tt0833960,Gardens of the Night,Gardens of the Night,2008,110.0,Drama,6.7,5091,https://www.imdb.com/title/tt0833960
tt0094868,Chocolat,Chocolat,1988,105.0,Drama,7.3,5091,https://www.imdb.com/title/tt0094868
tt6662736,What They Had,What They Had,2018,101.0,Drama,6.7,5090,https://www.imdb.com/title/tt6662736
tt0388838,Clean,Clean,2004,90.0,Drama,6.8,5089,https://www.imdb.com/title/tt0388838
tt3114132,10.000 Km,10.000 Km,2014,99.0,Drama,6.6,5089,https://www.imdb.com/title/tt3114132
tt10443846,Yeh Saali Aashiqui,Yeh Saali Aashiqui,2019,137.0,Drama,7.8,5088,https://www.imdb.com/title/tt10443846
tt3781762,1915,1915,2015,82.0,Drama,3.6,5087,https://www.imdb.com/title/tt3781762
tt4613272,Kaili Blues,Lu bian ye can,2015,113.0,Drama,7.3,5087,https://www.imdb.com/title/tt4613272
tt9320140,The Man with the Answers,The Man with the Answers,2021,80.0,Drama,6.8,5086,https://www.imdb.com/title/tt9320140
tt6652708,God's Not Dead: A Light in Darkness,God's Not Dead: A Light in Darkness,2018,105.0,Drama,4.5,5081,https://www.imdb.com/title/tt6652708
tt11586384,Masking Threshold,Masking Threshold,2021,90.0,Drama,5.6,5081,https://www.imdb.com/title/tt11586384
tt4003046,Incir Reçeli 2,Incir Reçeli 2,2014,103.0,Drama,6.0,5075,https://www.imdb.com/title/tt4003046
tt1048174,The World Unseen,The World Unseen,2007,93.0,Drama,6.5,5075,https://www.imdb.com/title/tt1048174
tt0163676,The in Crowd,The In Crowd,2000,105.0,Drama,4.7,5067,https://www.imdb.com/title/tt0163676
tt13829262,Rubikon,Rubikon,2022,110.0,Drama,5.0,5065,https://www.imdb.com/title/tt13829262
tt0119626,Martín (Hache),Martín (Hache),1997,123.0,Drama,7.6,5064,https://www.imdb.com/title/tt0119626
tt0286516,Respiro,Respiro,2002,90.0,Drama,7.0,5062,https://www.imdb.com/title/tt0286516
tt1330018,The Book of Love,The Devil and the Deep Blue Sea,2016,106.0,Drama,6.0,5060,https://www.imdb.com/title/tt1330018
tt0084422,The Night of the Shooting Stars,La notte di San Lorenzo,1982,107.0,Drama,7.2,5059,https://www.imdb.com/title/tt0084422
tt11001074,Rust,Rust,2024,139.0,Drama,5.8,5058,https://www.imdb.com/title/tt11001074
tt0329393,Mr. and Mrs. Iyer,Mr. and Mrs. Iyer,2002,120.0,Drama,7.9,5054,https://www.imdb.com/title/tt0329393
tt8689290,The Alpines,The Alpines,2021,93.0,Drama,4.4,5047,https://www.imdb.com/title/tt8689290
tt0211492,The Luzhin Defence,The Luzhin Defence,2000,109.0,Drama,6.8,5044,https://www.imdb.com/title/tt0211492
tt1826603,Asmaa,Asmaa,2011,96.0,Drama,8.1,5041,https://www.imdb.com/title/tt1826603
tt2429640,Murder 3,Murder 3,2013,124.0,Drama,5.1,5039,https://www.imdb.com/title/tt2429640
tt5996202,The Net,Geumul,2016,114.0,Drama,7.4,5038,https://www.imdb.com/title/tt5996202
tt0328844,The Inheritance,Arven,2003,115.0,Drama,7.2,5037,https://www.imdb.com/title/tt0328844
tt3480886,Ma ma,Ma ma,2015,111.0,Drama,6.4,5037,https://www.imdb.com/title/tt3480886
tt3328716,Paper Planes,Paper Planes,2014,96.0,Drama,6.2,5028,https://www.imdb.com/title/tt3328716
tt0118852,Chinese Coffee,Chinese Coffee,2000,99.0,Drama,7.0,5028,https://www.imdb.com/title/tt0118852
tt9789686,The Blonde One,Un rubio,2019,108.0,Drama,7.3,5022,https://www.imdb.com/title/tt9789686
tt7461372,The Dawn,The Dawn,2019,90.0,Drama,3.3,5021,https://www.imdb.com/title/tt7461372
tt0263725,Me Without You,Me Without You,2001,107.0,Drama,6.7,5021,https://www.imdb.com/title/tt0263725
tt4765240,Astral,Astral,2018,83.0,Drama,4.6,5020,https://www.imdb.com/title/tt4765240
tt1764141,Cairo 678,678,2010,100.0,Drama,7.4,5016,https://www.imdb.com/title/tt1764141
tt0794374,Summer Palace,Yi He Yuan,2006,158.0,Drama,7.2,5015,https://www.imdb.com/title/tt0794374
tt17521612,Starve Acre,Starve Acre,2023,98.0,Drama,5.5,5014,https://www.imdb.com/title/tt17521612
tt0119576,Another 9½ Weeks,Love in Paris,1997,105.0,Drama,3.0,5013,https://www.imdb.com/title/tt0119576
tt2245151,Supremacy,Supremacy,2014,110.0,Drama,5.7,5009,https://www.imdb.com/title/tt2245151
tt0456340,Chaotic Ana,Caótica Ana,2007,118.0,Drama,6.3,5009,https://www.imdb.com/title/tt0456340
tt1368858,The Forger,The Forger,2012,94.0,Drama,5.3,5007,https://www.imdb.com/title/tt1368858
tt3270108,Jackie & Ryan,Jackie & Ryan,2014,90.0,Drama,5.9,5004,https://www.imdb.com/title/tt3270108
tt19864832,La Cocina,La cocina,2024,139.0,Drama,7.0,5003,https://www.imdb.com/title/tt19864832
tt3544218,Belgica,Belgica,2016,127.0,Drama,6.7,5001,https://www.imdb.com/title/tt3544218
